id,label
11439,0
24565,0
27356,0
29515,0
14213,0
38338,0
13395,0
34057,0
49640,0
45442,0
20663,0
10313,0
918,0
46277,0
50711,0
17379,0
13258,1
25854,0
18307,0
16490,0
3241,0
2053,0
49283,0
36693,1
1374,0
52432,0
32924,1
38014,0
47937,0
26334,0
16252,0
51617,1
47180,1
10719,0
19955,1
7685,0
43541,0
30230,0
41083,0
30176,0
46029,0
52726,0
14515,0
23374,0
18812,0
32652,0
28395,0
51536,0
14362,0
38339,0
35154,0
23676,0
44233,0
32800,1
28161,0
28978,1
4212,0
21590,1
24838,1
11945,0
29073,0
32,0
52940,0
43395,0
8071,0
8168,1
50138,0
51267,0
34210,0
22792,0
27071,0
45490,0
8489,0
33657,0
53153,1
5919,0
20757,0
7533,0
27000,0
20389,0
34885,0
18804,0
7655,0
40935,0
21707,0
14828,1
17241,0
14116,0
10577,0
16032,0
13898,0
33402,0
11247,0
32154,1
10281,0
24849,0
23990,0
15093,0
42566,1
17202,0
41736,0
21310,0
29711,0
49250,1
13627,1
5683,0
1904,0
46313,0
53309,0
1891,0
17757,0
3906,0
3981,0
3843,0
38635,0
45145,0
35480,1
24635,0
966,0
31207,0
30109,0
39652,1
38748,1
316,0
49003,0
43303,0
488,0
13581,1
5421,0
18091,0
2020,0
37775,0
6667,0
52734,1
9042,0
10334,0
29411,0
31178,0
48269,0
26314,1
725,1
678,1
18752,0
2302,1
11835,0
52225,0
20298,0
41396,0
34047,1
27036,0
10031,0
50663,0
10973,0
36795,0
17544,0
29655,0
47368,1
53283,1
5201,0
16247,0
45830,1
34418,1
16868,0
3628,0
10568,0
65,0
41023,0
27140,0
16114,1
40545,0
47282,0
48543,0
19976,0
16922,0
39514,0
28785,1
20145,1
10542,0
52049,0
13358,0
30586,0
26568,0
15953,0
26465,1
28614,0
22255,0
48967,0
9436,0
30182,1
40994,0
26646,0
11389,0
33574,0
23980,0
20829,0
30719,0
48684,0
14903,0
13113,0
48169,1
40373,0
22650,0
11458,0
12265,0
12107,0
36569,0
7169,0
49373,1
19305,1
11125,0
49988,0
27507,0
42412,0
26649,0
17124,0
52985,0
46184,0
5092,0
31040,0
12908,0
27780,0
51634,0
27103,0
25189,1
46512,1
43175,0
1384,1
19402,1
20246,0
16041,0
15022,0
43321,1
21834,0
28341,0
40050,0
50789,0
52553,0
35666,0
19044,0
36339,0
10462,1
30790,0
20048,0
7548,1
46674,0
18028,0
8411,0
53044,0
36727,1
47322,0
13027,0
17701,0
5974,0
50446,0
22884,0
42280,0
30638,0
9950,0
12139,1
41104,1
30335,0
46848,0
37368,0
10377,0
35034,1
13040,0
41377,1
14792,0
20949,0
49131,0
50255,1
42693,0
53033,0
4460,0
44851,0
38131,0
5262,0
37150,0
25850,1
37171,0
7753,0
15143,0
47234,1
3908,0
47397,1
31272,0
52925,0
32285,0
18589,0
35368,0
38394,1
13484,0
39962,0
22916,1
36781,0
33094,0
43665,0
47685,1
38388,0
27158,0
7460,0
32931,0
20198,0
36933,0
44594,0
25692,0
23475,0
13288,0
26616,0
53054,0
26519,0
52103,0
10551,0
17877,1
6166,0
33323,0
52915,0
22768,0
6153,0
16819,0
46827,0
45139,0
13608,1
20747,0
5423,1
16880,0
25711,1
30507,1
18866,1
23086,1
43958,1
1924,0
48714,0
49632,0
12483,0
24887,0
12430,0
38913,0
1101,0
24757,1
31771,1
1255,0
44739,0
27299,0
48075,0
40255,0
7841,0
12146,1
661,1
47024,0
8938,0
40082,0
19346,1
53320,0
50489,0
30126,0
23021,0
35491,0
22668,0
34644,1
17678,0
37068,0
53374,0
29994,1
44885,0
48284,0
32846,0
17529,0
9738,0
35275,1
5512,0
6558,0
86,0
20591,0
47315,0
16050,0
46796,0
47886,0
2173,0
51291,1
52421,0
47734,0
2468,0
47786,0
6062,0
42019,1
15689,0
6391,0
28175,0
22535,0
16987,0
11861,0
17134,0
48741,0
18687,0
7625,1
23017,0
44804,1
17834,1
16536,0
45316,0
16491,0
12446,0
36903,1
12155,0
47074,0
25526,1
36189,0
23900,1
11426,0
23026,0
47567,0
22042,1
26594,0
26076,0
38024,1
9332,0
26119,0
8321,0
20789,1
37874,0
10778,0
47912,0
24553,0
30797,1
11800,0
19767,0
14586,0
30609,0
38491,1
27814,0
35054,0
38001,0
8652,0
20609,0
36476,1
10503,0
22686,0
23246,0
29491,0
11453,0
21839,1
28235,1
53482,1
21797,0
43978,0
36633,0
40019,0
22974,0
15244,1
24630,1
27019,0
42334,0
6811,0
4131,0
2689,1
42362,1
17389,1
10548,0
6928,0
10642,0
8114,1
42876,0
50481,0
34959,0
47825,0
14999,1
52683,1
13467,0
44217,1
6028,0
44755,0
27323,0
22485,0
31376,0
51232,0
47952,0
30428,0
40696,0
51640,0
49026,0
14632,0
20787,0
23445,0
48617,1
16376,0
40840,1
10930,1
33306,0
31432,0
22944,0
17053,0
32489,0
26877,1
43441,0
52240,0
7261,0
9829,0
29573,0
12372,0
6706,0
46350,0
52069,0
11228,0
42420,0
51998,0
31834,0
23105,0
53908,0
44926,0
32733,0
25481,0
53718,0
29079,0
34497,0
40097,0
7162,0
13968,0
12447,0
13432,0
20436,0
45299,0
32063,0
48629,0
31802,0
10183,0
39567,0
20935,1
1086,1
18904,0
26674,1
45381,1
45965,0
45015,0
34786,1
43184,0
40772,0
24597,0
3959,1
11650,0
5673,0
19386,1
48579,0
3358,1
32464,1
34865,0
38414,0
42472,0
48299,0
11795,0
7853,0
27358,0
36711,1
52143,0
8127,0
38398,0
17435,0
48085,0
45935,0
52512,0
47203,1
26205,0
30226,0
4767,1
28458,1
28818,1
20464,0
48782,0
3239,0
15779,0
32616,0
28378,0
2185,0
37726,0
26356,1
50218,0
24466,0
24061,0
31472,0
27286,0
42973,0
44225,0
40156,0
6375,0
50959,0
19970,1
19919,0
6968,1
45373,0
20392,0
3993,0
31893,0
36190,0
40291,0
53387,0
2106,0
7472,0
11967,1
34484,0
47768,0
38641,0
23040,0
40918,0
48262,0
33477,1
22856,0
9578,0
35092,0
42785,0
32563,1
16548,1
8290,1
21993,0
3341,0
10033,0
34197,1
34225,0
30538,0
17021,0
10124,0
652,0
23256,1
46061,0
45563,1
527,0
25602,0
2120,0
419,1
12979,0
48313,0
24111,1
38144,0
36474,0
1608,0
1582,0
35726,0
15028,1
16432,0
14615,0
30889,0
27850,0
43223,0
9191,0
44564,1
50880,1
18039,1
24172,0
36996,0
48237,0
10117,0
30072,1
11868,0
25049,1
35107,0
8896,0
51361,0
23349,0
44398,0
18895,0
13601,0
38330,0
36943,0
30399,0
5696,0
8554,0
35160,0
3835,1
16486,0
51503,0
9800,0
10401,0
7577,0
32861,0
30387,0
16508,0
37406,0
28041,0
27322,0
38400,0
20194,0
29913,1
35664,0
1769,1
16710,0
47737,0
22438,1
48546,1
1997,0
19541,0
38250,0
220,0
6672,1
18915,1
34234,0
5415,1
34153,1
48427,0
43839,1
47562,0
53498,1
25316,0
49380,0
50986,1
20825,1
3038,0
14333,1
26377,0
18008,0
51544,1
3446,0
4797,0
25088,1
45453,0
40770,1
14175,0
23850,0
20722,0
28471,0
7558,0
4402,0
44726,0
23631,0
31108,1
848,0
11677,0
46462,0
52863,0
18362,0
17506,0
5568,0
10042,0
28201,0
28660,0
50045,1
16632,0
50928,0
15493,0
21704,0
22286,0
46259,0
38006,0
22636,0
15640,1
28349,0
32545,0
18697,0
48976,0
106,0
37711,0
46083,0
52215,0
40530,0
6291,0
1427,0
48308,0
27521,1
30492,1
36322,0
51890,0
46813,0
46900,0
22410,0
19191,0
27659,1
16230,0
44312,1
2050,0
22647,0
47222,0
28658,0
52337,0
46799,1
43015,0
34818,0
31813,0
6548,0
22367,0
10786,0
11207,1
10639,1
13108,1
37220,0
6053,1
22073,1
45650,1
47782,0
11570,0
18909,0
5884,0
50528,0
1804,0
368,0
5830,1
44332,0
6185,0
2135,0
20806,0
26415,1
41120,0
19423,0
40560,1
15445,0
2083,0
47636,0
43025,0
18948,0
32254,0
19778,0
19131,0
20556,0
15887,0
46328,0
40729,0
23020,0
8807,1
52519,0
53189,1
13707,1
16326,0
15199,0
40611,0
46720,0
30932,0
28789,0
7467,0
16288,0
45691,0
14896,1
40722,0
19,0
52692,0
49446,0
43330,1
49168,0
47880,0
14819,0
50865,0
17731,0
31625,0
7280,0
40807,0
9229,0
15593,1
15020,0
24954,1
29040,0
52448,0
7176,0
13773,0
12315,0
46980,0
35927,0
20022,0
2875,0
27844,0
3849,0
6684,0
26304,0
53922,0
19394,0
16989,0
30234,1
6568,0
3666,1
50504,0
9132,0
21343,0
27620,0
16874,0
52008,0
45769,0
8108,1
17155,0
18629,0
25364,1
6481,0
43694,1
49633,0
44400,0
14956,0
2744,0
10004,0
20090,1
36745,1
52782,0
13876,0
32531,0
47536,0
45590,0
29558,0
40333,0
5634,0
9685,0
11114,0
36308,0
41698,0
18702,1
22553,0
14583,0
6604,0
41745,0
30783,0
32365,0
79,1
40929,0
9215,0
30385,0
46985,0
28520,0
43774,0
2584,0
41713,0
5686,0
23216,1
2014,0
2737,0
51735,0
50831,1
13690,0
42490,0
1355,0
4389,0
45304,0
36834,0
13363,0
4575,0
53262,0
15548,0
15755,0
24361,0
12290,0
30003,0
33862,1
26640,0
13476,0
34683,0
53493,0
45844,0
39615,0
10076,1
25291,0
6999,0
1712,0
24038,0
43526,1
10948,1
20796,0
20874,0
52066,0
24859,0
23357,0
32234,0
22313,0
8562,0
44917,0
15583,0
7332,0
32812,1
14630,1
2890,1
21337,0
18190,0
17967,0
14772,1
15310,0
39495,0
36300,1
2670,0
47638,1
35256,1
47413,0
51622,1
36606,0
2907,0
17748,0
10307,0
3514,0
15585,0
13243,0
24599,0
1172,0
49921,0
5484,1
25120,0
24600,0
31017,0
52022,0
11176,0
14437,0
46701,0
30022,1
29719,1
5207,0
41031,0
826,1
7118,0
43005,0
38674,1
34812,0
28569,1
16683,0
7397,0
41896,0
2540,0
29426,0
37035,0
47867,1
24729,0
28270,0
27639,0
38130,0
51812,0
50195,1
33918,0
10566,0
24026,1
21533,1
19630,1
13978,0
33135,0
8785,0
17087,0
33366,0
46467,0
39865,0
3694,0
13427,0
48667,1
50594,0
18971,0
26484,0
11018,0
4451,0
11024,0
12614,0
37197,0
52414,0
5816,0
41542,0
52695,0
25095,0
12912,1
29158,0
47662,1
23347,0
31307,0
49998,1
38754,0
38252,0
29904,0
33176,0
52579,0
25008,0
46240,0
38470,0
35609,0
16927,1
38240,0
10210,0
6867,0
42123,0
21508,0
40277,0
27838,0
45767,0
40055,0
49725,0
37707,1
44826,0
38312,0
21957,0
13410,0
3499,0
29828,0
16167,0
6507,0
26714,0
38167,0
37467,1
249,0
25800,1
22281,0
34211,0
52607,0
5788,0
16771,0
34937,0
27236,0
9864,0
2648,0
35268,1
10898,0
8619,0
26087,0
11963,0
35858,0
33349,0
28016,1
20725,1
51011,0
43882,1
18183,0
44295,0
14108,0
12929,0
28645,0
2510,0
51776,0
10904,0
47542,1
52031,1
31184,1
15977,0
32041,0
469,0
6756,0
3968,0
14125,0
52292,0
35346,0
26617,0
22881,1
36214,0
7257,0
17974,0
37776,1
28505,0
22852,0
10612,0
19756,0
21557,0
52825,0
13336,0
28682,0
11251,0
4490,0
15056,0
22256,0
41193,0
18818,1
42808,0
24460,0
40322,0
15764,0
41928,0
44672,0
18166,0
23530,0
22518,0
26260,0
21736,0
6700,0
16220,0
41615,0
44717,0
14912,0
25404,1
13919,0
35495,0
18219,0
20593,0
7042,0
36874,0
31541,1
46426,1
3213,0
52166,0
29512,0
31114,0
39847,0
33623,0
2348,0
24514,0
12253,0
35692,0
14963,0
41936,0
15532,0
4494,0
11244,0
18087,0
14700,1
35773,0
2416,1
29484,0
802,0
50453,0
29652,0
48626,0
11937,0
43078,0
53654,0
31825,0
52941,1
12960,0
52720,0
36909,0
27388,1
35359,1
33697,1
42133,1
13355,0
23131,0
45344,0
28934,0
28846,0
20606,0
8264,0
53341,0
6264,0
34200,0
3547,0
50414,0
5127,0
7914,0
5448,0
46003,0
25454,1
33787,1
2411,0
14652,0
35035,0
8791,0
2543,0
19489,0
47726,0
52696,0
21193,0
34781,1
14271,0
18303,1
16030,0
4815,0
43565,0
12648,0
14182,1
13563,0
6993,1
39203,0
27524,1
28241,0
31582,0
32980,0
19920,0
32609,0
20230,0
12103,1
32777,0
15174,1
14253,0
7289,0
7271,0
4508,0
2759,0
23336,0
13014,0
17070,0
53172,0
23127,1
29383,0
42956,0
8649,1
51611,1
12375,0
42289,0
6994,0
34188,0
52265,0
45621,1
51537,0
6403,0
21626,0
23110,0
11301,1
11549,0
15236,0
14901,0
8412,0
33520,1
41573,1
16299,0
889,0
18551,0
44239,0
28725,0
4375,0
46823,0
1592,0
7333,0
34776,0
39739,0
18051,0
22392,0
33986,0
8509,0
25582,0
5124,0
45307,0
11158,0
1444,0
25872,0
9421,0
52142,0
14929,0
39587,0
8594,0
10573,0
2087,0
44957,1
33870,0
2127,0
39071,0
27415,0
36548,0
467,0
36377,0
9260,0
34768,0
37678,0
38493,0
13829,0
41831,0
8103,1
10018,1
45411,0
41681,1
25361,0
52311,1
41898,1
18154,0
21586,0
35695,0
19774,0
12049,0
29274,0
6356,0
33221,0
21148,0
10049,0
40184,1
39076,0
17567,0
21564,1
21977,1
4400,0
9246,0
9369,0
48255,1
20507,0
18047,0
18554,1
26988,0
51888,1
1233,0
17460,0
40028,0
25768,0
35930,0
33999,0
29979,0
51003,0
15726,0
20153,0
12917,0
22763,0
5562,0
41568,1
52888,1
30258,0
38611,0
14719,1
44991,1
17323,1
10369,0
44633,0
28448,0
43032,1
17287,0
38254,0
25300,0
7775,0
25950,1
13933,1
21440,0
42386,1
51854,1
17249,0
31021,0
41541,0
11706,1
42332,0
34259,0
13977,0
32372,0
31482,0
44961,0
10792,0
48470,0
18730,0
53349,0
51928,0
34370,1
48005,0
30998,0
4781,1
3544,0
29478,0
40686,0
29574,0
11314,0
6108,0
19130,0
982,0
22680,0
5509,0
4723,0
555,0
27797,0
989,0
8994,1
4966,1
5051,0
32967,0
18347,0
3771,0
41969,0
36832,1
52509,0
23467,0
39040,0
47756,1
42687,0
20557,0
49901,0
43388,1
19974,1
31050,0
15383,0
41475,0
32941,0
7491,0
50606,0
37824,0
25861,0
7916,0
12560,0
47949,0
50862,0
35475,1
31597,0
35350,0
10882,0
42809,0
49401,0
45776,0
27550,0
3152,0
22202,0
44254,0
43666,0
19719,0
46694,0
22239,0
38564,0
50823,0
2980,0
45581,1
10515,0
8712,0
36102,0
30740,0
30052,0
14282,0
30314,0
8930,0
30482,0
32589,0
52250,0
31203,1
30329,0
47736,1
46530,0
39259,0
48668,0
46607,0
8666,1
29859,0
10677,1
1909,0
47187,1
1962,0
19168,0
2283,1
18045,0
31718,1
46443,0
532,1
3928,0
36490,0
4507,1
15719,0
31538,0
18026,1
10248,0
26953,0
35326,0
19377,0
26411,1
50896,0
24464,0
3026,0
34332,0
7592,0
28097,0
32361,1
36411,0
35194,0
11432,0
14036,0
51159,1
8629,0
43738,1
6931,0
33473,0
22697,0
19880,1
18705,1
52609,0
42315,1
44087,0
38371,0
53406,0
41988,1
39692,0
3247,1
17561,0
43362,0
3174,0
26752,0
12649,0
53847,0
33405,0
17938,0
41446,1
29982,1
17854,0
7119,1
33902,0
32157,1
47464,0
49810,0
40498,0
26245,0
9172,0
52816,1
22630,0
28287,0
6175,0
9216,0
34502,0
23821,0
20058,0
38712,0
613,0
11746,0
28609,0
52555,0
43521,0
49817,0
43699,0
581,0
50144,0
28796,0
19123,0
26962,0
48014,1
38744,0
17398,0
9511,0
52185,0
43970,1
52048,0
48415,0
12802,1
53274,1
36217,0
48839,0
1417,0
9872,1
22459,1
40274,0
13111,0
27204,0
22946,1
32301,1
40111,0
9836,1
4253,0
37798,0
28588,1
52040,0
50758,0
42900,0
44604,0
24847,1
48181,1
50418,0
45973,0
8693,0
47015,0
16876,0
25581,0
33016,0
5055,1
22305,0
30528,1
23552,0
20281,0
30115,1
8174,0
21659,0
44659,1
49378,0
14574,0
44673,0
45335,0
7284,0
12597,0
30903,0
4637,0
34983,0
41009,1
29191,0
27906,0
45622,0
30980,0
7313,1
6005,1
48774,0
47815,1
45134,0
52929,0
15283,0
42884,0
21534,0
15983,0
49755,1
43425,0
44026,0
38691,0
19657,0
18933,0
48413,0
27600,1
20515,0
42101,0
27240,0
42851,0
18139,0
43827,0
42517,1
14117,0
19662,0
21535,0
6614,0
32127,0
25405,0
17585,0
24207,0
53624,0
30014,0
53707,1
47399,1
13582,1
5625,1
7687,0
44719,0
39247,1
46929,0
41110,0
30550,0
2452,1
43502,0
17996,0
9239,0
45462,0
45519,0
8068,1
44786,0
15543,0
38808,0
12082,0
19404,0
14121,1
19024,0
20938,1
13103,1
11517,0
6047,0
3202,0
32139,0
15763,0
49281,0
958,0
10574,0
870,0
24679,0
42670,0
45818,0
38552,0
14837,0
19057,1
20580,0
11593,0
36812,0
42543,0
14960,0
2609,1
29210,0
38220,0
22808,0
45020,0
7466,1
15875,0
18709,0
29797,0
15373,0
2856,0
23653,0
52595,1
6257,0
40973,0
11169,0
22732,1
31372,0
45198,0
4558,1
17650,0
14883,0
31794,0
35878,0
38449,1
53887,0
17392,0
52122,0
42107,0
48087,0
43918,0
13586,0
11134,0
1611,0
29995,0
17887,0
28991,0
45245,0
7934,0
28107,0
19997,0
27325,0
16705,0
12707,0
38343,0
22812,0
31651,0
14486,0
21652,0
236,0
12631,0
20115,1
42732,0
53852,0
332,0
19136,0
12901,0
21198,0
18178,0
1382,0
19495,0
41801,1
48940,0
5185,0
14590,0
10678,1
773,0
31431,0
51606,1
27674,0
32429,0
47100,0
37997,0
23743,1
642,0
6218,0
2130,0
18336,0
18696,0
22517,0
10879,0
37189,0
25379,0
3313,1
18632,1
10694,0
42295,1
19889,0
47142,0
25499,0
46886,0
50693,0
16915,0
11172,0
43754,0
23613,0
33610,1
43320,1
27283,0
42417,1
21711,1
37126,1
4594,0
35917,0
27697,1
26551,1
45339,1
6754,0
36937,0
17728,1
10970,1
50487,1
39429,1
8999,0
24495,0
47414,0
928,0
37090,0
8742,0
50750,0
48274,1
9666,0
32380,0
6071,0
28031,0
50462,0
13811,1
51180,1
47395,0
5354,1
4579,1
52386,0
23780,0
18399,0
47895,0
45119,0
33548,1
28894,0
52774,0
6873,0
21822,1
28141,1
7717,0
26353,0
16261,1
4661,1
1945,0
7862,1
28939,1
24864,0
5501,1
595,0
421,0
32196,0
10563,0
37760,1
49813,0
27363,0
39287,0
40776,1
21806,0
15119,1
26913,0
8240,0
12147,0
9587,0
23761,1
24780,0
9466,0
41352,1
226,0
26323,0
50214,1
28514,0
35886,0
35516,0
19706,0
8997,0
21510,0
5496,0
15036,0
29563,0
7561,0
37195,0
44234,0
31199,0
32517,0
25493,0
3578,0
36386,0
52800,1
18645,0
21900,0
2864,0
3626,1
52020,0
16644,0
26307,0
23125,0
9876,1
20238,0
32439,0
25779,0
1915,0
2412,0
25681,0
30572,0
53763,0
32421,0
19979,0
49140,0
48261,0
22242,1
33645,0
19367,0
30746,0
35833,0
13150,1
11476,0
50371,0
38788,0
28525,0
16565,0
45364,0
21539,0
35573,0
10570,1
52133,1
40228,0
31629,0
51580,0
10414,0
48863,0
50073,0
12838,0
8886,0
25514,0
53757,0
28559,1
22423,0
40585,0
15456,0
52047,0
17474,0
22152,1
52671,0
49786,0
365,0
9039,0
22393,0
44916,0
42035,0
8337,1
45021,0
34646,0
45926,1
48081,0
44191,0
39215,0
35684,0
33050,0
53575,0
39740,0
20957,1
40900,1
49858,0
20763,0
25806,0
16164,0
17953,0
40740,0
2293,0
6785,0
28560,0
24588,0
10333,0
32599,0
9072,0
23563,0
3633,0
39492,0
26644,1
27890,0
47551,0
7006,1
4173,0
39555,0
10748,0
37618,1
5642,0
26961,0
45679,0
825,0
23361,1
14516,0
10901,1
10749,0
33678,1
4254,0
17152,0
22355,0
32494,0
25233,0
1306,0
45673,0
1231,0
20932,0
29292,0
15060,0
43258,0
26803,1
30634,1
17555,0
28284,0
11682,0
43045,0
14791,0
181,0
10336,0
24704,1
41855,0
34806,0
22056,0
21625,1
251,0
35689,0
48721,0
29474,0
3008,1
39728,1
22112,1
11666,0
32462,0
37124,1
43235,1
37030,0
34345,1
7044,0
32918,0
34579,0
22552,0
20680,0
8572,0
28325,0
36583,1
36199,0
51275,0
5267,0
664,0
14928,1
37284,0
22028,0
14900,0
2820,0
911,0
33626,0
16861,1
31418,0
14594,0
36348,0
2306,0
46244,0
1771,0
48722,0
49261,0
7651,0
20196,1
21925,0
21649,0
7414,0
22993,0
8439,0
48385,0
18070,0
41092,0
41992,0
53023,0
36319,0
24498,0
40372,0
11460,0
12352,0
2235,0
46195,0
11008,0
28416,0
15911,0
39139,0
53765,0
12711,0
47983,0
38836,1
35240,0
37196,1
48642,1
13385,0
33426,1
32381,1
48461,0
10815,1
25688,0
24602,0
21234,0
51513,0
51613,0
10158,0
11423,1
48176,0
39174,1
27352,0
16904,1
35556,0
5176,0
46457,0
48682,0
46580,0
36736,0
22757,0
5565,0
35304,0
9540,0
18043,0
48349,0
13820,0
16116,0
3378,1
12461,0
50821,0
30846,1
23729,0
21333,0
42078,0
37495,0
4699,1
37575,0
28808,0
6069,0
10716,0
2032,0
12538,0
19137,1
14022,1
18719,0
4247,0
43951,0
3321,0
9848,1
42088,0
24314,0
43529,0
21477,0
32690,0
8510,0
38384,0
9293,0
5902,0
10846,1
21171,0
10734,0
5903,1
49994,0
13352,0
11627,0
20474,0
42920,0
22890,0
14093,0
30009,0
30477,0
32250,0
43232,0
31528,0
77,0
3186,0
24278,0
37250,0
17315,0
1049,0
456,0
38059,0
8874,0
17442,0
45045,0
29836,0
32392,1
49656,0
14697,0
50135,0
27065,1
37708,0
44942,0
12075,0
52007,0
8143,0
1123,1
42384,0
25495,0
20179,0
19744,0
30336,0
49322,0
21457,0
6982,0
4618,1
27862,0
25507,0
38257,0
50055,0
6788,0
36186,0
9687,0
42786,1
10858,0
14958,0
6491,0
46263,1
12980,0
41346,0
40969,0
15164,1
35910,0
8449,1
36842,0
44414,1
53677,0
37070,0
17669,0
46238,0
29287,0
7090,0
12671,1
16347,0
41286,0
5298,0
10963,1
32669,0
7670,0
17044,0
51885,1
35348,0
33434,0
888,0
30767,1
46169,0
1019,0
15438,0
17619,0
3348,0
39244,0
30987,0
32613,0
137,0
19205,0
37862,1
41634,0
4474,0
26387,0
16494,0
52538,0
37701,0
41877,0
7242,1
2294,0
12505,0
37317,0
14851,0
49699,0
51756,0
16234,1
18278,0
18974,0
17683,0
27828,1
50853,0
11001,1
49620,0
9133,0
53240,0
4325,0
43847,0
9324,0
18927,0
40555,0
17577,0
53265,0
29423,1
25177,0
30780,0
3799,0
52097,0
53162,0
16803,0
8083,0
47501,0
48238,0
8211,0
47686,1
23575,0
47606,1
51186,0
32556,0
53413,0
12186,0
17693,0
13539,0
15114,0
34800,0
15046,0
39951,0
20220,1
46835,0
30478,1
30739,0
24070,0
37093,0
34995,0
38089,0
31595,1
7184,0
20883,0
5258,0
30298,0
1655,0
17563,1
20323,0
48248,1
45554,0
47944,0
38433,0
6277,0
27499,0
18965,0
18690,0
14407,0
41809,1
3890,0
27317,1
26003,0
518,0
18602,1
277,0
8020,0
36005,1
4162,0
40002,1
50471,0
12579,0
40853,1
2756,0
12556,0
26846,0
4839,0
8428,0
5291,0
53038,0
13655,0
36092,0
4576,0
51463,0
22645,0
8478,0
46802,0
42500,0
37454,0
43911,0
20659,0
42892,0
19232,0
26434,0
17292,0
27074,0
49872,1
50775,0
28058,1
43438,0
53729,0
10423,0
95,0
45600,1
47608,1
41583,0
21769,0
44498,0
32895,1
14505,0
42854,1
26275,0
38829,0
52492,1
23978,0
18502,1
4436,0
33707,1
21255,0
52871,0
20500,0
14661,0
17651,0
31120,0
8327,0
40815,0
19166,0
9484,1
47449,0
36716,1
35605,0
30437,1
51632,0
4977,0
19523,1
48213,0
41425,0
48988,0
52583,0
50449,0
4780,0
23879,0
45485,0
25090,1
14177,0
33378,0
27803,1
12178,0
33166,0
40818,0
14090,0
5332,0
36753,0
19687,0
34540,1
49767,0
44721,0
3696,0
33794,0
6913,0
7855,0
13006,0
7102,0
13269,0
32192,0
11424,0
26505,1
25031,0
32534,0
12215,0
29394,1
14356,0
28498,1
2956,1
49937,1
46491,0
44814,0
1169,0
51090,0
43189,0
34415,0
16677,0
1591,0
11583,1
41455,0
6600,0
46300,0
26534,1
48918,0
53184,0
46256,0
18718,0
28002,0
15189,1
901,0
41555,0
50165,1
44664,0
1536,0
9600,0
40304,0
17453,0
31598,0
36034,0
31972,0
13148,0
7565,0
12734,1
7153,0
12624,1
1332,0
50289,0
430,0
41860,1
6177,0
30122,1
15357,0
39237,1
48098,1
14231,0
30731,0
14875,0
24037,0
22786,1
46162,0
5037,0
36280,0
29570,1
20640,0
20850,0
44838,0
40173,0
46369,0
35662,0
15809,0
29813,0
28000,0
19896,0
39303,0
588,1
48126,0
30558,0
51792,1
42750,0
4315,0
41124,0
7068,0
5131,1
20947,0
40389,0
25837,0
25555,0
25513,0
46744,1
32168,0
48239,0
47461,0
41358,0
22608,0
42252,0
4300,0
17409,0
5781,0
41270,0
20141,0
43391,0
14566,0
41210,0
51017,0
40514,0
46862,0
19292,0
5750,0
26004,0
21223,0
12652,0
44023,0
41670,0
53938,0
10309,0
23946,0
30350,1
43835,0
480,0
50586,0
49940,0
50079,0
34428,0
3450,0
50688,0
2955,0
43433,0
43790,0
1496,1
14411,0
12413,1
44685,0
36934,0
11565,0
41614,0
31514,0
13532,0
25727,0
47854,0
36927,0
19635,0
19286,0
25370,0
42972,0
33251,0
3184,0
25665,1
26506,0
14174,0
42395,0
37876,0
37074,0
49091,0
34006,0
35999,0
5466,1
6587,0
120,1
4415,0
17494,1
19860,0
27389,0
37697,1
17773,0
15693,0
49204,0
28746,0
11953,0
44572,0
22537,1
42488,0
37540,0
44761,0
27203,0
50285,0
34824,0
2546,0
48749,0
38769,0
19959,0
51141,0
11002,1
9767,0
16224,0
12724,1
29540,0
38650,0
4309,0
5319,0
17735,1
13544,0
8436,0
19280,0
51492,1
12855,0
396,0
6938,0
46096,0
52531,0
14081,0
45219,0
10929,1
49809,0
12040,0
23715,0
51847,0
31146,1
49924,0
5288,0
22489,0
45042,0
39612,1
20348,1
8890,0
16661,0
40665,0
46657,0
7501,0
27747,0
9051,0
7481,0
737,0
50749,0
12250,0
22196,1
51511,0
29536,0
38715,0
4193,1
20095,0
19502,0
39500,1
50231,0
30466,0
52908,0
41314,0
46352,0
33737,0
44637,0
52147,0
50804,0
24550,0
52209,0
35178,0
33653,0
9886,0
35080,0
26441,1
21789,0
21009,1
32296,0
49172,0
34991,0
15601,0
23638,0
13885,0
25011,0
41924,0
37302,0
26253,0
30924,0
18416,0
7562,0
19882,0
8182,0
30379,1
18200,0
33752,0
25491,0
46665,0
28171,0
16795,1
18774,0
49279,0
186,0
10101,1
43782,0
3199,1
25279,0
18901,0
38485,0
31539,0
38378,0
2563,0
41688,0
30293,0
10727,0
38579,0
39770,1
590,0
17942,0
418,0
34009,0
18865,0
29559,1
8910,0
30509,0
42988,0
22185,0
49453,1
48123,0
46438,0
10057,0
25350,0
23531,0
47639,0
42005,0
14776,0
19009,0
2916,0
29176,0
26016,1
5341,0
45738,0
1702,0
47156,0
26945,0
24052,0
30676,1
46292,0
20370,0
463,0
16341,0
22609,0
15962,0
33724,0
32758,0
32963,1
13104,0
19269,0
21225,0
412,0
41665,0
3443,0
23825,0
33122,0
44878,0
44819,1
27975,0
36847,1
16555,1
22500,1
7594,1
8021,1
7621,1
31283,0
31712,0
37309,1
5907,0
31646,0
2529,1
4993,1
24088,0
35864,0
19992,0
29960,0
41252,0
40862,0
34109,0
53529,0
36525,0
13845,0
14418,0
11204,0
12555,0
4323,0
23245,0
29521,1
44139,1
18542,0
40826,0
31553,0
20030,0
23782,0
44623,0
29672,0
2339,0
9410,0
1195,0
9069,1
32713,0
22894,0
12930,0
24815,0
1052,0
42300,0
39424,0
48363,1
21256,0
19963,1
51814,1
23736,0
48047,0
13849,0
41848,0
11110,0
51852,0
49999,0
21385,0
13473,0
587,0
33022,0
8333,0
5072,0
8248,0
4427,1
35205,0
18220,0
21071,0
13920,0
17421,1
6786,0
14902,0
2690,0
21479,1
28023,0
44454,0
51878,0
45081,0
17217,0
29578,1
11405,1
26125,0
39769,0
37503,0
9664,0
9467,0
35320,0
30748,0
1295,0
9071,0
31344,0
8750,1
31570,0
36642,0
12530,1
12744,0
6469,0
12055,0
19098,0
4997,0
4953,0
49007,0
32839,0
27589,0
22529,0
51595,0
22104,0
5553,0
26241,0
32569,0
32445,0
1732,0
12893,0
36966,1
35830,0
44429,0
46871,1
27929,0
23122,0
24998,0
12692,0
1058,0
6500,0
5455,0
22883,0
39252,1
9477,1
16607,0
24126,0
19813,0
33676,0
49291,0
7168,0
28429,0
2905,1
1720,1
1682,0
42400,0
29339,0
2601,0
34035,1
32554,0
49730,0
51654,0
35888,0
35757,0
42849,0
23640,0
37850,0
30515,1
21611,0
1121,1
14278,0
32121,0
26994,0
4443,0
7682,0
10126,0
10396,0
7935,0
49655,0
11401,0
5125,1
25550,0
5442,0
44159,0
8676,0
34921,0
51079,1
32084,0
29209,0
4887,0
50297,0
28185,0
920,0
30363,0
23407,0
3291,0
30900,0
554,0
52193,0
47416,0
51963,0
1149,1
24316,0
11067,0
32283,1
3258,0
28140,0
8971,0
34876,0
6080,0
19477,0
48670,1
45480,0
30533,0
11229,1
20364,1
25716,1
53773,0
28999,0
10795,0
42034,0
8522,0
190,0
28574,0
9059,0
37497,0
3491,0
43014,1
31935,1
23135,1
25136,0
33948,0
15365,0
42496,0
43475,0
51740,0
30191,0
20485,1
19403,0
9205,0
10844,0
28628,1
9472,0
36341,1
40919,1
40242,1
34777,0
45434,0
42306,1
16274,1
34748,0
51399,0
52333,0
45911,0
23964,0
43512,0
34249,0
16440,0
27896,0
16941,0
2316,0
12661,1
43555,0
16325,0
11060,0
21948,1
35801,0
47909,0
41391,0
26284,0
24738,0
48767,1
37748,0
29041,1
49878,0
25684,0
42799,0
22848,1
48912,0
37111,0
52377,0
2353,0
11496,1
15377,0
15082,0
18471,0
19823,0
15756,0
2525,0
42276,0
51107,0
2262,0
34740,0
53834,0
30107,0
45096,0
19182,0
47330,0
34322,0
2496,0
8482,0
31952,1
36896,1
2323,0
46586,1
26746,0
31175,0
30606,1
52328,0
1441,1
53362,0
44321,0
2062,0
32378,0
16825,0
2250,0
49846,0
27487,0
21672,1
8055,0
7760,0
24346,1
41243,0
47221,0
45732,0
30112,0
22214,0
42140,1
47507,0
41974,0
5416,0
32401,0
25078,1
38453,0
18053,0
7260,0
17737,0
28303,0
30493,0
878,0
12719,0
2321,0
36097,0
17804,1
43825,1
36323,0
51122,0
36485,0
20766,1
2949,0
18680,0
7065,0
36303,0
18371,0
37356,0
48218,0
36938,0
20315,1
15256,0
36381,0
37801,0
38149,0
40958,1
4950,0
7658,0
733,0
3017,0
3825,0
33833,0
28891,0
16996,0
37548,1
9228,0
35844,0
19765,1
5944,0
49256,0
23599,0
44174,1
873,1
43273,1
51873,0
43722,0
46492,1
29801,0
45443,0
40448,0
21053,0
39336,0
2716,1
36910,0
22219,0
3375,1
20937,1
23431,0
11943,0
52562,0
52759,0
13858,0
45630,0
649,0
45624,0
10557,0
10686,0
3393,0
39310,1
47459,0
23895,0
31319,0
4280,0
23830,0
45937,0
4918,0
48590,1
52444,0
36616,0
40096,0
34753,0
13990,0
51695,0
18353,0
38625,0
47476,0
52904,0
6654,0
12408,1
32618,0
49964,1
50036,0
37531,0
12277,1
50143,0
27296,0
42456,1
22258,0
25887,0
45301,0
27998,1
17855,1
3297,0
6623,0
48620,0
37413,0
39511,0
46324,1
38737,1
44687,0
20843,1
30756,1
48020,0
17216,0
15277,0
25898,1
32037,0
51305,1
52938,0
52435,1
53827,0
52770,0
1993,0
42465,0
29194,0
41257,0
44534,0
27555,0
32312,0
42391,0
19325,0
13720,0
52972,0
9396,0
46687,0
29480,0
4916,0
44668,0
23723,0
9182,0
44609,0
5226,0
44019,0
3134,0
45646,0
47794,0
6840,0
38822,1
38265,0
48416,0
53061,0
5643,1
19754,1
43870,0
46341,0
4907,0
19830,0
6436,0
37756,0
48294,0
30650,0
3651,1
34101,0
48655,0
39776,0
48663,0
3310,0
42698,0
1433,0
11198,0
38127,0
14711,0
18596,1
47643,0
26477,0
17838,0
44311,0
42003,1
3384,0
21033,1
25086,0
10781,0
26310,0
46780,1
47907,0
11978,1
50718,0
8996,0
18731,0
12128,0
33974,0
5303,1
915,0
15409,0
39683,0
18115,1
20690,0
30498,0
31983,0
31125,0
30265,1
21092,0
39569,1
52994,0
35193,0
22274,0
46977,1
1905,1
17666,0
19199,1
2964,0
38481,0
45446,0
30054,1
36229,0
7322,0
13333,0
21280,0
26999,0
8588,1
28655,0
8590,1
45270,0
40921,0
24161,1
51930,1
21802,0
3930,1
24030,0
23314,0
31174,0
49488,1
46123,0
43288,0
12965,0
41631,1
15513,1
47165,0
20637,0
33471,0
24443,0
33802,0
10974,0
40098,0
31857,0
6868,0
16654,0
35459,1
14285,0
29593,0
338,0
50637,0
33663,0
22310,0
26277,0
2798,0
34491,1
34528,0
18522,0
3505,0
40267,0
46748,0
11822,0
48530,0
37854,0
20314,0
51172,0
24669,0
30494,0
44416,0
188,0
17902,1
50320,0
43937,0
52767,0
45440,0
35718,0
17300,0
28764,0
34191,0
53151,0
22349,0
38631,0
4904,0
16772,0
30179,0
32507,0
37779,1
31430,0
30915,0
52487,1
48178,0
24261,0
40724,0
47238,0
26567,0
25594,0
26276,0
11120,0
28622,0
32878,0
8036,1
38119,0
40983,0
21548,0
6198,0
32246,0
15861,1
24581,0
5073,0
44331,0
50999,0
29122,0
8705,0
19207,1
16891,0
29498,0
22277,1
37289,0
37468,0
3286,0
46071,0
24779,0
5528,0
41680,0
4720,0
3057,1
13233,0
14210,0
23971,0
44028,1
47850,0
12822,1
35505,0
47391,0
14593,0
24819,0
20182,0
26483,0
43676,0
37631,0
52197,1
35501,0
21965,0
43667,0
24737,0
34756,0
27887,0
2812,0
45390,0
51078,0
42834,0
40775,0
27109,0
25113,0
13031,0
41173,0
42318,0
5575,0
15168,0
7551,0
4048,0
38683,0
32338,0
52154,0
35731,0
20746,1
17949,1
31051,0
39902,0
45074,0
9783,0
21666,0
39191,0
34481,0
6414,0
16192,1
50084,1
43969,0
52776,1
21818,0
46702,0
11105,0
27673,0
431,1
50287,1
25548,0
8471,0
28930,1
52416,1
40705,0
25205,0
11168,1
39410,1
49895,0
8028,0
24569,0
46076,0
52772,0
11787,0
40652,0
31610,0
41326,0
16729,0
30648,1
25747,0
28662,0
17164,0
2777,0
36438,1
7295,0
26176,0
50614,0
47063,0
20131,0
20910,0
21524,0
52099,0
2634,0
6485,0
48577,0
38724,0
22913,0
23590,0
30688,0
46859,0
7589,1
52111,0
20094,0
7937,0
46924,0
28211,0
37299,1
20836,0
36775,1
33777,0
38041,0
36637,0
8895,0
43650,0
5894,0
33319,1
47125,0
53294,0
35636,0
38438,0
9907,0
34698,1
36172,0
48947,0
37831,0
7121,0
22102,0
392,0
8005,1
33565,1
28132,1
18723,1
24348,0
16568,0
33583,0
52284,1
28234,0
20570,0
41509,0
10920,0
21994,0
46885,0
29382,0
40046,0
30906,0
10460,0
2039,0
27514,0
31234,0
33119,0
38030,1
25204,0
34162,0
8695,1
31438,1
42383,0
23185,0
45255,0
32427,0
3200,0
48527,1
23209,0
10298,0
45740,0
26653,1
22632,0
35033,0
33631,0
1053,1
7797,0
2860,0
14385,0
4659,0
1437,0
21805,1
42152,0
46349,0
29698,0
46265,0
26195,1
2823,1
43022,0
16098,0
37457,1
33890,0
15943,0
11810,0
35554,1
5136,1
19801,0
45658,0
7978,0
45409,0
45308,0
40048,0
5627,0
37883,1
14444,0
31982,0
17903,0
1245,0
42216,0
5768,0
17071,1
26025,1
20208,1
12764,0
44337,1
22963,0
53504,0
25498,0
48166,0
29709,0
28956,0
2924,1
42916,0
520,1
42092,0
50617,1
32422,0
25607,1
53346,0
34870,1
19165,1
34619,0
34974,0
39278,0
49545,0
53699,1
42673,0
46444,0
6649,0
29825,0
29735,1
45611,0
26272,1
34242,0
19016,0
31047,0
16222,0
27393,0
46289,0
49071,0
45872,0
17480,0
6697,1
45093,1
19437,0
52676,0
35606,0
3660,0
22563,0
33320,0
37267,1
50324,0
10637,0
31668,0
17457,0
34985,0
4528,0
22870,0
28256,0
43150,0
29505,0
905,0
8611,0
34568,0
19050,1
23776,0
52637,0
66,0
31150,0
35093,0
23839,0
16270,0
19512,0
13767,1
12050,0
11845,0
47065,1
53578,0
18203,0
8288,0
15990,0
21463,0
42538,0
15250,0
23615,1
18197,0
2960,1
19223,0
37688,0
8208,0
28515,0
14591,1
17490,0
17915,1
36684,0
27808,0
32506,0
52203,0
32789,0
2691,0
1656,0
39653,0
28800,0
53461,1
11607,0
33799,0
28460,0
52482,1
23062,0
8650,0
52255,0
39478,0
45448,1
30313,0
26573,0
33444,0
31814,0
44560,0
50777,0
37032,0
22155,0
15547,0
47312,0
26925,0
8076,0
36898,0
28573,0
42740,0
31841,0
4823,0
44918,0
16886,0
24484,0
29029,0
20677,0
35031,0
28969,1
39599,0
3289,0
35713,0
25883,0
46296,0
14962,0
16774,1
45945,0
11034,0
15702,0
43573,0
39819,0
35918,0
51274,0
5773,0
9154,0
13281,0
38708,0
20824,0
17570,0
607,1
52961,0
24808,1
15816,0
21702,0
3190,0
28159,0
11210,0
41345,0
32060,0
24872,0
34828,0
18378,0
19601,0
2714,0
43214,0
22532,0
32947,0
26150,1
22878,0
1846,1
33268,0
19351,0
50302,0
24744,1
14353,0
17743,0
29185,0
1832,0
34158,1
21875,0
40430,0
6530,0
5802,0
3709,0
7258,0
27391,0
35448,0
29392,0
44736,0
46934,0
19691,0
47791,1
28294,0
44325,0
5860,0
32745,1
29587,0
11995,0
30425,1
4271,0
8840,0
42061,0
10809,0
34760,1
21434,0
2647,0
33882,1
15083,0
25928,0
38037,0
8194,1
7918,0
16198,1
13699,0
21674,1
3914,0
4270,1
30759,0
36175,1
41777,0
42020,0
23918,1
53531,0
4525,0
5162,0
2984,0
784,0
9999,0
15491,0
33192,0
19562,0
18692,0
30150,0
37082,0
22877,0
8739,0
51564,1
52162,1
33406,0
20493,1
13155,1
30541,0
28405,1
43727,0
37682,0
17778,0
13795,0
29550,1
13633,1
5987,0
42259,0
15722,0
35639,0
41820,0
17761,1
8592,0
34626,0
37470,1
2570,1
50630,1
20393,0
51273,1
45215,0
20432,0
24765,0
3309,0
995,1
53020,1
1475,0
20085,0
46810,0
43195,1
15791,0
29949,0
43977,0
3099,1
9782,0
1509,0
10855,0
52266,0
38953,1
10804,0
19189,1
11126,0
12842,0
32277,0
50476,0
15626,0
46286,0
37272,0
37089,0
42612,0
26923,0
12399,0
45088,1
45548,0
23124,0
27857,1
24991,0
1619,0
39177,1
9877,0
40535,0
12123,0
41967,0
18520,0
38594,1
24143,0
23132,0
4679,0
43519,0
43301,0
39671,0
28649,1
4329,1
48780,0
19905,1
32248,0
50826,0
46523,0
39210,0
52760,0
24566,0
2703,0
31198,1
45808,0
43308,0
31205,0
1628,0
40593,0
37496,1
42962,0
23352,1
12676,0
31419,0
51864,1
40064,0
33834,0
17533,0
11958,0
16162,0
30708,0
1938,0
44928,0
22922,0
19099,0
28778,0
11337,0
14423,0
29268,0
17203,0
9025,0
40920,0
22533,0
31364,0
10676,0
46731,0
15465,0
52846,0
40825,0
31032,1
35262,0
34558,0
5521,0
44966,0
6374,1
35078,0
5493,0
17186,0
9722,0
11455,1
19939,0
18618,0
32509,1
39547,0
15587,1
18918,0
33932,0
34303,1
53109,0
49327,0
30071,0
28094,0
31243,0
52724,0
49891,1
39684,1
82,0
32788,0
42421,0
36207,0
12890,0
2514,0
2354,0
35613,1
44278,0
35669,1
53660,0
13887,1
14244,0
24670,1
41064,0
8057,1
19261,1
43418,0
49090,1
41960,0
38520,1
49404,1
18788,0
50191,1
14789,0
38356,0
28946,1
17475,0
17538,0
26316,0
19183,0
3588,0
24720,0
50296,0
37547,0
42380,1
46470,1
52534,0
41778,0
5030,0
21829,1
46920,0
25000,0
33023,0
37865,0
18309,0
42249,0
24163,1
25276,0
48603,0
9644,0
51212,0
52750,0
41904,0
6017,1
36952,0
14618,0
37084,1
47677,0
50213,0
37570,0
51995,1
24140,0
5450,0
44467,0
40794,0
44773,0
15570,0
52854,0
12197,1
30802,0
51802,0
36013,0
23952,0
33536,0
12602,0
18584,0
18052,1
24472,0
29470,0
944,0
6572,0
33223,0
42655,0
17871,1
2240,0
24219,0
50850,0
15974,0
4290,1
46089,0
23954,0
36496,0
42696,0
17675,0
25721,0
40787,0
18227,1
24687,0
39873,0
27705,0
33438,0
29445,0
30506,0
21043,1
18195,0
490,0
25567,0
648,0
44827,0
33541,0
39665,0
53126,0
20165,0
47609,0
47071,0
20728,0
3708,1
34653,0
31861,0
16625,1
49093,1
19332,0
16659,0
33485,0
40236,0
1630,0
6644,1
5434,1
24957,0
36760,0
12293,1
10343,0
41973,0
50954,0
38377,0
2561,0
48723,1
50529,0
24926,0
22052,1
50248,0
2437,0
22542,0
35545,0
34602,0
29234,0
32200,0
43000,0
22360,0
8463,0
15162,1
24956,0
23282,0
5939,0
7595,0
6130,0
53124,0
33387,0
21915,0
10104,0
16746,1
28844,0
38782,0
7240,0
49890,0
50929,0
32018,0
44667,0
10001,0
1457,0
26511,0
26146,0
45468,1
29779,0
47201,1
32549,0
29523,1
37265,0
30390,0
21776,0
51414,0
4208,0
19254,0
43197,1
25101,0
30110,0
2183,0
52761,1
1910,0
24293,0
27824,1
21614,0
30025,0
44317,0
49561,1
18025,0
48602,0
26319,0
15090,0
44413,0
20620,1
5018,0
34450,0
21715,0
21159,0
23562,1
38415,1
39017,0
47875,0
41998,0
42284,0
12113,0
46335,0
41148,0
14561,0
6271,0
30702,0
19452,0
40518,1
17166,0
16725,0
30419,0
41259,0
15172,0
33893,0
29766,0
16196,0
50968,0
10610,1
52429,0
1783,0
30597,0
1446,0
53728,0
46306,0
42780,1
18956,1
16417,0
39171,0
35374,0
44803,1
38757,1
8735,1
39945,0
41153,0
44614,1
19526,0
26309,0
5840,0
27187,0
48513,0
37587,0
23646,0
3858,0
40641,0
30372,0
51113,0
29361,1
51298,0
47352,0
36497,0
2619,0
35083,1
12753,0
930,0
27121,0
44580,1
20601,0
14573,0
14667,0
18842,0
29771,0
5326,0
49642,0
49904,0
35936,1
48995,0
14703,0
25416,0
47264,1
1269,0
38490,0
24062,0
52775,0
30775,0
46039,0
8198,0
32307,0
10627,0
5749,1
413,0
30704,1
17259,0
37343,1
26468,1
3732,0
13676,0
50538,0
49220,0
495,0
23583,0
22771,1
52045,0
26507,0
49657,0
31722,1
4359,1
279,0
30990,0
51866,0
9923,0
48881,0
32824,0
27147,1
20125,1
37236,0
9852,0
34075,0
30720,0
28425,0
28414,1
44483,0
52285,0
41099,0
24934,0
36953,0
38151,0
7071,1
35963,0
19781,0
52163,0
26391,0
18290,0
3261,0
28087,0
18217,0
30015,0
30309,0
40570,0
18970,0
12566,0
5104,0
37243,1
39735,1
29501,0
25645,1
3650,1
52756,0
40832,0
22761,0
47316,0
36108,0
48328,0
16129,1
13126,0
22874,1
12134,0
48718,0
28963,0
14987,0
17200,0
5164,0
39670,0
48155,0
31550,0
21468,0
33463,0
37558,0
36358,0
31385,0
13279,0
4590,1
1717,0
3691,0
2433,1
5703,0
4596,1
29043,0
6411,0
32071,0
7316,1
1201,1
36669,0
39439,1
42514,0
18245,1
2769,0
35354,0
716,0
37639,0
13792,0
26265,0
52914,0
10050,0
2160,0
15241,0
20478,0
15516,0
8314,0
36074,0
46637,1
49036,0
42669,0
20186,0
22879,0
11369,0
30962,0
53507,0
44779,0
50643,0
5985,0
2799,0
26209,0
50353,0
21208,0
6846,0
11631,0
38612,0
45225,1
46371,0
34685,1
46633,1
44222,1
52226,0
28994,0
31584,0
17065,1
53876,0
26225,0
18369,0
15390,1
37810,0
27023,0
12936,0
16307,0
47020,1
43976,1
53010,1
4510,0
35498,0
28360,1
40298,0
6089,0
4438,0
39012,0
41037,0
936,0
11209,0
43373,0
16901,0
19328,0
43972,0
32498,0
51468,0
39893,1
45371,0
50551,0
13249,0
497,1
1368,0
28028,0
15597,1
34386,0
49144,0
28293,1
33430,1
1440,0
53778,0
25014,1
10304,0
49069,0
27688,1
15059,0
18847,0
24239,0
32781,0
30595,1
51332,0
12093,1
21016,0
21028,0
9530,0
5804,0
8688,0
48639,0
24039,0
27930,1
43237,0
29096,0
50849,0
20933,0
21401,1
4694,0
5725,0
313,1
2034,0
16906,0
3755,0
46555,0
48211,0
48687,1
20646,1
52687,1
26105,0
37703,1
12777,0
38249,0
37762,0
51850,0
34329,0
36972,0
41576,0
47339,0
8319,0
20268,1
52848,1
35710,0
20223,0
41274,0
20463,0
39288,0
19127,0
28744,0
5832,0
13949,0
38143,0
11147,0
40850,1
23452,0
2145,0
52139,0
46459,0
8304,0
27120,0
35642,0
11721,0
26724,0
6645,1
53814,1
30017,0
30173,0
51575,1
2372,0
50579,0
35667,0
20396,0
21311,0
49972,0
46707,0
8783,0
15096,0
20785,0
31772,0
16994,1
5497,0
46196,0
27090,0
47730,0
43173,0
15436,1
46672,1
26478,1
44522,0
27573,1
32465,0
3579,0
29197,0
12445,0
27664,0
48862,1
51591,0
36505,0
5217,0
9691,1
44253,0
21216,1
27280,0
33949,0
10482,0
39418,1
21831,0
36983,0
50847,0
983,0
24159,0
13784,0
11127,0
25464,0
53759,1
36629,0
46945,0
9742,0
17979,0
38799,0
8609,0
26826,0
40671,1
43663,0
25480,0
29151,1
31500,0
2632,0
28598,0
7139,0
33074,0
8050,0
12571,1
11378,1
9995,0
15094,1
4513,0
6476,0
18605,0
8155,0
41433,0
7614,0
8016,0
19258,0
9994,0
37040,0
11551,0
4140,0
44303,1
40103,0
38938,0
14441,1
18512,0
53914,0
40576,1
44625,1
5957,1
26760,1
24626,0
31513,0
20322,0
9959,0
46791,0
18395,1
12546,0
12946,0
32580,0
44900,1
1794,0
29983,0
21988,1
6893,0
7516,1
21494,0
31558,0
34455,0
15067,0
46537,0
26971,0
19151,1
280,0
41459,0
9282,0
7497,1
7320,0
47138,0
30029,0
16335,0
28990,0
31121,0
18458,1
28889,0
35857,1
3246,0
29662,0
1903,0
16593,0
8699,1
36662,0
6158,0
15076,0
45429,1
48031,0
49716,0
52575,1
5585,1
46968,0
51945,0
10022,0
43082,0
1774,0
12353,0
30283,0
29115,1
46481,0
46389,0
40331,0
4365,0
32909,1
42039,0
52043,1
27255,1
27955,1
53681,1
20168,1
787,1
7750,0
13078,1
5095,1
35602,0
5548,0
12813,1
24227,1
2401,0
11203,0
30695,1
52781,0
16393,1
52819,0
35715,1
12617,1
46575,1
9043,0
5216,0
50193,0
38538,0
6505,0
37891,0
15761,1
30375,1
8364,0
42791,1
42498,0
11326,1
18597,0
33991,0
6250,0
12179,1
19718,0
25875,0
24691,0
19264,1
16115,0
22038,0
49269,0
35723,0
8422,0
925,0
18952,0
4550,0
19003,0
27858,0
31130,0
44136,0
4643,0
7692,0
17907,0
31631,0
31918,1
15883,1
9471,0
24705,0
21658,0
16210,0
22162,0
41309,0
12895,0
102,0
11355,0
42121,1
34778,0
32698,0
10561,0
3163,0
51839,0
8350,0
34358,1
6701,0
12035,0
17824,0
36477,0
29750,0
37005,0
43988,0
41963,0
19385,0
4751,0
32225,1
10438,0
7784,1
17632,0
26037,0
32699,1
36472,0
13294,0
29511,0
44170,0
38936,1
12787,1
42697,1
17836,0
36291,1
18813,0
37969,0
40781,0
585,0
46395,0
6943,0
32868,0
14931,0
25725,1
5668,1
7958,0
12356,0
33102,0
2845,0
28584,0
4403,0
28249,0
9745,0
24223,0
40868,1
38847,0
30581,0
10820,0
11471,0
50378,0
9591,1
23464,1
49954,1
32870,0
161,0
18627,0
33236,0
19398,0
51367,0
6206,0
22748,0
5756,0
49735,0
21756,1
51712,0
24391,0
46500,0
53919,0
28852,1
26755,1
51766,0
4750,0
32989,0
42870,0
37539,0
46839,1
40616,0
1757,1
18922,1
1465,0
50238,0
26574,0
32917,0
8828,1
42220,0
24112,0
39056,0
17746,0
530,0
13204,0
28146,1
32094,0
42867,0
41781,0
19784,1
15928,0
39464,0
628,0
22941,1
44287,0
35025,0
1114,0
7106,0
32395,0
13800,1
13008,0
21135,0
53230,0
51810,0
42222,0
40906,0
17128,1
29917,1
8949,1
21018,0
19707,0
41442,1
24619,0
48035,0
35181,0
40506,0
3609,0
41068,0
22403,0
21880,0
38762,0
40066,0
27178,0
38698,0
51690,0
6368,1
12223,0
35552,1
52389,1
5105,0
48585,0
22599,0
43021,0
40675,0
40088,1
33875,1
40620,0
20195,0
48040,1
42432,0
12666,0
10223,0
22506,0
3594,0
29277,0
14221,0
34315,0
40782,0
44432,0
51779,0
18727,0
14494,1
16658,1
49571,0
30905,0
40168,0
16450,1
29819,0
40621,0
42878,0
9095,0
24448,0
20752,0
20813,1
3408,1
15754,0
26010,0
52028,0
16316,0
38763,0
7217,0
11053,1
32894,0
51015,0
34159,0
6883,1
28535,0
4697,0
47868,1
38094,0
22530,1
49190,0
19678,1
18768,0
22263,0
33346,0
35911,0
11771,0
20745,0
1207,0
49547,0
51808,0
42302,0
33628,0
30864,0
10764,0
29783,0
28860,0
4541,0
28260,0
28501,0
38424,0
49376,0
20014,0
31484,0
15694,0
27775,0
8418,0
15343,1
41322,0
15749,0
32358,0
21062,1
44892,0
40527,0
11745,0
37685,1
43357,0
41147,0
40848,0
4377,0
46525,0
8218,1
15533,0
49527,0
2656,0
29984,0
36398,0
50815,0
3901,1
17376,0
27916,0
21040,0
48358,0
13656,0
45625,0
18722,1
18153,0
37426,0
48314,1
36460,0
28967,0
42181,0
13245,0
2794,0
13786,0
13584,0
29148,0
4769,0
35030,0
45987,0
42137,0
48619,0
39780,0
11317,0
24914,0
41751,1
48961,0
23091,0
5462,0
51121,1
5641,0
51259,1
46611,1
31784,1
20433,0
6311,0
32122,0
7105,1
41399,1
11849,0
35290,0
33089,1
36402,0
35166,0
52922,1
12211,0
49449,0
2782,0
12703,1
53905,0
43261,0
6009,0
46751,0
40061,1
33450,0
49130,0
37827,0
38256,0
45918,0
20964,0
52710,0
35049,0
8855,1
10731,1
47942,0
38203,0
35931,0
22180,0
38670,0
17154,0
12144,0
12289,0
22248,0
1537,0
40702,0
24852,1
30242,0
29765,0
7856,0
34363,1
6276,0
51841,0
11629,1
17916,1
18420,0
686,0
16859,0
24187,0
45282,1
41939,0
45165,0
42063,0
25190,0
9310,1
41641,0
2475,0
51535,0
3576,0
46165,1
49794,0
1971,1
37147,1
8505,0
25569,0
8397,0
32528,0
1202,0
14771,0
19488,0
17130,0
21743,1
38943,0
21221,0
15029,0
18968,1
18540,0
49058,0
49402,0
4305,0
33215,0
19845,0
20319,0
49923,0
38898,0
13864,0
25490,0
8684,0
52905,1
47405,1
26057,0
11748,0
24807,0
15269,0
19609,0
15353,0
51278,1
37033,1
27262,0
14859,0
31767,0
16003,0
13402,0
26834,1
46223,0
49983,0
47516,1
44598,0
2989,0
11934,0
46825,1
37902,0
47576,0
22712,0
11617,1
1273,0
19010,1
19655,0
43490,0
21781,0
38747,1
21309,0
17358,0
15495,1
11367,0
50163,0
36349,0
27318,1
45400,1
51148,1
4934,1
53227,0
17177,0
8784,0
8287,1
50575,0
27541,0
34190,0
44554,0
24637,0
43138,1
30240,0
9799,0
16928,0
53799,0
25452,0
41470,0
49451,0
20231,1
50569,0
21371,0
28077,1
52530,0
20826,0
5411,0
18285,0
35395,0
16717,0
20852,0
39957,1
16899,0
18721,0
44496,0
4333,1
16628,0
53598,0
29959,0
31754,0
28772,0
27805,0
6966,0
33093,1
52619,0
53678,0
30184,0
36444,1
13794,0
4246,0
3179,0
9504,0
25331,0
28603,1
27875,0
30513,0
33763,1
13252,0
14815,0
7435,0
16405,0
1210,0
4485,0
12204,0
18079,0
16829,1
48192,1
37733,0
2530,0
46838,0
3336,0
21982,0
17641,0
41330,0
10206,0
41042,0
736,0
35902,1
7557,0
43471,0
13429,0
15450,0
21128,0
45005,0
42103,0
46753,1
25954,0
41324,0
13770,0
23341,1
47309,0
13142,1
3751,0
39334,0
22323,0
15385,0
32480,0
24519,0
4244,0
31585,0
13540,0
4067,0
33307,0
20285,0
31732,0
31222,0
49262,0
21889,1
49587,0
33300,0
7301,1
27931,0
18308,0
17680,0
12542,0
2869,1
22688,0
5769,0
51249,0
39389,1
11012,0
50517,0
14122,0
34316,1
9230,1
51404,0
21541,1
53872,0
34706,1
10490,0
2080,0
9748,0
36008,1
47147,1
43030,0
12,1
7598,1
30199,0
30725,0
7957,0
29502,1
46582,0
16246,0
19747,1
4642,1
18622,0
44070,1
36326,0
27030,0
42165,0
9253,0
15318,0
20161,0
27871,0
48177,1
20754,0
8995,0
43446,0
25012,0
46461,0
9375,0
10270,0
25563,0
20540,0
10932,0
48421,0
49328,0
52455,0
52506,1
17987,1
26889,0
28729,0
52345,0
39170,0
16282,1
46520,1
40964,0
44931,0
18823,0
40910,1
1458,0
21585,0
9474,1
47160,1
48653,0
28656,0
10908,0
47633,1
39183,0
46565,0
51764,0
35306,0
43648,0
7321,1
26618,0
1801,0
31022,0
24936,0
47924,0
8300,1
1838,1
34810,0
3971,0
47271,0
16381,0
11039,0
37340,0
37659,0
5111,0
50350,0
3420,1
30288,1
40306,0
7970,0
23957,0
20875,0
15806,0
22714,0
8718,0
35157,0
20618,0
50813,0
50996,0
45641,0
15344,0
51220,0
13305,0
26127,0
12286,0
25502,0
51648,0
8267,0
9105,0
37799,0
2022,0
28365,0
18282,0
46398,1
28653,0
47192,0
41129,0
50547,0
51035,0
20031,0
45372,0
17980,0
40751,1
19926,0
35568,0
21278,0
40517,1
45959,1
37242,0
52367,0
41428,0
11075,0
29218,0
52912,0
37509,0
23458,0
48930,0
16215,0
2280,0
51479,0
22973,0
11525,0
13904,0
24526,0
29217,0
17112,0
4505,0
40884,0
38345,0
29421,0
18315,0
6104,1
24727,0
45669,0
3144,0
48476,0
18996,0
44722,0
42634,0
15609,0
12519,0
1645,0
13463,0
15058,1
31790,0
46258,0
13123,0
40418,1
1577,1
44976,0
13411,0
46697,0
19373,1
34624,0
48402,0
15221,0
40500,0
38350,0
21896,0
41791,0
5234,0
35103,0
25059,0
32164,1
1670,0
22657,0
6147,0
43800,0
46972,0
47170,0
8541,0
15055,0
26562,0
42814,0
36524,0
17758,0
33615,0
8915,0
2805,0
23388,0
42148,0
44728,0
16112,0
28877,0
21089,0
31401,0
5256,0
5793,0
4686,0
31799,0
26473,0
41016,0
32472,1
21384,0
11648,0
4908,1
16671,0
2103,0
50413,0
31211,0
23286,0
49214,0
5155,0
27310,1
29082,1
50216,0
37174,0
9047,0
49661,0
14222,0
3591,0
9344,0
31058,0
43126,1
18998,0
52883,0
39155,0
46925,1
42626,0
17050,0
46122,0
48286,0
39268,1
52920,0
827,0
47872,0
44101,0
19671,0
39339,0
41815,1
14986,0
37428,1
32530,0
40630,1
24093,0
36141,0
40272,1
51316,0
36192,0
29837,1
12047,1
51809,1
51770,0
16552,0
4890,0
8464,0
37746,0
45065,0
5878,0
42746,0
25828,1
6816,0
46224,0
27895,0
31375,0
25431,0
12400,0
28935,0
19252,0
23421,0
30040,1
7234,0
19312,0
43517,1
48984,0
34387,1
26448,0
48885,1
52644,0
38881,0
43238,1
7535,0
34168,1
29567,0
37332,0
50292,0
48009,0
25703,0
46532,0
17257,0
23696,0
10157,0
48131,1
15424,0
13914,0
38305,0
14507,0
15524,0
22741,1
4615,0
31041,0
17857,0
24010,0
19407,0
19270,1
7909,0
42022,0
43859,0
15611,0
4964,0
26065,0
7474,0
34546,1
13775,0
46765,0
24425,0
6742,0
11716,0
40077,1
46922,0
46913,0
47409,0
8094,0
3455,0
50328,0
9616,1
22209,0
48708,1
32666,0
7693,0
50300,0
40644,0
40305,0
42487,0
44506,0
42914,1
15610,0
46973,0
7993,1
19090,0
6737,0
5733,0
36666,0
37447,1
18586,0
39368,0
53264,0
52174,0
21026,1
15336,0
29087,1
20345,0
50708,0
16278,0
5744,1
16425,0
12214,0
25892,1
46897,0
50448,0
10393,0
46433,0
12570,0
224,0
33029,0
27748,0
8980,0
45591,1
44142,0
8683,1
41782,0
32784,0
42049,0
3464,0
43091,0
31838,1
28110,1
44274,0
11292,0
27670,0
24363,0
46614,0
29317,0
18241,0
53134,0
45246,0
9761,0
53614,0
32171,0
51308,0
20734,0
19043,0
33647,1
35435,0
27073,0
35807,0
30687,0
7196,0
34337,0
28138,0
35612,1
21701,1
4453,1
18950,0
33534,0
34254,1
22834,0
30024,0
2117,0
7327,0
16291,0
45146,0
13560,0
30929,0
17905,0
32191,0
12733,0
7991,1
4053,0
10202,0
20907,0
49301,0
5796,0
24201,0
13756,0
51705,0
37815,0
24490,0
25939,0
22294,0
40732,0
53756,1
23285,0
22780,0
47679,0
38109,0
5850,0
38461,0
29098,0
32038,1
20224,0
45905,0
53591,0
38155,0
14058,0
3969,0
2851,0
13009,1
27373,0
19109,1
8813,1
2921,1
33244,1
6457,0
6471,1
32002,0
52777,0
35529,0
47941,0
13378,1
5091,0
45723,0
32707,1
46073,0
22033,0
219,1
52112,0
47387,0
45852,0
14635,0
15419,0
12059,1
36384,0
8423,0
30620,0
41498,1
50598,0
42619,0
7731,0
39240,0
1284,0
1875,0
29398,0
52061,0
20644,0
45919,0
25544,0
32064,0
3287,0
7496,0
10636,0
1789,0
16400,0
12644,0
41359,1
892,0
23948,0
14869,0
15745,0
20017,1
44029,0
39069,0
43060,0
30486,0
25427,1
19699,1
32106,0
43975,0
49088,1
36171,0
10996,1
33636,0
24910,1
44903,0
3574,0
37274,0
32533,0
31131,0
4817,0
19358,1
36205,0
20350,0
20773,0
50869,0
53081,0
18663,0
45253,0
2850,0
16504,0
17593,0
16526,1
2735,1
8779,1
14934,1
10338,1
20840,1
26850,0
24517,0
14941,0
50427,0
31618,0
45865,0
33425,0
29664,0
39466,0
12506,0
1635,0
42699,0
4154,0
42658,0
9938,1
35615,0
47913,0
4760,0
38778,0
20487,0
11128,0
7767,0
2910,0
39628,0
5550,1
29736,0
15952,0
21277,0
28271,1
25184,1
4138,0
41334,0
16737,0
17722,1
39537,0
51886,0
51074,0
7480,0
8289,0
15535,0
9444,1
50964,0
26029,0
20716,1
10539,0
24237,0
33706,1
23442,0
46036,0
52178,0
43375,0
45113,1
37130,0
49981,0
15072,1
12492,0
174,0
40421,0
20183,0
53490,0
42149,1
23229,0
42337,1
16516,0
33028,0
39764,1
6266,0
32621,0
17422,1
39734,0
34681,0
30652,0
45431,0
52192,0
47279,0
7375,0
2962,0
5379,1
15259,0
5470,0
45436,1
21627,0
25615,0
37534,0
48307,0
35433,0
37967,0
42004,0
45201,0
20103,0
12794,1
21731,0
46709,1
43806,1
14595,0
26575,0
45701,0
9497,0
22419,0
44847,0
12550,0
16404,0
3977,1
10350,1
31724,0
41757,0
48804,0
18380,0
21480,0
3814,0
2444,0
39711,0
33469,0
5906,0
33292,0
38148,0
48996,0
17260,0
35859,0
10430,0
22380,0
35032,0
4727,1
44821,1
10766,0
27557,0
47663,0
36708,0
44384,1
51363,1
7084,0
47214,0
19975,0
25734,0
34714,0
23182,0
37524,0
25987,0
24941,0
47824,0
45656,1
50346,0
14737,0
25388,0
43300,0
44201,0
51666,1
52705,1
24504,0
46497,0
40425,0
7035,0
43558,0
30299,1
10310,0
25019,0
14866,0
45287,1
26132,0
5685,0
20357,0
12338,0
33125,0
5847,0
22726,1
38230,1
41759,1
24392,0
30772,0
24573,0
44586,0
33113,1
16762,1
53711,0
1414,0
41332,0
15134,1
31704,0
13650,0
24335,0
12331,1
19607,0
4216,0
12348,0
6551,0
3704,0
48705,0
43474,0
31995,0
36428,0
45730,0
42841,0
30982,0
15289,0
11468,0
23745,0
26466,1
1966,0
45396,0
17740,0
43579,0
12629,0
15710,0
15682,0
15534,1
7761,1
23038,0
42650,0
22301,0
7381,0
51508,0
22186,0
25908,0
24990,0
28131,0
46916,1
7422,0
43600,0
45798,0
11920,0
3900,0
29845,0
19026,0
3601,0
39766,0
46171,0
38984,0
51599,0
45291,0
5440,0
11047,0
38019,0
13822,1
49535,0
11431,0
39050,0
18844,0
41291,0
30792,0
29114,0
48841,0
6592,0
29314,0
10144,1
49417,0
23200,0
8215,0
3863,0
7836,0
24770,0
22791,0
21085,0
50095,0
39074,0
53481,0
52762,0
24560,0
20748,0
40248,0
12836,0
48013,0
42423,1
40521,1
30872,0
4388,0
44051,1
53417,1
23423,0
23939,0
39422,0
22885,0
8179,0
6495,0
18221,0
6609,0
25479,0
29451,0
43797,0
14508,1
28652,0
16563,0
24579,0
25039,0
30116,0
24181,0
373,0
47145,0
42845,0
24033,0
7293,0
25824,0
4446,0
36690,0
15408,0
35123,0
53915,1
33397,0
18615,1
38099,0
34970,0
33241,1
8546,1
26034,0
43482,0
29637,0
3866,1
11344,1
42286,1
2209,0
7286,1
29531,0
51773,0
36888,0
40494,0
2172,0
4717,0
38090,0
5815,0
53318,0
4310,1
20217,0
38333,0
40764,0
41342,1
36792,0
28503,0
39202,0
9147,0
48751,0
16321,0
49340,0
50259,1
27920,0
47358,0
45277,0
5212,0
33897,1
53236,0
22652,1
12856,0
21172,0
16618,0
19196,0
21807,0
29658,0
9601,1
53188,1
26836,0
48436,0
34636,0
8925,0
42610,0
46594,0
1125,0
22408,0
18459,0
42180,0
2028,1
4673,0
47691,0
26867,0
30186,0
52171,0
53592,1
42115,0
25459,0
27536,0
12606,1
33739,1
5011,0
50893,0
37066,1
38216,0
28422,0
18587,1
5577,0
29855,0
46655,0
26495,1
47766,1
32129,0
18762,1
7701,0
32468,0
46393,0
52003,0
13673,1
34052,1
16075,0
25552,0
9010,0
17180,0
28160,0
28694,1
24461,0
32340,1
15700,0
44390,0
53277,0
51788,0
26060,0
19247,0
45049,1
7443,0
21143,0
5622,0
24965,1
49956,0
30950,1
13439,0
50949,0
539,0
38501,0
18943,0
42804,1
9817,0
25470,0
35332,0
17592,0
13745,0
44249,0
20252,0
14097,0
16011,0
49323,0
884,1
8681,0
12238,0
6858,0
32091,0
45689,1
40089,0
20532,0
42524,1
49149,0
16122,0
40715,0
48460,0
32902,1
11841,1
47211,0
38421,0
47789,0
30930,1
15153,0
25469,0
40661,0
43751,0
20400,0
21298,0
10007,1
37056,1
28578,0
1854,0
19006,1
42703,0
7507,0
14238,0
10256,1
38422,0
24953,0
36222,0
51378,0
4354,1
52713,0
44389,0
34522,0
44199,1
40789,0
38441,0
9813,1
29499,0
38361,0
13781,0
20506,0
1030,1
21675,0
5142,0
47239,0
22866,0
43296,0
19063,0
44478,1
24139,1
49300,0
51418,0
20709,0
41177,0
4285,0
10203,0
28594,0
22005,1
37215,0
22381,0
39038,0
16621,1
49630,0
2115,0
11225,0
15304,0
46896,0
30148,0
45180,0
43900,0
23706,0
20927,0
9456,0
4854,0
1745,0
4120,0
10518,0
16110,1
1062,1
53175,1
4461,1
12730,1
36765,0
3686,0
13634,0
35994,1
15159,1
14890,1
19629,0
4426,1
9581,0
7020,0
40472,0
52932,1
44842,0
26133,0
24182,0
19011,0
27434,0
46104,0
34877,0
38444,0
5047,0
11094,0
18445,0
29251,0
51190,0
51071,0
11990,0
14589,0
18857,0
40888,0
53267,0
10254,0
49418,0
12416,0
835,0
676,0
36654,0
50267,0
6428,0
8176,1
372,0
30140,0
30447,1
2621,0
45345,1
24203,1
32838,0
670,0
39243,0
46939,0
23148,0
42338,1
16150,0
20625,0
43039,1
23975,0
12783,0
16847,0
45677,0
13337,0
13326,1
1027,0
32540,0
35887,0
29624,0
49674,0
39948,0
51752,0
20936,0
21820,0
16567,0
46880,0
20467,0
14464,0
44086,0
7070,0
12651,0
12897,0
48661,1
53863,0
4313,1
25134,0
3361,0
29490,0
20894,1
9650,0
10038,0
12928,1
17920,0
38241,1
40633,0
31876,0
18671,0
53881,0
21041,0
15398,0
49000,1
52101,0
14449,0
42032,0
26249,0
34898,1
18111,0
16468,0
43868,0
20553,0
31253,0
25227,0
48355,0
33381,0
6807,0
34053,0
7902,0
52085,0
10116,1
17630,1
6192,0
12470,0
52411,0
11397,0
33751,1
10351,1
37217,1
19355,0
15087,0
26910,0
23741,0
4472,0
16597,0
18599,0
7990,0
2152,1
33391,0
38843,1
7145,0
35283,1
24412,0
32085,0
15549,1
17401,1
17291,1
31997,1
6096,0
29640,1
51628,1
50220,0
9905,0
7302,1
36155,0
33128,0
13733,1
35863,0
8401,0
52524,0
29324,0
29726,0
8535,0
38160,0
37194,1
7842,0
36741,0
7469,0
10741,1
49536,0
34469,0
27244,0
15531,1
52668,0
14954,0
53006,0
18167,1
43877,0
9589,0
3856,0
41658,0
39205,0
54,0
13131,0
51989,1
47980,0
8427,0
51962,0
7795,0
24168,0
10746,1
41846,0
33661,1
13853,0
13059,0
4922,0
36863,0
18377,0
44115,0
24476,0
51266,0
45438,0
32711,0
8097,1
24817,0
11474,1
53587,0
35506,0
17204,0
6878,0
23107,0
2795,0
2518,0
35696,0
47090,1
35391,1
32892,0
21692,0
36672,0
38864,1
46288,0
16872,0
33648,0
5203,1
998,0
27644,0
55,0
24047,0
46946,0
29639,0
26542,1
33143,1
2492,1
19883,0
25545,0
44934,0
48164,0
37857,1
14710,1
31826,0
21613,0
20798,1
24661,0
51251,0
25603,0
4480,0
897,0
49579,0
5658,0
35241,0
24410,0
17387,0
12346,0
8542,0
42987,0
53421,0
45106,0
51804,0
13212,0
22176,0
20638,0
3018,1
44751,0
21576,0
11511,0
35179,0
39560,1
37418,0
34122,0
19255,1
10311,0
15641,0
15801,0
17446,0
30263,0
32113,0
26940,0
24014,0
6838,1
47774,0
24272,0
483,0
2153,0
12817,0
48696,0
21025,0
38727,0
33120,0
23411,1
52021,0
19133,0
26682,0
6050,0
16652,0
838,0
29678,0
29734,0
36107,0
20921,0
2021,1
45916,0
47363,0
20756,0
30430,0
32295,0
4655,0
30354,0
9116,0
20862,1
16108,1
47502,0
30993,0
5402,0
26612,0
38458,1
28415,0
37569,0
19498,0
38648,0
50985,1
50715,0
805,0
33754,0
8460,0
50498,0
20284,0
45981,1
43577,1
44408,0
47284,1
14519,0
47159,0
16587,0
2636,0
21323,1
25092,0
29256,0
25025,0
40343,1
42797,1
34025,0
29564,1
46268,0
5473,0
13016,0
4557,0
48889,1
45451,0
29549,0
43085,0
35500,0
41117,0
25246,1
4238,0
28953,0
44953,0
26375,0
38403,1
10321,0
4399,0
41273,0
30699,0
14549,0
35782,0
31293,0
6143,0
14713,1
37848,0
47767,0
38597,0
37712,0
51164,0
2870,0
6721,1
8943,0
31942,0
50189,1
53008,0
49456,1
23600,0
7843,1
11111,0
19692,0
3715,0
5507,0
36464,1
24702,0
24376,0
44481,0
24478,0
34269,0
8713,0
39796,0
36572,0
43639,0
2203,0
18905,0
39323,0
12428,0
28528,0
7104,0
20616,0
12504,0
11820,0
46448,0
27913,0
20832,1
31614,0
961,0
49236,0
18174,1
25251,0
38008,0
38408,0
37201,0
43635,1
39313,0
44378,0
1943,1
6841,0
11106,0
34176,1
45435,0
5542,0
16828,0
13366,0
46219,1
36950,0
8355,0
50997,0
9844,0
48394,0
34839,0
32103,0
53357,1
10881,0
8573,1
47954,0
8866,0
52424,0
8279,0
35284,0
52338,0
44970,0
27274,0
19236,1
15117,0
5504,0
35946,0
35576,0
9493,0
13048,0
9365,0
41970,0
26214,0
1126,0
24881,0
7080,0
26306,0
21404,1
24903,1
33124,0
31381,0
21057,0
42219,1
37942,0
31177,1
25341,0
50308,1
51477,0
34551,1
30131,0
18465,0
21373,0
20726,0
28919,0
6637,0
20256,0
46477,1
39845,0
29319,1
43415,0
42654,0
18422,0
10941,0
9445,0
13335,0
2479,0
31099,0
29172,0
50322,0
52339,0
8937,0
24269,0
52740,1
25746,0
27264,0
10505,0
6318,0
49403,0
7116,0
42329,0
33468,0
26192,0
8873,1
10435,0
52651,0
50524,0
18173,0
715,1
22908,0
27655,0
3817,0
6510,0
13176,0
6887,1
12257,0
37143,0
51704,0
9856,0
11874,1
32039,0
3166,1
28960,0
11026,1
12520,0
26380,0
26042,1
42810,0
4417,1
606,0
11638,0
8605,0
45162,0
40991,0
3461,1
30358,0
49273,0
17123,0
25297,0
29656,0
29390,0
9562,0
21292,0
45244,1
39083,0
3995,1
51240,0
12934,0
30108,0
19418,0
50870,0
18456,0
33487,0
48547,0
14927,0
47890,0
15395,0
25518,0
707,0
11994,0
22055,0
5853,0
24146,0
53494,0
14445,0
26797,0
33371,0
20561,0
44775,0
34690,0
35305,0
8266,0
5459,0
6765,0
1491,1
3401,0
35469,0
36412,0
46246,0
37308,0
34633,0
53237,0
14808,1
44192,0
14355,0
23625,1
22480,1
4312,1
5713,0
23383,0
39300,0
11597,0
49054,0
37499,0
6010,0
22078,0
48194,0
39613,0
26193,1
47742,0
11726,0
16815,0
23051,0
13049,0
6445,0
16181,0
15451,0
38861,0
7917,0
26520,0
52132,0
43546,0
10861,0
2569,0
18265,0
16953,0
29275,0
1155,0
52982,0
15160,1
23718,1
32306,0
51528,0
14277,0
28245,1
41991,1
40075,0
423,0
32253,1
40155,0
4121,0
18466,0
5964,0
46333,1
2943,0
30058,1
41547,0
35019,0
33419,0
30913,0
8183,0
7953,0
36401,1
18885,0
35129,0
30246,1
17803,0
33908,0
36963,1
11910,0
801,0
11740,1
17011,1
30228,0
11451,0
26933,0
9500,0
28630,0
31619,1
32728,0
53769,0
28406,0
49669,0
13697,0
28116,0
23820,1
50018,0
17288,0
53787,0
46175,0
4079,0
14161,1
876,0
3423,0
28855,0
22416,0
27229,1
48551,0
34772,0
19841,1
44556,0
9675,0
25015,0
42033,1
4257,1
2571,0
36225,0
28544,0
9645,0
16039,1
7123,0
30488,0
1594,0
8858,0
6836,0
21138,0
40874,0
16895,0
39379,1
30075,1
36403,1
32772,0
33423,0
1400,0
50578,0
51525,0
31620,0
5843,0
26843,0
31078,0
36482,0
18127,0
21500,0
5020,0
1321,0
1226,0
20531,0
7309,0
40176,0
33782,1
6223,0
24642,0
15494,0
51624,0
25290,0
23278,0
2467,0
25468,0
2931,0
22978,0
22027,0
11509,1
45531,0
12366,0
36233,0
26325,0
6638,0
16862,0
40301,0
15272,0
47095,1
35719,1
5054,1
25046,0
34378,0
7570,0
11913,0
4414,0
12480,0
53704,1
34730,0
34045,0
49553,0
1077,0
18873,1
10059,0
30817,1
26156,0
14533,0
18375,0
16248,0
10172,0
9510,0
26031,1
18181,0
812,1
8671,0
44962,1
2445,0
43240,0
16438,0
8846,0
38489,0
39799,0
1818,1
6880,0
45072,0
50185,0
7772,0
34410,0
33769,1
25269,0
39914,0
24060,0
17569,0
22168,0
48852,0
37375,0
44208,0
51659,0
4276,0
25702,1
3264,0
10497,0
36951,0
44109,0
53747,0
43130,0
22746,0
6790,0
10250,0
30801,0
20786,0
28433,1
40461,0
15803,0
9716,0
7492,0
31969,0
28916,0
18,0
14968,0
30723,0
38344,1
7197,0
10086,0
33462,1
32948,1
50922,0
27635,1
40916,0
7366,0
33501,1
3752,0
4437,1
19849,0
32757,1
15869,0
7488,0
44569,0
11574,0
23868,0
19525,0
15820,0
30548,0
39878,0
51927,0
38205,0
24229,1
44733,1
33194,0
697,0
36079,0
43007,0
76,1
4493,0
2397,0
37214,0
44407,0
37445,0
18574,0
33275,0
4506,0
34755,1
46735,0
5674,0
20299,0
16382,1
11824,1
42268,0
36785,0
6498,1
7770,0
37500,0
15428,0
5766,0
30504,0
48599,0
7365,0
16475,0
44150,1
53480,0
42964,0
41295,0
51677,0
11508,0
13159,0
39355,1
39208,1
15104,0
28290,1
4235,0
33551,0
19749,0
33057,0
12373,0
28080,0
41659,0
4028,0
15608,0
36859,0
28237,0
38699,0
5320,1
13867,0
22208,0
18947,0
9550,0
30619,0
17929,0
28346,0
27542,0
47340,0
21634,0
31338,0
44519,0
27104,0
50305,0
1326,1
50686,1
42604,1
11798,0
28854,0
14233,1
9580,0
6461,0
45652,0
44933,0
52618,0
32694,0
44952,0
28825,0
12827,0
13260,0
38020,0
18879,0
28703,0
32025,0
5406,0
259,0
2347,0
21361,0
6875,0
24009,0
17732,0
24234,0
41578,1
11257,1
8195,0
5344,0
21317,0
35396,0
27587,0
47288,0
32527,1
50546,0
50514,0
8871,0
37666,0
30139,0
52635,0
32808,0
34240,0
28018,0
5603,0
11205,0
9040,1
25161,0
9381,1
29580,1
31578,0
34771,1
12014,0
4200,0
15253,0
31665,1
51132,0
4845,0
15375,0
16670,1
20443,0
27469,1
35603,0
16465,0
47400,0
6088,1
41283,0
3119,0
44435,0
23970,0
23422,0
40122,0
3620,0
2476,1
19831,0
48440,0
5378,0
31422,1
3613,0
27291,0
47721,0
3081,0
14935,0
34103,0
20811,1
15904,1
47528,0
30463,0
16744,0
9898,0
45528,0
8775,0
6932,0
32323,0
40951,0
52325,0
31962,0
31142,0
35096,0
18944,0
12633,0
9735,0
44616,0
14044,0
15282,0
50572,0
42767,0
37919,0
21246,0
38653,0
31280,1
30435,0
53721,0
33038,0
47270,0
10039,0
33375,0
16315,0
13558,1
47659,1
16528,1
41051,0
37784,0
21722,0
36732,1
18354,1
12502,1
50774,1
32033,0
13831,1
16065,0
38738,0
15435,0
20033,0
49715,0
31941,0
23636,0
33190,0
19160,0
44228,1
12342,1
36191,0
16875,0
47871,1
34867,0
42862,0
49330,0
5456,0
26408,0
36656,1
39226,1
48408,1
43545,0
10733,0
40080,0
24116,0
42534,0
25063,0
36198,0
25575,0
30969,0
13636,0
42910,0
28202,0
37641,0
41543,0
51548,1
27395,0
37449,0
26607,0
21938,0
32614,1
22254,0
14886,0
2659,0
46679,0
13152,0
4089,0
23890,0
43035,1
50003,0
37982,0
44288,0
48990,0
19380,0
11832,0
28353,0
46684,0
11416,0
36116,1
23977,1
7569,0
31681,0
5171,0
28910,0
45599,0
39362,0
33593,0
1922,0
48463,0
53451,0
51019,1
33153,1
13806,0
21357,0
30332,0
42466,0
47415,0
7885,0
46181,1
978,0
12539,0
40371,0
26157,0
28230,0
35460,0
18011,1
458,0
20547,0
25429,0
16014,0
45214,0
13528,0
42553,0
35954,0
5900,1
9731,0
27047,0
32342,0
44546,1
15783,0
19795,1
45262,0
10243,1
38234,1
17636,0
23810,1
8341,0
12138,0
13090,0
20870,0
41059,1
26851,0
17789,0
12828,1
9186,0
32216,0
53208,0
30065,0
35276,1
45230,0
27840,0
28022,1
17312,1
35850,0
30302,1
609,0
26180,0
31393,0
29934,0
3978,0
27002,0
13923,0
6293,0
13758,0
48327,0
50271,1
37279,0
24577,0
46717,0
47206,0
28686,1
49211,0
29627,1
24898,0
17074,1
50002,0
15319,0
5133,0
19611,1
24703,0
51581,0
48425,1
3107,0
36201,1
39397,1
17759,0
32051,0
16188,0
22329,0
45541,0
2726,0
5909,0
8064,0
26816,0
51467,0
36516,0
41347,0
14249,0
22979,0
28034,0
21453,0
30564,1
21631,0
50415,0
23144,1
40553,0
11765,0
3077,0
53037,0
50507,0
16934,0
42136,0
19684,0
42667,0
18539,0
28229,0
12761,0
15955,0
29168,0
37773,0
42620,0
35485,1
39605,0
48055,0
35255,1
1449,0
28311,1
20525,0
22391,1
50169,0
10044,0
11274,0
44079,0
41440,0
30193,1
31950,0
23844,0
38779,0
26002,1
11834,0
4303,1
13365,1
4435,0
8675,0
7639,0
20552,0
25124,0
18447,0
51551,0
33171,0
22990,1
3173,0
46990,0
12493,1
8098,0
49628,1
15161,0
7508,0
29046,0
18304,0
35725,0
24185,0
44897,0
50819,0
22124,0
10812,0
44118,0
44091,0
50379,1
3040,0
49785,1
44589,0
31881,0
47749,0
19083,1
49052,0
4259,0
42399,0
23472,0
3791,0
8442,0
13124,0
27500,1
47198,0
16998,0
34161,1
39233,0
8865,0
30434,0
4868,0
50761,0
426,0
16612,0
7055,0
41787,0
40505,0
33000,0
29840,0
14642,0
47157,0
38687,0
2758,0
30985,0
50785,0
3112,0
48293,0
50309,0
19592,1
7600,1
35135,0
25638,0
50470,0
6478,0
22525,0
28402,0
48959,0
36168,0
9190,1
39646,0
28389,0
285,0
40018,1
41476,1
13167,0
24967,0
17596,0
47860,0
16195,1
32259,0
13456,0
49667,0
26909,0
41329,0
11272,1
1778,0
25865,0
41872,0
40785,0
52359,0
6950,0
3369,0
46786,1
1323,0
48507,0
45604,0
51495,0
50035,0
23611,0
11173,1
33421,0
43450,0
38692,0
750,0
42896,1
50979,0
53607,0
33304,0
4073,0
1524,1
8507,0
24639,0
10190,0
34041,1
8216,0
24572,0
49519,0
9765,0
4434,1
53921,1
28721,0
23738,0
43801,0
39371,0
317,0
29519,0
29910,0
3670,1
43456,0
37715,0
35074,0
46688,0
48787,0
7765,0
6347,0
14163,1
48369,0
37276,0
6632,0
5400,0
1296,1
16522,0
12957,1
2229,1
43861,0
44930,0
39886,0
35580,0
50283,0
1734,1
4007,0
12931,0
52298,1
1034,0
21778,1
42388,1
47519,0
16219,0
44167,0
125,0
30177,1
43222,0
40655,0
2265,1
19126,0
38700,1
1483,0
29822,0
856,0
30020,0
21579,1
6496,0
37184,0
29432,0
38162,0
47798,0
27004,0
10683,0
4097,0
39659,0
35948,0
14978,0
30169,1
31882,0
40348,1
15366,0
5135,0
38608,0
24132,0
36747,0
31697,0
35414,1
25333,0
41961,0
19239,0
22235,0
45807,1
51271,0
26070,0
24973,0
53736,1
24653,0
35319,0
51044,1
2613,0
25002,0
21898,0
45904,0
13289,0
15006,0
11498,0
51294,0
50284,0
19829,0
26948,1
24636,0
25432,0
32496,0
42142,0
32753,0
37436,0
28496,0
27446,0
23343,0
32433,0
33531,1
44283,1
8263,1
36913,0
21078,0
39642,0
27054,1
31387,0
17445,0
12763,0
36106,1
19901,0
46408,0
17621,0
42990,0
37781,0
17835,1
19474,1
47213,0
28585,0
15397,0
47847,0
49426,0
36977,0
17714,0
20953,0
26201,1
15084,0
10331,0
17509,0
39863,0
21168,0
30842,0
21881,0
18393,0
29849,0
25137,1
49350,0
10875,1
35058,0
49612,0
29254,0
26820,1
34887,0
5149,1
18966,0
37207,0
12867,0
2071,0
44600,0
43351,0
19773,0
32328,0
7830,0
7728,0
14617,0
2780,0
52067,0
22618,0
44784,0
4787,0
15769,1
22649,0
21744,1
48433,0
38591,0
38902,0
43709,0
53683,1
32054,0
51175,0
45271,0
3924,0
25701,1
19932,0
17238,1
5066,0
1865,0
4252,0
2404,1
48304,0
6482,0
44237,0
45509,0
45978,0
22325,0
23093,0
6597,1
25319,0
15839,0
25877,0
42223,1
6557,1
44316,0
28272,0
26829,0
16281,1
13153,0
13510,0
47627,1
8506,0
5044,0
34082,0
16530,0
42766,0
24606,0
51020,0
9590,0
53874,0
11589,0
6711,0
11151,0
39702,0
26140,0
3109,0
38341,0
47319,1
19362,1
