id,label
1049,0
8125,0
241,0
11660,0
14743,0
6858,0
11984,0
9647,0
6227,0
1052,0
1553,0
10907,0
3792,0
5607,0
2987,0
7762,0
10766,1
2216,0
2607,0
1941,0
3840,0
8326,1
8872,1
9800,1
13187,0
1507,0
1980,1
13175,0
9414,0
6958,0
13150,0
527,1
15380,1
11974,0
7462,1
8413,0
822,0
15673,0
14731,0
8904,0
13868,0
15457,0
6938,0
4505,0
8897,0
16336,0
11312,0
15396,1
14035,0
3931,1
2891,0
8405,0
9978,0
2953,1
14031,0
13855,1
8943,0
8845,1
11355,1
8303,0
15186,0
9880,0
8969,0
15079,0
6039,0
8730,1
12925,1
15954,0
726,0
14968,0
11802,0
8219,0
6326,0
9955,0
13254,1
2999,0
14001,0
4247,1
15796,0
13908,0
9573,1
14174,0
471,0
1531,0
7979,0
6793,1
3805,0
7839,0
4634,0
3711,0
1129,0
140,0
15268,0
3689,1
12201,0
9239,0
11392,0
742,1
10619,1
11891,0
1672,0
6636,0
8346,0
2822,1
16427,1
9467,0
14806,0
14346,0
3834,0
5210,0
4896,0
13616,0
2002,0
7103,0
2294,0
3791,0
9753,1
14768,0
7220,0
1543,1
6944,0
4996,1
8668,1
1761,0
15691,0
8026,0
13611,0
13016,1
15429,0
11706,0
4066,0
16170,0
6280,0
10893,1
6978,0
15761,0
15772,0
7504,1
1402,0
16411,1
11311,1
12246,1
12054,0
9910,1
5596,0
5508,0
166,0
199,0
5732,1
5372,0
4830,0
16380,0
16181,0
13151,0
4599,0
6780,0
14902,1
12036,1
3193,0
8539,0
858,1
15174,1
10403,0
10464,0
1458,0
2706,0
2622,1
3869,0
451,1
14464,1
7460,0
3449,0
5241,0
11247,1
10381,0
961,1
8453,1
11851,0
9530,0
10773,1
13286,0
10267,0
8508,0
7859,1
13714,0
11208,0
10401,0
3555,0
15088,1
7405,0
6222,0
14303,0
8043,0
2588,0
9777,0
15644,0
15115,0
14639,0
4471,0
15662,1
1408,0
13366,0
9240,0
15959,0
13255,0
8143,0
8527,0
15200,1
11255,1
8203,0
4302,0
1225,0
6996,1
524,0
13565,0
74,0
14262,0
9707,0
6966,0
792,0
4265,0
2590,0
3549,0
789,1
5672,1
2006,0
6932,1
303,1
6851,0
15364,0
2371,0
14033,1
14369,0
15366,0
10770,0
7194,0
13879,0
2192,0
9198,0
9269,0
8962,1
7492,0
2134,0
10721,1
15275,0
16259,0
12019,0
1126,0
175,1
10618,0
1542,0
11009,0
9907,1
11339,0
11333,0
11038,1
3771,0
13898,0
3704,1
10556,1
11315,0
6274,0
9281,0
2168,0
14746,1
8796,0
13257,1
1959,0
4416,0
13278,1
14066,1
4534,0
7874,0
14206,0
9939,0
5958,0
1578,0
2481,0
16207,1
11583,0
5788,0
15972,0
16369,1
14624,0
3030,1
9420,0
4446,0
13455,1
7268,0
15989,0
5166,1
3814,0
6798,0
11061,1
2772,0
5301,0
2703,0
9128,1
14438,0
16473,0
10219,0
16062,0
10933,0
7514,0
15211,0
8474,1
14261,0
13283,1
9008,0
13474,0
7356,0
4408,0
12074,0
11552,1
11362,0
4691,0
14581,0
5100,0
2562,0
3538,0
16195,0
14816,0
14292,1
7905,0
9390,1
2963,0
2271,1
4839,1
13809,1
3573,1
10815,1
4860,0
9009,1
215,0
6025,1
3089,0
1022,0
7061,0
11990,1
9811,1
2613,1
10785,0
3000,0
10831,0
12844,1
16280,0
12700,0
6389,1
7191,1
13181,0
12881,0
2368,0
8483,1
414,0
3426,0
16178,0
1973,0
8133,1
12519,1
11389,1
9505,0
11353,0
7525,0
14813,1
12586,0
8468,0
11465,0
15274,0
8076,0
24,1
6671,0
406,0
4909,0
13086,1
1332,1
11713,0
6419,0
935,0
10968,0
4262,1
10610,0
1278,0
6837,1
8994,0
11144,1
2211,1
850,1
5111,1
5450,0
12561,0
6091,1
12958,0
14877,1
3772,0
8200,0
5387,1
3200,0
1914,1
2664,1
13212,0
10140,0
13510,0
3825,0
14782,1
2378,0
13884,0
103,1
10901,0
9248,1
7557,0
15139,0
14779,0
14846,1
9615,1
9380,0
2876,1
12421,0
2956,0
4218,0
15138,1
14506,0
335,0
15722,0
7258,0
1119,1
4253,0
9449,0
13281,1
2023,0
11241,1
1237,0
16053,1
12124,0
7594,1
12615,0
9929,1
10702,1
11048,0
11193,0
8374,0
11771,0
15361,1
5093,1
4496,1
12767,0
11468,0
12416,0
15795,0
15116,1
2014,1
1020,1
3646,0
14829,0
7620,0
6518,0
15080,1
8633,1
5445,1
224,0
5351,0
6098,0
2083,1
15602,0
6613,0
10445,0
13676,0
15720,1
11898,1
14295,0
9441,1
15919,1
4804,0
3773,0
13230,0
4603,0
7361,0
10565,0
13271,0
10653,0
15438,0
2505,0
10115,0
7409,1
15497,1
13475,1
6699,0
16048,1
7559,1
5697,1
3605,0
8455,0
7293,0
5625,0
10768,1
12039,0
2017,0
2145,0
7637,0
3799,0
9966,0
7051,0
7568,0
7676,0
15514,0
10897,0
13972,1
8776,0
14681,0
8651,0
225,0
7453,0
11396,0
14364,0
5204,0
9154,0
2626,0
6642,1
10573,0
12693,0
10659,0
14132,0
4004,0
12544,0
14384,0
2643,0
15239,0
6240,0
5303,1
8237,1
16455,0
3740,1
1581,1
1136,0
2240,0
3472,1
6409,0
8507,0
16348,0
9885,1
15769,0
15302,0
974,1
430,0
1188,1
4567,1
15105,0
1934,0
8097,0
16444,0
7366,0
13053,1
11003,0
170,1
3487,1
55,0
4499,1
4551,0
11595,1
4497,1
655,0
23,1
5170,0
1094,0
2733,1
3243,1
16243,1
9351,0
1065,0
2551,0
15459,0
3700,0
13785,0
13206,0
6349,0
15140,1
12222,0
6381,0
13791,0
15839,0
16295,0
1160,0
8650,0
11817,0
14224,0
11622,0
16478,1
13870,0
15813,1
10597,0
11856,1
13529,0
14801,0
14972,0
8575,0
4594,0
4565,1
8249,1
2220,1
5524,0
12779,1
377,0
6897,0
1665,1
3229,0
14379,1
945,0
10934,0
13357,0
5244,0
886,1
15879,1
1422,1
13625,0
8162,0
9968,0
4245,1
6850,0
3597,0
5792,1
12203,0
5141,0
16419,1
3022,0
10708,1
14849,0
3540,0
15004,0
2710,1
3100,0
6854,0
3293,1
1514,0
3505,0
12705,0
13160,0
7349,0
11027,1
4645,0
13741,0
15608,0
7147,0
15130,0
11876,1
14574,1
755,1
5911,1
10084,0
9638,0
14583,0
1948,0
15330,1
15531,0
5655,1
15581,0
503,0
15777,0
12485,0
12691,0
9446,0
5969,1
13179,0
11330,0
14691,0
2755,0
10482,0
2834,0
13464,1
16316,0
4954,0
5122,0
6641,1
8652,0
8849,0
2908,0
13586,0
7090,0
1768,0
5504,0
9156,0
2223,0
427,1
2535,0
11045,1
9317,0
3701,0
6308,1
12770,1
15292,0
8603,0
4359,0
12653,0
16013,1
8602,1
14460,0
584,1
12456,1
13345,0
13067,1
799,0
1187,1
9191,0
16146,0
5357,1
13668,1
4536,0
13253,1
9069,0
10248,1
9558,1
9502,0
8178,0
13934,1
2375,0
10478,1
8192,0
562,0
625,0
3286,0
13797,0
11488,0
8062,1
3163,1
9444,1
9661,1
15245,0
3544,0
6183,0
11097,0
8635,0
4204,0
13732,0
1705,0
1874,0
4660,1
6114,0
9468,0
14366,0
7286,0
976,0
3741,0
155,1
1270,0
145,1
2715,0
2335,0
1389,0
15865,0
8290,0
5174,1
7563,0
11041,0
2853,0
3731,0
7001,0
16413,0
2892,1
15266,1
13692,0
12870,0
579,0
8643,0
7331,0
1908,1
14628,1
14868,0
2934,1
3250,0
7122,0
2704,1
12833,1
11733,1
15911,1
4480,1
7101,0
4372,0
1763,0
5104,0
10098,0
12205,1
62,1
2095,1
3918,0
10822,1
2781,1
12531,1
13035,0
4965,0
12477,0
1245,0
8201,0
13275,1
14186,0
12893,1
12083,0
728,0
12720,1
14677,0
2656,1
15031,1
9749,0
9567,1
8930,0
6645,0
9693,0
738,0
11843,0
13776,0
15708,0
950,0
12781,0
13951,0
2826,0
7373,0
14936,0
14605,1
15255,0
5888,1
10376,1
8123,1
6707,1
11190,0
7653,0
6298,0
14640,0
12499,0
12593,0
1561,0
746,1
5737,1
12783,1
10178,0
1400,1
2806,1
15687,0
13756,0
2008,1
7721,0
4543,0
2819,0
9389,0
701,0
9554,0
13569,1
3132,0
13238,1
2763,0
8431,0
9086,0
11068,0
9210,0
15809,0
13239,1
4232,0
3974,0
15418,0
15785,0
1701,0
5977,0
12667,0
13502,0
10356,0
15402,1
2356,0
16357,1
544,0
1265,0
16265,0
7279,0
5728,1
12819,0
2591,1
198,1
8129,0
13733,0
16102,1
2977,0
9098,1
5857,0
14426,0
10772,0
4045,0
1254,0
3515,1
449,1
3018,0
425,0
6705,0
2151,0
900,0
14144,0
16051,0
3477,0
13873,0
8749,0
2444,0
10338,0
13849,1
10467,0
6018,0
2785,0
9087,0
4156,0
12751,0
12750,1
264,0
14208,0
14425,0
2699,0
14977,0
3721,0
8741,0
1217,0
3447,1
9220,1
6684,1
4506,0
5823,0
14410,1
1433,0
9750,0
5690,0
15484,0
9343,0
15224,0
6014,1
10146,0
16100,0
11384,1
13702,0
3162,0
5164,1
12133,0
4057,1
7397,0
12453,1
2539,0
15776,0
14963,1
13031,0
4103,1
12153,0
12488,0
15066,0
15471,0
14729,1
13021,1
2922,0
15519,0
13470,0
9384,1
15410,0
14831,0
13557,0
14156,0
5369,0
1574,0
508,0
4295,1
1335,1
5336,1
5902,0
12376,0
13347,1
4158,1
14357,0
929,1
16426,1
9294,0
11529,1
11256,1
70,0
10369,1
108,0
8574,0
14701,0
16400,0
4055,0
547,0
835,1
5491,0
13675,0
4053,0
4027,1
12112,0
8619,0
12557,0
10080,0
14651,0
13593,0
72,1
11695,1
8818,1
5651,0
14606,0
9719,1
12326,0
13209,0
77,1
7738,0
10834,1
13051,0
12938,1
9412,0
16290,0
3280,0
12611,0
2606,1
8541,1
10035,0
9383,0
163,1
15214,0
1668,1
4680,1
9743,0
7934,1
5146,1
6769,1
844,1
15189,0
1585,0
6180,0
12321,0
11551,0
645,1
8242,0
5886,0
15195,1
8501,0
944,1
14125,0
13516,0
46,0
15472,0
15900,0
546,0
1774,0
9060,0
8846,1
6423,0
4116,1
13623,1
889,1
4386,1
5201,0
7824,0
6913,1
5770,0
6139,1
9981,0
9822,0
9358,0
12202,0
8478,0
10998,0
15871,0
13915,1
4658,0
14200,0
14513,0
5160,0
10014,0
5059,1
12043,0
4396,0
6716,0
9160,0
12467,1
13594,0
2273,1
9110,0
12754,1
15251,1
11400,1
11380,0
9481,0
13693,0
5934,0
11818,1
13038,0
13679,1
6023,1
829,0
4334,0
4145,0
5171,0
6669,1
1399,0
15110,0
13925,0
3014,1
12322,0
14219,0
5167,0
5187,0
10089,0
1322,1
5056,1
5299,1
843,0
11864,1
2329,0
10058,0
1715,0
1776,0
6506,0
15762,1
2126,0
8549,0
9666,1
15018,1
5016,1
3709,0
14326,1
15629,1
6333,1
16141,0
2921,0
3702,0
8235,0
9456,0
14884,1
6086,0
1378,0
10752,0
7870,1
2741,0
953,0
16202,1
4418,0
13162,0
8403,1
12573,0
4412,0
11882,0
2714,0
15734,0
9328,0
1452,0
3091,1
2137,0
8768,0
1082,1
14548,0
7636,0
5538,1
12104,0
7541,0
7590,0
1083,0
15511,0
12949,1
9039,0
4002,1
7631,0
5642,0
3817,1
8075,0
15849,0
14903,0
10205,0
4321,0
10308,0
9735,1
3528,1
15318,1
5211,0
15952,0
9831,0
10404,0
4206,0
13439,0
9516,1
4522,0
972,0
7911,0
10854,0
1066,0
13248,1
15639,0
11493,0
15551,1
3600,0
16088,1
15647,0
15547,0
13832,1
6082,0
16150,1
10096,0
10348,0
7667,0
5667,0
7564,1
14662,0
9434,0
741,0
3637,1
8782,1
7305,1
2169,1
10812,0
9076,0
11838,0
14756,1
9106,0
2087,0
1760,0
3561,0
8510,1
8894,0
4579,0
3346,1
1196,0
7142,0
15765,0
5324,0
4179,1
3017,1
4553,0
4646,1
12692,0
9279,0
2410,0
6564,0
15991,1
3603,0
10769,0
10754,1
13465,0
65,1
2996,0
4025,0
734,0
14637,0
2438,1
6722,0
6786,1
7929,0
756,1
4978,0
9442,0
2120,0
1289,0
12349,0
12463,0
12448,1
11537,0
1407,1
15743,0
10022,0
10896,0
7181,0
7860,0
16117,0
9794,0
2793,1
13744,0
6614,1
15573,0
9097,0
5407,1
6678,1
14043,0
9987,0
14286,0
10484,0
13632,0
4461,1
4374,0
7011,0
575,0
6099,1
13767,1
7502,1
9010,1
12070,0
6220,1
5375,1
6310,1
95,0
14391,0
3326,0
10584,0
2939,0
11915,0
15164,0
13246,1
5172,0
13837,0
12254,0
10017,0
15093,0
1529,0
6149,1
6747,0
8269,0
9036,0
11149,0
9791,0
6985,0
14406,0
8770,0
10512,0
15509,0
8283,0
16009,0
16294,0
4217,1
6989,0
1772,1
8441,0
14028,0
10845,0
7830,0
7128,0
12527,0
4589,0
2263,0
2767,0
16136,0
12369,0
6094,1
12181,1
764,0
5600,1
6503,0
3226,1
12885,1
3652,0
5094,0
15790,0
14307,0
1541,0
10162,0
2506,0
9277,0
2109,0
6640,0
12407,1
3374,0
15845,0
628,1
1836,1
10717,0
7003,0
1820,1
2358,1
14930,0
10617,0
9443,1
227,0
6434,1
5759,0
3198,0
433,0
9423,0
9120,0
10614,1
9407,0
12263,0
1712,0
5481,0
14259,0
12735,0
715,0
5308,1
2835,1
11496,0
11297,0
2262,1
4264,1
5940,1
7712,0
15540,0
4341,0
15627,1
14722,0
15270,0
15203,0
15803,0
2314,1
5089,1
1181,0
4859,1
15523,1
2857,0
4578,0
4266,0
3892,1
10274,0
8451,0
2544,0
4979,0
15122,0
15496,0
10566,0
8761,0
7573,0
7983,0
332,0
913,1
10169,0
5268,0
5235,1
10142,0
15338,0
5924,0
11973,0
2363,0
5340,0
3282,1
8687,0
3350,0
7576,0
11367,0
1149,0
12865,0
6950,0
10153,1
10827,1
5664,0
1216,0
12090,0
3518,0
13393,0
7179,1
6803,0
2244,0
11454,0
12619,1
14850,1
11901,0
10759,1
15516,1
11271,1
1719,0
13640,0
14195,0
11463,0
10891,0
2740,0
6748,0
14620,0
12551,0
15755,0
15618,1
3501,0
8306,1
14960,0
14893,0
127,0
13004,0
15706,0
14673,0
11371,1
1058,0
721,0
5285,0
12105,0
10589,0
177,0
1837,0
1818,0
12850,1
3788,0
4153,1
12744,0
4039,0
11853,0
15760,0
9201,0
1214,0
6774,0
13628,0
12037,0
15646,0
3498,0
3602,1
10932,0
12122,1
267,0
14558,0
11011,1
13674,0
16490,1
5754,0
6136,1
7391,1
3013,1
10692,0
9113,0
2685,1
205,0
297,1
13532,0
14423,1
7113,0
7392,0
2779,1
470,0
4748,0
5347,1
14778,0
239,0
6984,1
12031,0
13030,1
9836,0
5345,1
5149,0
6491,0
3778,0
8332,0
2751,1
14712,0
8424,1
13549,0
10413,0
13764,1
4588,0
8955,1
5163,0
8595,1
2462,0
6007,1
11641,1
779,1
10502,1
8421,0
3082,0
5773,0
7339,1
5833,0
12044,1
8554,1
9621,0
2140,0
5943,0
4492,0
6351,1
6879,0
6161,0
14242,1
591,1
3707,0
2206,1
606,0
7946,1
12444,0
7865,0
1935,1
9175,1
7940,0
10806,1
4417,0
1013,0
11848,0
6186,0
3729,0
8762,0
14649,0
5366,0
6163,0
4164,0
8676,0
7262,0
7332,0
4139,0
299,0
907,1
8266,0
14780,0
3887,0
9188,1
997,1
13763,0
10437,0
13280,0
4287,0
6733,1
11785,0
1180,0
14774,1
13665,1
6407,1
6165,0
6568,0
6040,1
7201,1
15448,0
11064,0
4126,0
3074,1
10055,1
11280,0
15333,1
5936,0
5540,1
16239,1
3080,0
14592,1
5453,1
15053,0
5726,1
9195,1
9477,0
3386,1
6588,0
10226,0
419,0
16116,0
2010,0
445,1
6505,1
2694,1
15087,0
5730,0
11924,1
2176,0
1288,0
5984,1
5162,1
6264,0
2512,0
7034,0
13540,0
4309,0
4920,0
1062,0
2589,0
8913,1
5437,0
10397,0
14022,0
6576,0
4950,1
9230,1
9043,0
875,1
4326,0
5403,0
6062,0
14834,0
2895,1
11028,0
14057,1
5608,0
2190,0
5866,0
10149,0
12704,1
9881,0
14421,1
8446,0
5039,1
12286,0
4640,0
4926,0
3756,1
6154,1
1006,0
11538,0
213,0
3994,0
2073,0
15228,0
11527,0
2533,0
16339,0
5652,1
586,1
7343,1
1666,1
2160,1
4600,0
14611,0
10629,1
1770,0
5057,0
13102,0
14192,1
10031,0
13365,0
14993,1
15916,0
13712,0
15504,1
5835,0
6193,0
3170,0
392,0
9064,1
10872,1
3856,0
7253,1
14376,1
6072,0
12023,0
8073,0
11824,1
15455,0
15212,0
14462,0
9547,0
16119,0
12125,0
2950,1
5901,1
2968,0
11815,0
4738,1
351,0
9997,0
2303,0
15234,0
3021,0
9971,1
12886,0
6762,1
11299,0
12235,0
16277,1
12165,0
8244,0
14162,0
11648,1
7815,0
7708,0
15314,1
6573,0
699,0
3530,0
10001,1
15311,0
2881,0
11841,1
14015,1
7838,0
11167,0
4288,0
5223,1
16395,0
567,0
11612,1
10741,0
9687,0
13743,0
10763,0
12250,0
4616,0
9050,0
12173,0
10074,0
7781,0
11826,1
12371,0
13324,0
6955,0
3706,0
12141,0
10210,0
11387,0
3762,0
59,0
14172,0
1085,0
3303,1
12576,1
1352,0
11276,0
13264,0
13219,0
12596,0
11075,0
12522,0
14771,0
13798,0
12794,1
11862,0
1137,0
15518,0
4768,1
3322,0
9951,1
3542,1
543,0
12950,0
15242,0
3950,0
5621,1
10925,0
13804,0
1364,0
11152,0
2390,0
8685,0
8524,0
3677,0
3276,0
14981,1
10010,1
13590,0
7623,1
6340,0
1676,0
3314,0
16211,0
10986,0
2434,0
8819,0
5384,0
11572,0
4170,1
7850,1
2419,0
317,1
3055,1
4171,1
1716,0
12402,0
4956,1
379,1
2957,1
9709,1
10727,0
11202,1
8078,1
8016,1
15910,1
727,0
11931,0
4590,0
10560,0
11904,0
3025,0
12384,0
1686,1
919,0
1940,0
12350,0
1084,0
11755,0
14643,1
16218,1
14227,0
9758,1
13624,1
6012,0
13122,0
1566,0
15701,0
3577,0
3469,1
16039,0
14097,0
7786,0
6251,1
4612,1
6819,0
184,0
2296,1
14006,1
12877,0
5439,1
4774,1
11253,1
4677,1
1385,0
10847,0
8263,0
8851,0
6510,1
4800,0
5225,0
16213,0
12111,1
985,0
5157,1
8705,0
10693,0
1008,1
16430,1
1756,1
12545,0
15623,0
10347,1
9863,1
1659,0
7066,1
9827,0
10173,0
3006,0
14127,0
13641,0
7791,0
5820,0
2736,0
9860,0
1331,0
12199,0
14776,0
12637,0
8820,0
14456,0
11683,0
7640,0
9563,1
9913,0
6703,0
3376,0
5739,1
9696,1
11846,0
10033,0
2146,0
16425,1
7817,1
1463,0
15036,1
11383,0
14310,0
1434,1
14155,0
2204,0
11793,0
1462,0
5051,0
10782,0
14235,1
8252,0
3177,0
11754,0
585,0
5985,1
14989,0
9117,0
15201,0
10061,0
7922,0
15342,0
9645,0
13526,0
6607,1
812,1
7888,0
9164,0
10372,0
1722,0
12724,0
12985,0
16410,0
13252,0
5702,1
10155,0
15548,1
1015,0
12215,0
13803,0
818,0
11844,0
12009,1
653,0
7601,0
10569,0
7814,0
14183,0
2302,0
1862,0
15256,1
12846,0
1342,0
1388,1
8786,0
9526,0
16220,0
3362,0
9361,0
8852,0
4455,0
90,1
6358,1
7077,1
12723,1
6416,0
13854,1
1963,1
2102,0
519,0
13561,0
14686,0
4430,0
2261,0
12280,0
7266,0
15398,0
3068,0
11935,0
12417,1
3007,0
499,0
5587,1
14331,0
16415,0
10455,1
3412,1
7918,0
11795,1
15337,0
8179,0
5640,1
5532,0
5689,1
14661,0
15930,1
1596,0
398,0
12587,0
5599,0
13985,0
10269,0
2208,1
3251,0
15570,0
8191,0
6050,0
14705,0
4507,1
11453,1
10995,0
11850,0
9336,0
14179,0
12119,0
9229,0
5091,0
4394,1
8358,0
10374,0
6838,0
14079,1
12827,0
1471,0
15922,0
5710,0
14737,1
663,1
9922,1
3967,0
12481,0
1707,1
13351,1
1765,0
5434,1
4363,0
10116,0
14293,0
15635,1
1272,1
9376,1
10475,0
13002,1
11176,0
10442,0
14136,0
13112,0
13119,1
8681,0
15149,0
16450,0
2631,0
9183,0
12225,0
3915,1
15563,0
10570,0
15929,0
4365,0
3868,0
11192,0
537,0
8437,0
7725,0
12103,1
7175,0
16298,0
15535,0
6507,0
10826,0
2316,0
15637,0
2603,0
8452,0
4977,0
12406,1
5075,0
6185,0
15953,0
9302,0
14380,1
2427,0
6672,0
14636,0
9657,0
343,0
7119,1
6804,0
13422,0
9284,1
15928,0
14955,1
13775,1
15539,0
1681,1
2569,1
14734,0
41,1
4352,0
7942,0
399,0
3908,0
7261,0
16010,0
6720,1
4667,0
973,1
12007,0
8829,1
8611,0
16379,0
4069,0
10863,0
4240,0
9200,0
9755,0
2594,0
13522,0
9868,0
5353,0
4117,0
12296,1
6498,0
9843,1
11837,1
134,0
3452,1
6973,0
12638,0
12200,0
13552,0
6211,1
2540,0
6453,0
12266,1
16461,0
5228,0
4639,0
9634,1
1269,1
12470,1
13667,0
4271,0
13034,0
761,1
7146,0
2547,0
3860,0
1601,0
6266,0
2701,0
331,0
3366,0
120,1
14939,1
2840,0
11730,1
9964,1
15029,0
5030,0
4823,0
10670,0
15731,0
14532,0
9037,0
4201,0
12093,1
8678,0
10953,0
16407,0
7387,0
8915,1
13521,0
10204,0
15999,0
12514,0
13966,0
5873,0
1576,0
4210,0
11449,1
6902,0
3146,1
11606,0
15336,0
432,0
12624,1
3298,0
8553,0
13627,0
5335,0
16303,1
12872,1
12411,0
4797,0
1539,0
190,0
10458,0
14687,0
14137,0
866,0
796,1
9986,0
9213,0
3811,0
8356,0
3246,0
10547,1
14126,0
13066,1
4786,0
11197,0
5518,0
8023,1
10423,0
3975,0
8640,0
15681,1
5981,0
11469,1
10856,0
6885,1
11652,0
7515,1
16486,0
6779,0
12679,1
9601,0
12915,1
15169,0
10681,0
16268,0
4656,1
2708,0
6666,0
12206,0
15931,1
2465,0
15427,1
14983,0
3111,1
8320,0
3509,0
2707,0
10761,0
7683,0
2833,0
14048,0
10783,0
4960,0
4028,0
3283,1
4434,0
6232,0
1220,0
10615,0
9147,0
531,0
12051,0
10052,1
16011,0
5079,0
14549,0
8110,0
6355,0
12361,0
5879,1
13706,0
11594,1
8743,0
5515,1
12282,0
4248,1
1395,0
323,0
2693,0
8903,0
8951,1
16227,0
2222,0
9145,0
10002,0
4681,0
3058,1
9370,0
5955,0
10697,0
15157,0
8702,0
5370,0
12047,0
824,0
7758,0
7694,0
3699,1
220,0
16167,1
5213,0
10279,0
10214,0
10722,0
15351,0
3732,1
2049,0
2971,0
10976,0
13812,0
7855,1
10926,0
1508,1
15675,1
10562,0
3436,0
7627,0
14030,0
8804,1
2128,0
2837,1
14564,0
12990,0
13075,0
10775,1
7204,0
4911,1
7244,0
9584,0
14738,0
5978,0
10007,0
12983,1
2783,0
16446,0
11854,1
12907,0
10486,1
7104,0
8977,0
878,1
14709,0
15432,1
3428,1
2585,0
6427,1
10594,0
9793,1
8515,1
6516,0
6037,0
16285,0
12224,0
7278,0
13188,0
4467,0
14154,0
4185,0
10600,0
7247,0
2464,0
6673,0
10285,0
4067,0
9897,0
4371,0
8181,0
7148,0
13459,0
13574,0
424,0
13317,0
1240,1
11745,0
5926,1
404,0
10923,1
2528,0
920,0
16442,1
8156,1
2435,0
14107,1
15653,1
2267,1
3695,0
9046,1
10145,0
8566,0
12003,1
13325,0
9068,1
5071,0
1638,1
13374,0
4575,0
14811,0
6563,0
8946,0
8305,0
640,0
2474,0
6348,0
8426,1
9543,1
12078,1
11434,0
14399,1
2624,1
2313,0
10500,1
9214,1
12839,0
1573,0
5747,0
4529,0
3983,0
1895,0
14129,0
1131,1
13189,0
5581,0
13170,1
6291,0
10686,0
3697,0
2062,1
3206,0
1377,0
10301,1
14135,1
10882,0
12312,1
7354,0
1382,0
14692,0
9003,1
12656,0
3252,1
1229,0
16311,0
9184,1
12559,1
11636,0
3064,0
8214,0
12830,1
7109,0
7990,1
1057,1
1838,1
14321,0
5698,0
150,1
11130,0
4713,1
1992,0
6034,1
9453,0
3780,1
582,1
4816,0
12621,1
680,1
11656,1
10462,0
8341,0
5968,0
12608,0
14161,1
14761,0
6288,1
5555,1
14505,1
9848,0
1431,0
2089,1
10362,0
9135,0
8912,0
15800,0
3857,1
15045,0
5829,1
6390,0
3061,1
5588,0
8972,0
10990,0
15821,1
8528,0
1241,1
7543,0
16124,1
10091,1
16194,1
15707,0
2459,0
11238,0
12147,1
12401,1
13168,0
14978,0
6275,1
5553,0
12864,0
2039,1
3244,0
4243,0
7435,0
12149,0
12309,0
14014,0
5510,0
3318,0
14021,1
3353,1
5363,1
800,1
5199,0
10420,0
2162,0
9445,0
10099,1
15040,0
10588,0
15634,0
9369,0
11481,0
4673,1
1956,1
3688,0
14800,0
8659,0
12189,0
10163,0
12612,0
15286,0
7687,0
1044,0
12912,1
6709,0
14918,0
3769,0
7550,1
5681,0
12294,0
15614,0
3108,0
7013,0
7263,0
13436,0
11625,0
3052,1
11225,0
4982,0
10319,0
14922,1
6734,0
15249,0
13946,0
2429,0
440,0
7558,0
15579,0
5809,1
10690,0
8285,0
3521,0
9192,1
3572,0
6206,1
2268,0
9925,0
13054,0
2476,1
9537,0
2308,0
4304,0
15320,0
6824,0
12100,1
6757,0
2582,0
3211,0
6397,0
10023,0
2792,1
4381,1
4999,0
9235,0
14482,0
4468,0
2031,0
9508,0
3085,0
6089,1
1627,1
3905,1
10777,0
3609,1
8511,0
2549,0
6131,1
14909,0
9711,0
12987,0
15423,0
4165,0
6435,0
16184,1
7215,0
13172,0
3653,0
3296,0
8834,0
16273,0
9501,0
1263,0
11920,0
3638,0
10611,1
14334,1
9167,0
5653,0
9600,1
9604,0
15906,0
10314,0
13458,0
1235,1
13690,0
13320,0
16015,1
12863,1
6151,0
5224,0
9664,0
6692,0
5137,0
10480,0
15133,0
4582,1
3301,0
14474,0
16417,1
3854,0
12507,1
12379,0
10912,0
8174,0
5919,0
2282,1
6092,1
5752,0
11189,0
11244,1
10117,0
6212,0
14053,0
9970,0
1674,0
16391,0
3290,0
1851,0
10434,1
4598,0
10167,1
5827,0
1949,1
1932,0
8222,0
15717,1
5046,1
12197,0
15767,0
5216,0
12305,0
3832,0
848,0
11236,0
4118,0
14365,0
9662,0
266,0
14767,0
2928,0
6986,0
7544,1
10114,0
14201,1
6088,0
13739,0
16352,0
7982,1
9835,1
15159,0
15009,0
1958,0
13512,0
12503,0
13670,0
2916,0
10551,0
8513,0
6172,1
7294,1
2101,0
893,0
1978,0
5892,0
6914,0
6574,1
11779,0
613,0
5156,0
11069,1
7062,0
2,1
1977,0
11587,0
1673,0
975,0
2896,0
12465,0
3963,0
15390,0
5741,0
4711,0
16226,1
7916,0
9560,0
7086,0
3008,0
8353,0
612,1
7383,1
16358,1
1758,0
429,0
7297,1
6408,0
2432,0
5719,0
3332,0
14645,0
8928,0
8045,0
2874,0
45,0
2965,0
8127,0
10254,1
12698,0
704,0
7555,0
7689,0
5598,0
10730,0
8620,1
6392,1
12271,0
3156,0
13867,1
10073,0
639,0
13312,0
2353,0
5220,1
11476,0
11544,0
6129,1
10365,0
1155,0
12673,0
5002,0
11918,0
8632,0
9686,1
6277,0
14358,1
14885,1
13203,1
6660,1
5312,1
5778,1
9426,1
3037,0
12136,1
3097,0
11688,0
11787,1
6500,1
3114,0
14600,0
7030,0
860,0
13220,0
11399,0
551,0
4379,0
8060,1
6252,1
1883,0
9471,0
408,0
7326,0
12954,0
15109,1
521,1
2424,0
11512,0
3804,1
13019,0
10627,0
1981,0
7513,0
3591,0
11794,0
5585,0
8066,1
8610,0
12758,0
8839,1
13907,0
12419,0
9396,0
9580,0
5142,1
13249,1
6255,1
13161,1
7323,0
8215,0
6038,0
10273,0
15445,0
2550,0
2250,0
13090,0
9224,0
2074,0
16440,0
5917,0
2461,0
14969,0
2178,1
12869,0
10466,0
4458,0
1571,1
13390,1
5628,0
9588,0
864,1
2821,1
11386,0
8251,0
12934,0
4080,0
16245,0
2789,1
15633,1
5802,0
2397,0
4607,0
14586,0
16019,0
9718,0
7503,1
4493,0
11759,0
4380,0
14023,1
13081,0
11699,0
1513,1
1247,0
8164,1
3673,0
13782,0
15420,0
4981,0
7618,0
8530,0
3138,0
16267,0
8371,0
2661,0
3582,0
8550,0
2897,0
13599,0
11873,0
11603,0
11593,1
8400,0
6421,0
15167,1
8382,0
6549,1
11803,0
8015,0
706,0
3838,0
8544,0
8745,0
1438,1
8248,1
14682,0
14327,1
8457,0
14781,0
3916,0
15090,0
6855,0
5309,1
14055,1
11994,0
3757,0
11832,1
7450,0
3776,1
4282,0
13406,0
12262,0
1074,0
4426,0
12050,0
9864,0
10575,0
5292,1
16385,0
11289,1
4810,0
14197,1
9982,0
15697,0
4196,0
13321,0
4254,0
8207,0
7200,0
7019,0
3590,1
5854,1
6888,0
707,0
8614,0
6848,0
4902,1
3525,0
11687,0
15793,0
4564,0
1485,0
7842,0
13197,0
7465,1
8925,0
3101,0
6209,1
11945,0
775,0
7486,1
3065,1
2864,0
2323,1
11284,1
8957,0
4659,0
3171,0
15059,0
5980,1
8898,0
11987,1
1041,0
3846,0
8213,1
14693,1
6148,1
2070,0
8108,0
7816,1
5318,0
9116,0
13036,0
7413,0
3144,0
4606,0
5659,0
3971,1
11860,1
12161,1
788,0
6090,0
1814,0
2440,0
1183,0
133,0
4263,0
13818,1
14170,0
14907,1
4672,0
1152,1
1357,0
8316,1
539,1
10868,1
11053,0
9074,0
12645,1
10378,1
990,1
7910,0
8960,0
8959,1
4437,0
13518,0
3988,0
11111,0
15407,0
15131,0
13721,1
1451,1
15267,0
12382,0
6159,0
15545,1
3812,0
12534,0
15246,0
8149,0
1411,1
15880,1
15877,1
15567,1
8331,0
15226,0
15171,0
5629,1
10029,0
7930,0
3054,1
14803,1
11598,1
6181,0
9137,0
1747,0
1511,0
11471,0
854,0
5641,0
13805,0
7212,1
9495,0
10011,1
782,0
75,0
12505,0
2705,0
14115,0
14371,0
6456,0
6201,1
5551,1
6983,0
15532,1
11732,0
7920,0
10377,1
10113,0
2567,1
412,0
16374,0
6425,0
16230,0
15508,0
2978,0
13882,0
11074,0
5218,1
3009,0
14630,0
1983,1
11653,0
192,0
2926,0
1584,0
11395,0
218,1
7296,0
12314,1
6361,0
14000,0
9908,1
11758,0
6323,1
2809,0
522,0
9015,0
11088,1
10092,0
7959,0
5688,0
14753,1
11042,1
3124,1
14818,0
4344,0
1405,0
3723,1
11675,0
8964,0
2163,0
10660,0
8204,1
8696,0
11796,1
10890,0
10700,1
2910,0
7329,0
4967,1
3945,0
15434,1
249,0
7656,0
9649,0
9962,0
16012,0
11198,0
10411,0
4049,0
3241,1
12281,0
2871,1
3045,1
1164,0
6945,0
1366,0
4443,1
270,1
2681,1
2797,1
6706,0
2228,1
2848,0
11960,1
3884,0
2675,0
14584,0
6736,1
14270,0
16085,0
9934,1
3641,1
15334,0
10496,0
14659,1
9170,0
10019,0
14453,0
11249,0
16465,0
3384,0
15341,0
8354,0
8300,1
13530,0
13335,0
7996,0
9935,0
12730,0
9487,0
6892,0
5506,1
2784,0
3675,0
1313,0
14560,0
4393,0
4560,0
4148,0
1130,0
12390,0
7760,0
8753,0
10426,1
12614,0
9834,1
3611,0
15287,0
7714,1
556,0
10218,0
8736,1
6150,0
14991,0
2111,0
5635,1
6043,1
9223,0
8516,0
7880,0
5181,0
329,0
767,1
5850,1
2324,0
7501,1
5395,1
13795,0
9133,1
3995,0
11669,1
10412,0
5840,1
14442,1
2290,1
2274,0
14223,0
13145,0
13746,0
13781,0
14039,0
274,0
7399,0
10355,0
9956,0
8978,0
3767,0
2553,0
8609,0
14556,0
3926,0
15527,0
4487,0
6828,0
171,0
15506,0
6258,0
7881,0
1107,0
2802,0
11466,0
11370,0
8538,1
2507,0
7074,0
3537,0
4848,1
15617,1
15779,1
7251,0
10236,0
14424,0
11835,0
9473,0
15784,0
7045,1
13918,1
9109,0
5138,0
12811,0
10170,0
14703,0
698,0
13432,0
5885,0
15695,0
246,0
15537,1
14507,0
12223,0
4342,0
16231,0
2678,1
7660,0
677,1
16148,0
5520,0
16248,0
465,1
14700,0
12260,1
13784,0
16091,0
13373,0
10286,0
7490,0
1297,1
7478,0
13814,0
5378,0
11209,1
5989,0
970,0
3547,0
6128,0
13080,1
13622,0
4048,1
10323,0
2471,0
5054,0
7017,1
595,1
5349,0
15593,1
7670,1
13787,0
8627,0
1093,1
7681,0
8830,0
8470,0
2285,0
5418,0
10041,1
4964,1
2912,1
13630,0
12127,0
1524,1
16004,1
533,0
13079,1
4622,0
5329,0
1073,0
3909,1
1912,0
10049,0
14002,0
8968,1
3028,1
6476,0
8180,0
15964,1
7952,0
5711,0
5680,0
10435,0
12042,0
1222,0
441,1
2748,1
14964,0
3392,0
8047,0
12237,0
6977,0
4898,0
12472,0
932,0
11763,1
9018,0
15680,0
9027,1
11778,0
11098,0
11680,0
11376,1
8388,0
5916,0
10253,0
8663,1
13158,0
12848,0
5452,0
13682,1
14836,1
9850,1
1333,0
7365,0
3943,0
173,0
83,0
4178,0
7290,0
11227,0
10706,0
11366,0
9930,0
11332,0
3012,0
12494,1
5992,0
6044,0
6268,1
1315,0
2442,0
10291,0
10310,1
4585,0
8355,1
6668,0
8712,0
1479,0
15408,0
9178,1
4223,1
14503,0
4085,0
11112,0
10317,0
2737,1
9648,0
15881,0
3488,0
16061,0
12951,0
14019,0
11952,1
15253,0
452,0
763,1
9570,1
7049,1
10828,0
1087,0
5108,0
5408,0
3050,0
7949,0
16059,1
2923,0
7764,0
15858,0
14084,1
12670,0
6937,1
4407,0
14841,0
11282,0
15494,0
3470,0
12159,0
15788,0
3062,0
11716,1
206,0
11025,0
126,0
15404,1
6204,0
3190,0
12709,0
9387,0
8940,0
5404,0
643,0
16187,0
16237,1
15125,0
7703,0
834,0
14748,0
14950,0
301,1
12440,0
8803,0
7729,0
5081,1
1381,0
16388,1
3751,1
13435,0
5307,0
12385,0
576,0
15588,0
3083,0
13127,0
9901,0
15020,1
4847,1
15480,0
2844,1
3398,1
3496,0
14757,0
6388,0
633,1
7423,1
8630,0
1026,0
4678,1
1320,1
14481,1
15119,0
7933,1
16190,1
11617,1
14685,0
8033,0
7264,0
113,0
12955,1
7997,0
14209,0
7932,0
14237,0
914,1
51,1
9704,0
3801,0
12085,0
8318,1
1898,0
13639,0
5900,1
2911,0
14470,0
13057,0
5683,0
9892,0
13408,0
5045,0
3066,0
9212,0
4289,0
4963,0
7338,0
2795,1
3807,1
2825,0
6137,0
2732,0
4250,0
11278,0
8385,1
6076,0
10217,1
10144,0
1692,0
6036,0
6661,0
12918,0
13753,0
14191,1
2955,1
9275,0
10141,0
11277,0
5497,0
3183,1
982,1
12138,0
6901,0
14945,0
13213,0
4209,0
3403,1
3736,1
12636,1
1416,1
7976,0
12847,0
7231,0
13592,1
12146,0
14281,1
2360,0
13778,0
10602,0
13069,0
14696,0
13860,0
2388,0
2565,0
2902,1
13263,1
12913,0
2147,0
1033,1
10439,0
8484,0
7782,1
13421,1
2918,0
3927,0
1455,0
11352,0
955,0
11906,1
1002,0
10305,0
11102,0
15604,1
4776,0
4989,0
16296,0
11173,1
7613,0
14940,0
5078,0
9186,0
2815,0
7793,1
7442,0
6543,1
3718,0
8863,0
6108,1
15951,1
5306,0
10938,0
13813,1
2981,0
5012,0
2586,0
13914,1
8578,1
2849,0
2485,0
15528,0
11214,0
14732,0
8188,0
10633,0
52,1
11385,0
6610,0
14612,0
3758,0
6528,0
3435,0
3032,1
7192,1
1477,1
3894,0
14264,1
3004,0
13032,0
13177,0
13580,0
4942,0
15781,0
8869,1
11526,0
14194,1
9017,0
12033,1
3936,0
9403,1
6073,0
7312,1
16200,1
15977,0
14051,0
7155,0
5845,0
2305,1
10624,0
12253,0
456,0
6182,0
16319,1
12756,0
9519,1
971,0
716,0
7964,0
7114,0
14852,0
14151,0
5175,0
8593,0
13991,0
12817,1
1186,1
836,0
368,0
12126,0
12025,0
12335,0
11916,0
3824,1
765,0
4457,0
10585,1
8299,0
7863,0
14149,0
15597,0
8279,0
8082,0
14910,0
5121,0
12904,0
9965,0
7364,1
9720,0
10955,0
12196,0
338,0
7713,0
3809,0
10370,0
10643,0
12910,1
4741,0
15898,0
13752,1
3798,0
14796,0
12971,0
10340,0
1727,0
8621,0
14648,0
7857,1
15669,0
2270,1
14631,0
9854,0
6436,0
10380,0
6742,1
11187,0
7500,1
9515,0
4200,0
5856,0
4433,0
88,0
4292,0
10228,0
13301,1
14180,0
4031,1
478,0
4136,0
4605,0
669,1
15261,0
2409,0
5189,0
3924,0
10507,1
15901,0
4453,0
12908,1
8570,0
7813,0
2580,0
9124,0
1397,0
4843,0
2578,0
4329,0
16094,0
15966,0
3587,0
5168,0
10506,0
15363,0
12903,0
13520,1
221,0
13441,0
4750,0
4912,0
11962,1
12431,0
4323,0
2454,0
15836,0
13329,0
2529,0
12435,1
14714,0
4904,0
2775,0
16044,0
256,1
7711,1
14924,0
15400,0
5800,1
9132,0
2546,1
12315,0
9478,0
6740,1
10315,0
15599,1
7673,1
4395,0
10053,0
13750,0
14540,0
9056,0
15221,0
3254,0
9413,0
8815,0
4732,0
15893,1
1639,0
4744,0
11839,0
4849,1
4714,0
3513,1
4034,0
3713,1
8795,0
5757,1
15870,0
2901,0
13587,0
3614,0
9742,1
1829,0
1499,0
9807,1
2771,1
16345,1
2975,0
15587,0
784,0
8618,0
2092,0
6849,0
13240,0
9895,1
11909,1
14809,0
13250,0
3797,1
13514,0
3289,0
13957,1
14951,1
13431,0
5836,0
6063,0
11254,1
1832,0
1246,0
2310,1
10123,0
4619,0
6056,0
12240,1
2301,0
10719,1
14231,0
10513,1
7826,0
16320,1
2836,0
1617,1
11274,0
2130,0
14414,1
1749,0
11410,0
4707,0
16225,0
16414,0
8119,1
2479,0
12716,0
8091,0
9946,0
15856,0
1824,0
1496,1
14202,0
11507,1
12055,1
3529,0
4105,1
11016,1
15099,0
4747,1
1484,0
7647,0
6412,1
15050,1
13883,1
13180,1
12306,0
12968,1
5043,0
16224,0
11210,0
15664,1
4778,0
4186,0
12170,1
7203,1
6832,1
87,0
13396,1
4211,0
14312,0
16123,0
8497,0
7914,1
13768,1
9490,0
6354,0
13658,0
3873,1
9574,0
12829,0
10460,0
2680,1
12706,0
10701,0
11426,0
16487,0
15370,1
6111,0
4712,1
14632,0
8613,1
2925,0
11372,0
7436,0
6157,0
6597,1
10628,0
10685,0
1921,1
4540,0
8814,1
6756,0
14647,0
289,1
5970,0
6685,1
995,1
11223,0
14335,0
7773,0
10325,1
13585,0
7723,1
1334,0
3071,0
11823,0
7083,1
9373,1
6028,0
8607,1
7412,1
12953,0
4932,1
8934,0
2503,0
16149,0
15694,0
7923,0
13284,0
2320,1
3096,1
12518,0
1698,0
3281,0
12961,0
16235,1
6489,1
8430,0
718,1
7680,0
2554,0
7677,1
4511,0
11118,0
13740,0
6005,0
14296,0
13149,0
258,0
14073,1
7454,0
7324,0
6788,0
10185,0
12922,0
9439,0
3534,0
4284,0
14878,1
1972,0
3737,0
7529,0
4801,0
7363,0
823,0
11894,0
11531,1
1866,0
12088,0
7951,0
7733,0
15814,1
1709,0
13875,0
13077,0
4102,0
6792,1
11782,0
4787,0
13788,1
11114,0
13297,1
7063,1
1257,0
89,1
2218,0
13852,0
8333,0
14067,0
9151,1
2522,1
3669,1
3686,1
3240,0
15896,0
12930,1
7928,0
4368,0
7184,0
6286,0
491,1
4641,0
10703,1
9681,0
2272,1
13994,0
3722,1
13655,0
1991,1
4501,1
7752,0
15586,1
6794,1
16081,1
12664,1
3581,0
10604,1
4807,1
12649,0
16043,1
8349,0
15583,0
8606,0
9894,0
11120,0
16347,0
16459,0
4858,0
6257,1
14441,1
1048,0
8334,0
11022,0
13885,1
8917,1
9688,0
8751,0
11319,0
11590,0
5405,0
15995,1
9345,0
2269,0
13511,0
14247,1
8599,0
2525,0
5500,1
4688,0
10443,0
8411,1
963,0
5267,0
4236,0
5092,1
4581,1
8831,0
4155,0
7788,0
15982,0
12137,0
4311,0
16401,1
12174,0
10166,1
4827,0
5645,0
5570,0
984,1
3431,1
3352,1
15048,0
7473,0
12601,0
12699,0
1231,0
15656,0
10287,1
1915,0
7005,0
9833,0
12299,0
4222,1
7512,0
3643,0
2882,0
495,0
11298,0
7995,1
6811,0
683,1
2818,0
6790,0
2827,0
11737,0
8211,0
16378,1
6006,1
12787,0
12588,1
15944,0
7424,0
9796,0
13533,1
3073,0
2318,0
4015,0
3932,0
6620,0
2259,0
178,1
14585,1
8206,0
9917,1
8932,1
3033,0
5789,0
14550,0
8649,0
5323,0
1206,1
3497,1
16120,1
842,0
2568,1
10326,0
8336,0
2275,0
16322,0
3072,0
2935,1
14792,0
9338,0
7717,1
7115,0
13418,1
8313,0
12747,0
4922,0
9738,0
7999,0
14873,0
2906,0
8147,0
14279,1
4489,0
9631,0
11180,0
16082,0
5986,0
4968,0
6853,0
1299,1
2762,0
6629,1
9084,0
11560,0
7894,1
5897,0
14273,0
6081,0
15433,0
9378,0
5966,0
7107,0
13857,0
8409,1
8680,0
5780,1
14973,0
10809,1
1655,0
15624,0
9227,0
3843,0
99,1
13950,0
8491,1
5178,0
9062,0
7217,0
16089,1
10006,0
11113,0
4439,1
12387,0
5743,1
5806,1
15393,1
15501,0
15440,0
10175,0
8498,0
14887,0
8134,1
4464,0
1999,1
5161,0
5155,0
1544,1
15103,1
14013,1
14153,0
15343,0
2024,0
12151,0
15559,1
588,0
13232,0
3161,0
15620,0
10252,0
16306,1
10489,0
5786,0
15326,0
5298,0
8473,0
10613,0
1281,0
5590,0
14401,0
857,1
2069,1
13615,1
7988,0
1793,0
11158,0
5107,0
2765,1
7527,1
13783,0
14799,0
2769,0
16483,1
6342,1
1430,1
5239,0
9115,0
15580,1
11304,1
5810,0
3920,0
8297,0
6727,0
7384,0
7901,0
9149,0
3665,0
5779,0
3342,0
11776,1
13480,1
4205,0
14783,0
3810,0
15359,1
8775,0
5217,0
10612,0
15867,1
11557,0
1905,0
6823,1
6618,0
11650,0
9125,0
8545,0
461,0
9736,1
13911,0
6628,0
6386,1
14330,1
15738,0
6330,0
2722,0
1728,0
4583,0
13942,0
509,0
709,0
15562,0
8794,1
5893,1
12177,1
9663,0
2352,1
12434,1
12328,0
4533,0
7740,0
7898,0
11748,0
9768,0
12108,1
820,0
8394,0
15792,0
16389,1
14674,1
9324,0
4795,0
10264,0
15625,1
5037,0
801,0
4547,1
6939,1
14881,0
6891,0
10792,0
10067,1
12179,0
11456,1
1602,0
9680,0
14400,1
14054,0
7292,0
14108,0
10249,1
10415,0
6556,0
10843,0
12428,0
1605,0
10177,0
11902,0
201,0
7475,0
16462,0
3803,0
6606,0
8750,0
4354,0
10054,1
11881,1
11633,0
76,1
1081,1
3343,0
12496,1
4037,0
138,0
10739,0
3557,0
793,1
4389,0
15682,1
12753,0
2028,1
10943,0
7164,0
5543,0
6225,0
12766,0
11337,0
1021,0
6739,0
3358,0
7998,0
13878,0
5579,0
5443,0
13556,1
11066,1
8050,0
7927,1
13851,0
6457,1
10927,0
12303,0
14272,0
15651,1
8069,1
11379,0
8655,1
11611,0
4526,1
7524,1
5296,0
4704,0
14347,0
11057,0
14760,0
12677,0
7433,0
9023,0
7609,1
9428,1
11302,0
3291,0
2406,0
12473,1
1478,0
13260,0
11232,0
9566,0
745,0
2005,1
13483,0
8914,0
15178,0
10128,0
11870,0
8870,1
15426,0
15367,0
16049,0
8728,1
11018,0
9521,1
7022,0
3201,1
16076,1
7595,1
10798,0
2894,1
11609,0
4343,1
6475,0
1679,0
8954,1
3726,1
3078,0
4440,0
13553,0
3458,0
10306,1
671,1
48,1
883,1
13715,1
8653,1
9928,0
16168,0
5458,0
11083,0
4397,1
8589,0
5205,0
7342,0
8671,0
4554,0
12824,0
6906,1
14823,1
7779,1
766,0
7878,0
4702,0
8604,1
14340,0
12944,0
2077,1
7903,0
4451,0
3919,1
4985,1
4425,0
3079,0
9032,1
12790,0
6895,0
6188,1
3850,0
14476,0
6156,0
1922,0
13020,1
3166,1
6566,1
15616,0
9122,0
14899,0
12029,1
8154,0
1,0
14150,0
3034,1
10563,0
10789,0
11314,0
4775,0
3694,1
9381,0
10534,0
2139,1
16327,0
2850,0
14072,0
2638,0
6969,0
110,1
10605,1
12504,1
6957,1
4114,1
7960,1
6244,1
14076,1
2743,0
1525,0
4611,1
12000,0
13971,0
14671,0
1311,1
5208,1
1636,0
15026,0
4413,0
10889,0
5676,1
10331,0
7864,0
1061,1
1373,0
1339,0
14316,0
435,1
14704,0
4947,0
12241,1
10444,1
7761,0
16080,0
6356,0
5140,0
12123,1
5509,1
5371,1
4635,0
15571,0
2340,1
8732,0
14494,0
15378,0
10527,0
12429,0
10745,0
1370,1
10038,0
10389,0
3081,0
12426,0
15412,1
16229,0
8713,0
7831,0
9629,0
14966,0
12,1
772,1
11477,1
14332,0
9559,1
2249,0
9912,0
7170,0
11536,0
9123,0
7968,1
10967,0
2944,0
9034,0
2343,1
8989,0
1946,1
6578,0
12363,0
12011,0
7288,1
8170,1
3228,0
16377,0
10716,1
15610,0
8823,0
7604,0
2907,0
5724,1
3886,0
11502,0
13977,0
15938,0
7362,1
8617,0
13826,1
11085,1
10541,0
6882,0
15895,1
13509,0
9355,0
8408,0
4974,0
1336,1
15750,0
2832,1
13166,1
2076,0
15219,1
2311,0
2328,1
1622,0
5017,0
11610,1
15198,0
15152,1
6584,1
14724,1
16412,0
13920,0
3344,0
2179,1
3224,0
2858,0
12634,1
7351,1
12778,0
13208,1
11786,1
12076,1
400,1
5251,0
7600,0
14759,0
14433,0
6904,1
15908,1
6521,0
12479,0
926,1
9890,1
9889,0
9388,0
1828,1
14982,0
12929,1
8344,0
6537,0
15797,0
1667,0
15155,0
1037,0
1380,1
16468,0
8746,0
13210,1
8298,1
8883,0
5665,0
11080,0
12230,0
2387,0
9438,0
6256,1
2286,0
130,1
280,0
11651,0
16305,0
15154,0
2824,1
637,0
2283,0
10637,0
4892,1
7129,0
4647,1
6771,1
996,1
7143,0
2001,0
8828,0
3053,0
9727,0
257,0
994,0
11133,1
10263,0
13494,0
5784,0
10283,0
15218,1
7516,0
162,1
11731,1
9002,1
14553,1
1997,1
16477,1
11674,0
9546,1
13364,1
14377,0
12460,0
2914,1
773,1
5283,0
3859,0
12020,1
14226,0
3524,1
14957,0
9140,1
1779,1
3532,1
11240,1
7055,0
9303,0
14646,0
16383,0
887,0
2686,1
6249,1
2915,0
10595,1
16447,0
9484,1
409,0
8061,0
16350,0
1042,1
13722,1
6656,0
2813,1
11530,1
14087,0
14471,0
4676,0
16025,1
14478,0
7935,0
8105,0
6862,0
8376,0
8939,0
10632,0
9529,0
8185,0
16188,0
13841,0
1207,0
12942,1
5191,1
464,0
5247,1
2195,0
1785,0
340,0
13368,0
7938,0
4358,0
11435,0
8985,1
6875,0
12941,0
1474,0
10056,0
7715,0
3172,0
8131,1
6864,0
4327,0
3221,0
674,0
10939,0
5074,1
1419,0
8941,0
3382,0
9847,1
10051,1
3861,0
142,1
7396,0
9762,0
15534,1
4934,0
5315,0
2124,0
11142,0
8372,1
14210,1
3379,1
14416,0
2556,1
6596,0
7876,0
16416,0
8637,0
1971,0
16423,0
4216,1
7919,0
4229,1
3977,1
16084,0
14311,0
10108,0
3644,0
14518,0
618,0
3730,1
5401,0
9404,0
13277,1
14075,0
9841,0
186,0
9261,0
4237,0
966,1
8390,1
11562,1
3579,0
1843,0
14854,1
5385,1
5639,0
6177,0
14037,0
1960,0
15331,0
5136,1
16308,1
12172,0
16042,0
13089,0
3173,0
6283,1
7798,1
11324,0
590,0
896,0
16421,0
7546,0
16118,1
2885,0
9692,1
11164,1
8189,0
5379,0
13273,0
1262,0
16312,1
2658,0
1510,0
14790,0
4065,0
4267,0
10895,0
7526,1
15425,0
2866,0
2566,1
3057,1
4755,0
8067,0
3933,0
7652,1
9417,0
11852,0
3934,0
9533,0
14045,0
6327,1
7783,0
6168,0
2764,0
2155,0
8282,0
11472,0
8899,1
1255,1
15884,1
4337,0
1881,0
922,1
9713,1
8433,0
12648,0
2536,0
8890,0
15151,0
5881,0
11348,0
8642,0
7867,0
14547,1
2183,0
4602,0
7561,1
9270,0
11554,1
14784,1
3202,0
3523,0
5410,0
3818,1
9779,0
11668,1
14745,1
6196,0
10714,0
5240,1
1031,0
4530,1
3330,1
80,0
14065,0
1113,0
232,0
1660,0
15524,0
6715,0
1195,1
11090,0
12733,1
11712,1
13850,0
15748,0
2868,0
6813,1
13490,1
13040,0
991,0
3946,0
7499,0
7688,0
7075,1
5152,1
9564,0
4943,1
1651,0
13905,0
12668,0
10941,0
1717,1
598,0
13603,0
4391,1
11555,1
1279,0
15281,0
5262,1
802,0
10689,1
15502,0
790,1
3761,0
14145,0
7183,0
14546,0
9695,0
1317,0
1148,0
10069,1
13606,1
8995,0
12405,0
1849,0
6816,1
5203,0
3947,0
6205,0
10148,0
6353,0
5454,0
11571,0
8145,0
14886,0
8111,0
14342,0
899,0
1771,1
3401,0
12873,0
1398,0
9888,1
7614,0
8387,0
5654,0
3040,1
10392,0
13091,0
14683,1
2688,0
8526,0
9608,1
10077,1
9393,0
14716,0
6208,0
10082,0
9045,0
16060,1
7058,1
4569,0
14239,0
6004,0
667,0
3189,0
4642,1
4570,0
1618,0
9703,1
8584,0
11965,0
4350,0
13157,0
5602,0
1821,0
8401,0
12364,0
1812,0
14123,0
11812,0
1762,0
2487,0
14119,1
4908,0
15886,0
3077,1
15183,0
10917,0
2480,0
5666,1
2976,0
691,1
5614,1
13395,1
12214,0
4024,0
8921,0
2346,1
3334,1
11160,0
16002,1
10472,1
10862,0
7797,0
10224,1
2078,0
15891,0
12604,0
12325,1
15345,0
10800,0
816,0
7777,0
9326,1
2361,0
15569,0
12455,1
6545,0
3608,0
7138,0
2660,0
5382,1
7434,1
1221,1
1880,1
12045,0
11181,1
9206,0
3853,0
1795,1
6217,0
327,0
13473,0
11259,0
12537,0
921,1
1413,0
7622,1
4456,0
10797,1
1072,0
3906,0
4202,1
339,1
7202,1
7474,0
3764,0
7574,0
6778,1
9158,0
7794,0
1899,0
15557,0
6667,1
14666,0
2653,0
4022,0
10233,0
2516,1
10930,0
9943,1
8112,1
16499,0
1213,0
10753,0
10657,0
8375,0
7955,1
3661,0
13318,0
3264,1
12187,0
1115,1
2229,0
6189,1
6508,0
217,0
12454,0
2780,0
11727,0
7584,0
10270,0
189,0
2654,0
2327,0
158,0
4051,1
9840,1
10760,1
13105,1
8177,0
8194,0
5264,0
10975,0
15479,0
8752,1
14976,1
12186,0
9583,1
10386,0
10886,0
8577,1
6248,1
10057,0
12927,0
6013,1
1025,0
11831,0
11813,0
28,1
14618,1
13405,0
10837,0
1417,1
11515,1
2367,1
11065,0
7497,1
6379,0
15150,1
11910,0
548,0
5772,1
4059,1
13705,0
15526,0
12813,1
10922,1
15990,1
14398,1
14212,0
35,0
13029,0
443,1
5005,0
2805,0
4595,0
15542,0
6644,0
13398,1
3793,0
1197,0
12243,0
605,1
2489,0
9697,0
4789,0
14669,1
13856,0
6637,0
4813,1
10414,0
10609,0
2727,0
8560,0
12208,0
1393,0
12991,0
12821,1
1460,0
61,0
4666,0
344,1
4479,0
9258,0
4466,0
16021,0
11248,0
5272,0
12538,0
10078,1
5637,0
10948,0
6822,1
11161,1
9096,0
11933,0
2470,1
8582,1
12895,0
814,1
4517,0
12926,1
2749,1
6270,0
15229,0
10842,0
15552,0
7958,0
2142,0
11676,0
357,0
3794,1
12313,1
12808,0
4427,0
6634,0
14188,0
12703,0
15968,0
8764,1
6160,0
3439,0
5293,0
11035,1
6567,0
10021,1
2940,1
403,1
2646,0
14280,1
6936,1
9824,1
16500,1
5953,0
3420,0
1383,1
10399,0
2355,1
11441,0
12708,0
12591,0
431,0
6032,0
4653,0
9746,1
12728,1
2491,0
5909,0
13507,0
10905,0
3517,0
5794,0
2143,0
14789,1
5231,0
658,0
4130,1
15145,0
3371,0
7841,0
2625,0
11665,1
15276,0
13266,0
10025,0
4756,1
3546,0
5839,0
11146,1
376,1
5816,1
10134,1
15894,1
6271,0
12874,1
479,0
6078,0
4746,1
9805,1
10579,1
5320,0
8924,1
3684,1
9359,0
4815,0
3890,1
7116,1
13998,0
13595,1
7770,1
9992,1
12585,0
4535,1
12399,0
13895,0
13488,0
12843,0
2027,1
12275,0
2958,1
9260,1
12445,0
3659,1
1226,0
16052,0
8449,0
16250,0
5276,0
7308,0
1024,0
10718,0
15997,0
6242,0
8699,0
3279,1
3750,1
11543,1
7697,0
7835,1
7820,0
4470,1
11865,1
2381,0
8195,0
13729,1
3714,1
15146,0
11863,0
9126,1
14265,1
4415,1
13350,0
6960,0
4532,1
14130,0
6522,1
5432,0
4043,0
14139,0
2558,1
10152,0
8864,0
15304,0
9899,0
6724,0
13727,1
7448,1
7648,1
12081,0
11321,0
7481,0
10430,0
14301,0
631,0
6494,0
15252,0
1852,1
14306,1
565,0
14429,0
15889,0
6033,1
5706,0
7416,0
6046,1
1931,1
13427,0
6915,0
5256,1
2231,0
8721,0
4077,0
13308,0
7388,0
12603,0
9642,0
12347,0
5300,0
9960,0
4925,1
4662,0
15162,0
9729,0
9433,1
7239,0
1309,0
14463,0
11170,0
8080,0
13340,0
1718,0
14392,0
3406,1
9869,1
967,0
11586,0
7941,1
7891,1
1720,1
15846,1
16026,0
2175,0
12510,0
10296,0
4555,0
4690,0
10368,1
7633,0
8616,1
10664,0
11357,0
11578,0
7917,1
13401,0
561,0
1158,1
10884,0
9408,0
9906,0
12905,0
9253,0
3134,1
968,0
390,1
8703,0
14793,0
290,1
12816,1
11640,0
16496,0
3121,1
10864,0
1017,0
8592,1
6449,0
1984,0
3235,0
13823,1
6203,1
7240,0
13423,0
16488,0
4215,1
5568,0
10453,1
13886,0
6316,0
14343,0
19,0
14225,0
2745,0
56,1
12274,0
10676,1
14502,0
2478,0
10483,0
7973,0
1546,0
1864,0
5482,0
13865,0
12707,0
13123,0
13073,0
5011,0
15424,0
336,0
7586,0
1537,0
8032,0
14328,0
13370,0
1661,0
3128,0
11013,1
2052,0
4837,0
5760,0
9337,0
5060,0
11983,0
6074,1
7913,1
5022,0
3414,1
2177,1
9048,0
6726,0
4524,1
10354,0
14791,0
9202,0
5006,1
13072,1
1703,0
1548,0
10582,1
1840,0
13440,0
8697,0
7661,0
12166,0
14120,1
3948,0
15383,1
5230,0
10112,1
7205,1
1634,0
2441,1
16325,0
15355,1
8854,0
5709,0
6593,1
3595,0
3261,0
6536,0
14267,1
8017,0
15129,1
4674,0
6127,1
15248,0
14178,0
4771,1
10498,0
11012,1
6341,1
14407,1
7029,1
3989,0
1530,0
10951,0
10452,0
6405,0
13131,0
13059,0
15134,0
4306,1
7238,0
7720,0
7659,0
12644,0
14106,0
7603,1
11880,0
1592,0
10337,0
14557,1
10396,0
4644,0
11604,1
385,0
3267,1
9783,0
10384,1
5447,0
4724,0
9896,1
3939,0
4268,1
9830,1
11661,0
13489,0
11313,0
7110,0
14949,0
11718,0
10359,0
10476,0
5988,1
13315,0
13147,0
4106,0
8084,0
3510,0
2156,1
13707,0
12441,0
11913,0
12493,0
5906,0
5591,1
4224,0
3464,1
3370,0
16367,0
636,1
5758,0
4882,0
11588,1
9055,0
153,0
15941,0
5330,0
2015,0
3746,1
1106,0
5822,0
10220,0
5594,0
6495,0
14257,0
553,1
7954,0
12658,1
14011,0
8509,0
1504,0
15564,0
5519,1
14594,0
5609,0
1955,1
12957,0
12880,0
3516,1
14772,0
15301,0
6877,0
4026,0
8245,1
15864,0
4242,0
3158,0
5740,0
3444,1
4213,0
12565,1
9179,0
6552,0
5042,1
15832,1
4333,0
9419,0
3195,1
10316,0
1418,0
15861,0
10549,0
8141,0
16271,0
14319,0
1848,0
14199,1
11566,1
11659,0
12539,1
5062,1
847,0
5858,0
12333,0
16177,1
9857,1
9706,1
3486,0
11474,0
1326,0
6539,1
13185,0
12066,0
6595,0
16238,0
10132,0
9081,0
5338,0
5713,0
1064,0
837,0
5018,1
8938,1
9612,0
572,1
9209,0
3584,0
10647,0
13013,0
9334,1
3311,1
11884,1
13270,1
1614,0
1100,0
14953,1
8748,0
13688,0
9385,0
14851,0
12113,0
14825,0
14921,0
6442,0
2515,0
8058,0
2794,0
14625,1
2043,0
13839,0
12755,0
15481,0
9764,0
14858,0
12956,0
7267,0
9197,0
10574,0
3592,0
3049,0
1304,0
15729,1
9472,0
7772,0
14074,0
10345,1
1165,0
16199,1
13780,1
10971,1
13935,0
490,0
7520,0
7993,0
15903,0
14041,0
3396,0
14467,1
14970,0
389,1
13662,1
9391,1
12251,1
16349,0
15428,1
16263,0
3153,0
6934,0
12012,0
901,1
9044,0
6394,0
11316,1
7822,0
4630,0
989,1
5990,0
11231,0
14062,0
5159,0
13663,0
10966,1
13323,0
9518,0
9022,0
1068,1
8973,0
13183,0
10959,1
3400,0
16205,0
9787,0
11510,0
216,0
16175,0
14093,0
8467,0
13541,1
9512,0
7254,0
5488,0
12630,0
3169,0
3851,0
725,1
11878,0
11719,0
10533,1
7588,0
67,1
3800,1
9052,0
16332,0
5008,0
9310,1
12209,1
242,0
11767,0
8384,1
1283,0
4184,1
10639,0
6096,1
1886,0
15173,0
11601,0
4900,0
8711,0
3650,1
11361,1
13811,0
694,0
5620,0
15025,0
10102,0
1853,1
4399,0
14393,0
14596,0
9517,0
310,1
397,1
7517,1
3937,1
12898,1
7394,1
5544,0
15416,0
12484,0
10725,0
8183,0
7854,0
7583,0
3287,0
3308,0
15358,0
13171,0
7280,0
15963,1
15595,0
14680,1
14769,0
1078,0
13659,1
6059,0
4799,0
9535,0
9144,0
10755,0
577,1
11213,1
16409,0
16382,0
11969,0
14535,1
8733,1
13504,0
6426,0
124,0
5819,1
743,0
7111,0
15759,0
12579,0
6106,0
9372,0
1788,1
11524,1
7883,0
12018,1
11125,0
15718,0
5848,1
15986,0
12058,0
14668,1
7749,0
13143,1
4143,0
8686,1
16361,1
16249,0
16408,0
11500,0
1945,1
678,0
2407,1
15002,0
14143,1
3060,0
7650,0
5013,1
15112,1
14258,0
4021,1
6922,0
10207,0
3424,0
1456,0
10183,0
15487,0
2149,0
9127,0
8126,1
6302,0
9085,0
4409,1
14142,0
3262,0
1236,0
7151,0
3960,0
10027,0
2662,0
15945,0
1184,0
6842,1
14042,0
11895,1
10869,1
8797,0
13893,0
10687,0
6000,0
9887,0
6261,1
5605,0
15596,0
156,1
14635,1
11630,0
4042,0
15536,0
5376,0
14222,0
529,0
11138,0
5530,0
14656,0
872,0
12001,1
5428,0
6122,0
4385,0
4291,0
15560,0
7634,0
11336,0
141,1
1657,1
12962,0
3404,0
1401,1
4190,0
14437,1
14943,1
4091,0
9243,0
3866,0
9676,0
10258,0
1721,0
13328,0
6281,0
13903,0
360,0
4913,1
10488,0
13362,0
11914,0
7700,0
2125,0
13691,1
13816,1
9812,0
3823,0
9627,0
10303,0
7476,0
8760,1
8168,0
4515,0
11140,0
15670,1
3395,0
2180,0
5876,0
3760,0
11666,0
8217,0
9492,1
16244,1
10732,1
5058,0
9422,1
1261,1
8030,0
11008,1
3578,1
3774,0
9919,0
15349,0
10530,1
12107,0
5024,0
10572,1
6198,1
6532,0
4604,0
8638,0
14764,0
15055,0
14876,0
3842,0
11239,0
14980,1
12866,0
388,0
1801,0
7619,0
4596,0
8754,0
16029,1
10040,0
8057,0
13113,0
11270,0
306,1
2044,0
3440,0
12418,1
9080,1
15676,0
1855,0
6126,0
3432,0
1612,0
9025,0
5717,0
6317,0
8202,0
6395,1
8115,0
5766,0
9553,0
2364,0
8669,0
16328,0
6292,0
13463,0
4549,0
1877,0
2900,0
10915,0
14086,0
969,1
3806,0
4331,0
12882,1
6531,1
3944,0
11605,0
11639,0
11043,0
10878,0
8708,1
11078,0
5841,0
14948,0
8771,1
6448,0
13554,0
5431,0
3408,0
10189,0
6041,0
3569,0
15615,1
6221,1
10198,0
753,0
5632,0
11442,0
453,0
13028,0
7459,0
10537,0
15899,1
10436,1
5456,0
3363,0
16152,1
16355,1
626,0
3187,0
13202,0
14360,0
5860,1
5025,0
1009,0
16159,0
10047,1
16132,0
8035,0
5183,1
94,0
3910,0
1095,0
11325,0
7040,0
8304,0
2033,0
8471,1
5314,1
5582,0
2040,0
12609,0
4863,0
5890,0
13355,0
11004,0
11148,1
4349,0
14788,1
3186,0
13747,0
5708,1
1156,1
8646,0
6276,1
12438,0
1737,1
5997,1
7496,1
5826,0
14857,1
10710,0
11147,0
1827,0
4834,0
8628,0
2924,0
11195,0
5145,0
11705,0
6445,1
10020,0
11291,0
9667,0
13547,1
9942,0
16151,0
13061,0
6702,0
8034,0
9250,0
8025,0
4850,1
2150,0
223,0
11081,0
3234,0
11462,1
1175,0
1480,1
5031,0
15638,0
6750,0
15443,0
10388,0
6524,0
3568,1
516,1
15652,0
3136,0
2342,0
4757,0
14775,0
5242,0
3238,0
13765,0
16283,0
11869,0
11037,1
9208,1
3551,0
6831,0
11714,0
1759,0
7117,1
212,0
4279,0
6802,1
2870,1
810,1
8817,0
682,0
8698,1
1487,0
11939,0
9509,1
1663,0
8386,1
12841,0
11658,1
188,1
494,0
10151,1
15013,0
10234,0
13100,0
8798,0
12437,1
365,1
1004,0
8418,0
10244,0
7153,1
263,0
675,1
5814,0
10367,1
11577,0
6878,0
11203,0
3278,0
10211,0
4019,0
15948,1
12068,0
10558,0
15417,0
3654,1
14538,1
15704,1
6485,0
12393,0
16038,0
13164,1
6962,0
1907,1
3263,0
7132,0
12026,0
11663,0
11411,1
7243,0
6808,0
7211,0
12939,0
4924,0
11482,1
11359,1
5539,0
8197,0
13570,0
11233,1
10341,0
370,0
4035,1
3554,0
15621,0
14288,0
1437,0
1588,1
13082,1
1208,0
9619,0
3269,0
12024,1
4320,0
8565,0
8044,0
1985,0
2132,0
4597,1
12459,1
8707,1
7032,1
12729,0
2637,1
7345,0
8623,0
6621,0
6553,1
13749,0
2655,0
4716,0
9375,1
10318,1
9806,0
7789,0
11262,0
8230,1
1103,0
9406,0
12788,1
7452,0
11836,0
13137,0
15533,1
2011,1
14336,0
4975,0
1580,0
1493,0
5226,0
14439,0
311,1
15844,1
11704,0
8517,0
4423,0
7533,0
4259,0
2226,0
523,0
13545,1
12301,0
1482,0
15312,0
8493,1
15464,0
2191,0
9571,0
12550,0
5695,0
10989,0
6869,0
13384,0
2315,0
131,0
6658,0
4100,0
1906,0
10983,0
5691,0
7787,1
11124,1
14559,1
16111,1
13369,1
11819,0
2798,1
139,0
6555,1
8706,1
4486,1
6942,0
7970,1
783,0
3313,0
5038,0
9311,1
2374,0
14699,0
11438,1
4840,0
15981,0
7198,0
9298,0
2514,1
8247,0
9288,0
8571,0
6651,0
11872,0
14256,0
12073,0
16329,0
1780,1
11331,1
4709,0
6999,0
6101,0
13829,0
6659,0
14676,1
11814,0
6557,0
1702,0
7105,1
7358,0
4345,0
5721,1
10793,0
6608,1
9348,1
11409,0
11711,0
6234,0
4991,1
11303,0
2135,1
916,1
4494,1
2758,1
2595,0
1559,0
5583,0
8106,0
5670,0
12618,1
14869,0
16495,1
13371,0
4720,0
12919,1
925,0
10767,0
16281,0
11459,0
4875,0
6403,0
4577,1
14629,0
3571,0
7763,1
1710,0
1502,0
16158,1
3340,0
13825,1
14987,0
5049,0
8231,0
5592,1
1001,0
15505,0
14233,1
14207,0
589,1
10723,0
12064,0
12247,0
7065,0
2194,0
10037,0
13773,1
14095,0
1327,0
8001,0
7925,0
5388,1
9028,0
1182,0
10003,0
12901,0
14114,0
7189,0
13572,0
14523,0
1751,0
2113,0
12016,0
13636,0
3356,1
12549,1
11744,0
358,0
10216,0
1844,0
3165,1
16424,1
5872,1
15709,0
10743,1
8442,0
2038,0
9893,0
5731,0
4873,0
9722,0
7186,1
7430,0
641,1
3827,0
15202,1
7325,0
5118,0
31,1
2284,1
7274,1
1144,1
6047,0
6017,1
16252,1
8988,0
16189,1
604,1
7210,0
14133,0
4574,1
13426,0
10779,0
6860,0
1079,0
8218,0
2403,1
3149,0
11581,1
2347,0
11451,0
15603,0
2107,1
1620,0
16269,0
13377,0
10999,1
1754,0
2332,0
12651,0
2782,1
749,0
722,0
11115,0
4832,0
8130,0
4428,0
8398,0
10994,1
15254,0
8729,1
14431,0
5663,0
14754,0
8018,1
7804,0
4621,1
2548,0
13588,0
2867,0
437,0
14322,0
1035,0
5884,0
3179,0
12933,0
14536,0
1293,1
9082,0
9121,1
15279,0
13917,0
8102,0
2862,0
8675,0
4649,1
7057,0
9215,0
14461,1
10940,1
827,1
1435,0
12932,0
1063,1
7095,0
12098,0
7422,0
2242,1
11447,0
1161,0
13962,0
9732,0
6953,0
12291,0
9257,1
14694,1
10477,1
2265,0
3411,1
597,1
14500,1
10808,1
362,1
2246,1
262,0
13600,1
12162,0
12155,0
11452,1
12737,0
26,0
5798,0
5287,0
4454,0
856,0
4835,0
7479,0
4203,0
6863,0
9295,0
229,0
209,0
15100,0
10070,0
6065,0
3708,1
14750,1
418,1
6167,0
12731,0
14947,1
16156,0
13656,1
5274,1
12695,0
9851,0
3678,0
3624,0
13331,0
16453,0
6363,0
6925,0
9216,1
2495,0
4792,0
1823,0
16262,0
8236,0
6296,0
16074,0
877,0
8175,1
9606,1
16128,0
8832,0
15842,0
154,0
12508,0
12167,0
14480,0
12749,0
15830,0
5797,1
3685,1
11219,0
11691,0
10311,0
6907,0
5352,1
15298,0
2338,0
7382,1
4670,1
3383,1
4980,0
7149,0
12265,0
10599,1
12414,1
4424,0
11919,0
14882,0
1209,0
13960,1
4305,0
7554,0
9341,0
6371,0
6104,0
7808,0
4930,1
2938,1
9980,0
86,1
3712,0
7078,0
3070,0
8920,0
11592,1
3178,1
11883,0
570,0
4392,1
11095,1
3642,0
6935,1
999,0
3069,0
14794,0
15612,0
7523,1
9802,0
11673,0
2804,0
7950,1
14616,0
7821,1
5360,0
3020,0
1030,0
1732,0
15684,1
10876,0
9053,0
2300,0
12116,0
9469,0
9994,0
11553,0
2061,1
4897,1
15414,0
5963,1
11448,0
13415,0
3443,0
13698,0
9597,1
13564,0
3503,0
5373,1
7639,1
2959,1
806,0
15491,1
8806,0
5193,0
14874,0
13388,0
1583,1
4194,0
15582,1
6464,0
4325,1
5748,0
5158,0
3196,0
9162,1
12981,0
4986,0
2739,1
374,0
13730,0
6876,0
3621,0
14435,0
1443,0
15857,0
1274,0
2670,0
1423,1
13887,0
5623,0
3656,0
12188,1
3831,0
219,0
695,0
3027,0
7047,1
13953,1
15005,0
1111,1
1250,0
15942,0
13292,1
12567,0
2090,0
7310,0
6060,1
2913,1
3419,0
15631,0
11495,0
4188,0
14533,0
5643,0
7602,1
462,1
11954,0
11859,1
7137,0
13138,0
13359,1
16489,0
795,0
2256,1
13267,0
393,0
4701,1
15746,0
15984,0
1201,0
7625,1
1324,0
9041,0
345,1
15917,0
8124,0
10638,1
10958,0
5499,0
6439,0
9726,1
10790,1
12412,0
11432,0
13153,1
2236,1
12102,0
6314,1
11067,0
15283,1
9447,1
8281,1
12466,0
5714,0
10410,0
1194,0
3829,0
7080,0
6067,0
10799,1
1951,0
5394,1
12396,0
3456,0
6130,0
13944,0
798,0
16498,0
2251,0
3559,0
10259,0
14840,0
2254,0
9617,1
14049,0
11867,1
6649,0
13148,0
16399,0
2635,0
13537,0
15757,0
5533,0
778,0
9911,0
11272,1
5928,0
8813,0
16058,0
7495,0
14521,1
2927,0
2492,1
13617,0
4877,0
5851,0
15401,1
2967,0
4129,0
2108,0
13116,1
8488,1
2951,0
6187,1
1869,0
6290,1
739,0
4781,0
9803,1
13701,0
13099,1
16404,0
8597,0
16318,0
5033,0
5828,0
4806,1
14900,0
10109,0
3613,0
10363,0
4841,0
9819,0
8118,0
2029,1
6195,1
14218,1
7675,1
6279,0
6192,1
965,0
1831,0
13313,0
2288,0
16166,0
3634,1
4414,0
4212,0
603,1
7581,0
3407,0
10192,0
226,1
11534,0
6169,0
1854,0
14650,0
8328,1
1341,0
16014,0
10950,0
910,0
7646,0
3954,0
18,0
13614,0
16209,1
14181,0
6462,0
1846,0
4207,0
11326,0
1757,0
6976,0
5288,1
7015,1
14822,0
7209,1
868,1
9832,1
15847,0
16356,0
15488,0
11266,0
11871,0
8490,0
12194,0
8155,0
928,0
6767,0
8138,1
5929,0
8740,0
4614,0
13840,0
14372,0
7340,0
5144,0
8176,0
2411,0
16279,0
13381,0
2500,0
9677,0
1448,0
5765,1
3789,0
16133,1
7347,0
5527,0
4899,0
8233,1
3996,1
593,0
10993,0
1558,0
9249,1
13403,1
14313,0
11948,1
9947,1
630,0
13060,0
15926,0
5023,0
13669,1
16431,0
6572,1
8689,1
6949,0
13735,0
594,0
681,0
2860,0
12742,1
15600,0
13539,0
4929,1
3448,0
1497,0
5945,1
11093,0
4769,0
12849,1
12336,1
14562,0
2572,0
14383,0
16143,0
6551,1
5457,1
14622,0
8598,0
7401,0
11308,0
8487,0
13751,0
5774,1
11490,0
14599,0
502,0
1535,0
105,0
15993,1
2398,0
9089,0
9148,0
7912,0
6674,1
644,1
2683,0
998,1
9305,0
9397,0
1374,0
7735,1
8395,1
245,0
1490,1
12970,0
8440,0
12084,1
10707,1
4370,0
9884,0
13484,0
7406,0
1318,0
12533,0
11364,0
5776,1
1159,1
8769,1
5423,0
4168,0
13126,0
3574,0
4421,0
7886,0
13194,0
9984,0
11413,0
9264,0
1782,0
15804,0
7734,0
8064,0
14472,0
3844,0
3514,0
12793,0
5744,1
3031,0
8911,1
5415,0
11686,0
93,1
14990,0
8343,1
5047,1
891,0
13274,1
15196,0
7059,1
3438,0
5153,0
16418,0
6686,0
7106,0
6511,0
730,0
16163,1
3142,1
12530,1
7374,1
1291,0
9891,0
12283,0
233,0
6857,0
8221,0
3349,1
4472,0
10196,0
4462,0
4388,0
8875,1
2309,0
122,1
664,0
3598,0
3216,0
5417,0
2060,0
9865,0
8970,1
11290,1
9320,1
5414,0
2723,1
4632,0
14338,0
10830,0
9418,0
9232,0
7234,0
12975,1
13307,0
4052,0
300,0
8114,0
7180,0
16145,1
13990,0
11619,0
8747,0
8228,0
10758,0
13442,0
7852,0
8793,0
1459,0
3545,0
7352,1
5954,0
1593,0
4369,1
13354,0
12777,0
3110,0
10126,0
712,1
15014,0
11425,0
11662,0
879,1
11349,0
3690,0
8670,1
8521,0
9321,1
15357,0
10735,0
11735,0
11629,0
14786,1
4784,0
2810,0
9252,1
8658,1
10276,0
13838,1
14196,0
5976,0
12806,1
8892,0
405,1
1805,0
2511,1
6695,0
9744,0
2498,0
14304,0
10671,0
3284,0
6694,0
11489,0
1302,0
5313,0
15470,0
293,1
1150,1
620,0
2742,0
4545,0
5864,0
6910,1
9761,0
558,0
9450,0
6029,0
2969,0
940,0
871,0
12008,0
14613,1
8855,0
12553,1
4952,1
13928,1
6512,1
9242,0
6016,0
8947,1
13291,1
3391,0
2776,1
2278,0
5339,0
15848,1
4491,0
3320,0
528,1
11879,0
410,1
13938,0
10621,0
135,0
2212,0
15114,1
13621,1
3961,0
13836,1
14920,0
1966,0
7847,0
9171,0
14992,0
12803,1
11287,0
6554,0
16135,1
14888,0
10672,0
9998,0
10853,1
3782,0
2875,0
9561,0
9273,0
8417,0
12228,1
9237,0
13724,0
14124,0
3815,0
8848,0
2436,0
16161,0
9318,0
7587,1
14111,1
12310,1
7360,0
8585,0
1994,1
777,0
12521,0
6045,0
11761,0
9300,0
8208,1
6458,0
15406,0
12906,0
10313,0
4441,0
14173,0
3268,0
943,0
3003,1
16099,0
14565,0
11100,0
4959,0
13967,0
11129,0
4032,0
14249,1
9238,1
3585,0
6003,0
8268,0
2684,1
15486,0
8310,0
10511,1
3878,1
9905,0
1917,0
16264,0
980,0
10991,0
6345,0
4829,0
12489,0
10887,0
4075,0
13631,1
5464,0
4561,1
9203,1
12117,1
11207,1
12232,1
937,0
10090,0
14337,1
4853,0
10045,0
15285,0
11178,1
14986,0
12860,1
16162,0
9938,0
4406,0
9072,1
6581,0
8971,0
15747,1
16212,0
10545,0
12964,0
10857,0
6784,1
696,0
12524,0
2502,0
8634,1
384,0
3442,0
4231,0
11306,0
5807,0
1903,0
12362,1
12948,1
14469,0
7344,0
2966,0
8587,0
12988,0
118,0
3660,0
3879,0
5578,0
14029,0
1000,0
5253,0
10470,0
15649,0
12535,0
13892,0
15654,0
7985,0
5679,0
7617,0
16266,0
12244,1
15299,0
6688,0
3105,1
273,1
6541,0
9781,0
8562,1
3738,0
10449,0
15808,0
958,1
5998,1
8322,1
356,0
9641,0
14486,0
3160,1
4591,1
13986,1
6731,1
9029,0
13974,1
2257,0
2171,0
13738,0
1392,0
5290,0
13226,0
6845,0
13566,1
5480,0
8737,1
1410,1
14602,0
5295,0
3539,1
6814,0
6273,0
16054,0
4765,0
8723,0
7642,1
288,1
1902,1
8139,1
6933,0
8777,0
13454,0
2943,0
2609,0
15250,0
152,0
9710,0
11171,0
38,1
11501,0
11196,0
6352,0
14324,1
1953,1
7705,0
11318,0
14785,0
6619,1
4449,0
11175,0
15399,0
454,0
12688,0
7333,0
6657,1
5999,1
8261,0
308,0
5206,0
592,0
8485,1
3512,0
9379,0
580,1
6125,0
1982,1
4728,1
794,0
13304,0
7035,0
11414,0
14361,0
9747,0
3531,0
13956,0
8103,0
6404,0
11108,1
15510,1
9958,0
5907,0
13245,0
4405,0
1731,0
867,0
5101,1
459,1
10485,0
2995,0
4090,0
12536,0
5910,0
97,1
10121,1
15161,0
4664,0
12367,0
10860,0
15882,0
1351,0
4576,0
2811,1
15306,0
12340,0
16451,0
15210,1
10921,0
6417,1
8844,0
11667,1
8435,1
2611,0
10771,1
1375,0
5176,0
15912,0
12887,0
15672,1
6441,0
12462,0
10587,1
15291,0
2401,0
14220,0
1346,0
4557,1
10030,1
10913,0
7811,1
14420,1
7710,0
8024,1
510,0
8886,1
1157,0
12682,1
9809,0
16106,0
10156,0
16341,1
3872,1
16334,0
12890,1
6343,0
8784,0
2671,0
12355,0
11792,1
489,0
2119,1
10075,0
14349,1
9374,0
13531,0
6479,0
4871,1
5564,0
2287,0
15546,1
5750,0
5675,1
4348,1
6921,1
8296,0
4838,0
11407,1
8548,0
7829,0
477,0
16183,0
5196,0
12249,0
578,0
2306,1
6319,0
4723,1
13941,0
4258,0
10133,1
2094,0
16492,0
9542,1
6881,0
1603,0
9182,0
2530,0
5113,0
1199,0
11063,0
13056,0
14848,0
2449,0
10364,0
12635,1
1630,1
13341,0
4351,0
4973,0
1608,1
16297,0
271,0
9605,1
7252,0
16362,1
4953,0
15592,1
5769,0
15271,0
1726,0
9460,1
4558,0
2425,1
9522,0
5646,0
13961,0
4770,1
14025,0
2596,1
15576,1
1641,1
15515,0
14988,1
12439,0
3150,0
758,0
12276,1
15885,1
12257,1
13901,0
16103,0
11822,1
11944,0
169,1
15482,1
15375,0
15046,0
6603,0
2970,0
6741,0
12490,0
7445,0
1803,0
5503,1
6071,0
13608,0
16192,1
12943,1
16073,1
9924,0
1108,0
6764,0
6373,1
10199,0
6350,0
6236,0
195,0
12190,0
11542,0
2122,1
1640,1
3589,0
2523,0
10490,1
2873,0
13152,0
9671,0
7009,0
14089,0
15925,0
11734,0
10984,0
1486,0
9532,0
16454,0
9862,1
11762,0
15641,0
14436,1
6020,0
12101,0
14534,0
3365,0
13777,1
15175,0
16193,1
13607,1
13699,1
8888,0
13106,1
4651,1
6231,0
8755,0
5374,0
13121,0
9466,1
5219,0
12345,0
6432,0
14959,1
13022,1
7087,0
298,0
5558,0
11861,0
9057,1
3833,1
12853,0
11790,0
16121,0
2645,0
16368,1
14598,1
6318,0
7728,0
12500,0
9823,0
4030,0
809,0
5511,1
5271,0
9933,0
3633,0
13578,0
12198,0
1294,0
16221,1
11638,0
10525,1
16494,0
12605,0
15833,1
7269,0
6265,0
8529,0
11199,0
13229,1
9577,0
506,0
16005,0
15462,1
7924,0
15016,0
9582,0
7160,0
15690,1
13912,1
12478,0
7271,1
12139,0
1372,0
11889,0
2036,0
14024,0
3482,1
4808,0
1306,0
3451,1
3199,0
3813,0
12501,0
15636,0
10622,1
15521,0
11015,0
2543,0
11382,0
434,1
2445,1
12528,1
9550,1
9033,0
9290,1
12856,0
12487,0
7549,0
4277,1
10351,0
2756,0
9292,1
7812,0
1599,1
6737,1
9282,1
14932,0
8196,0
7548,0
6796,1
5365,0
9659,0
1296,1
3357,0
12702,1
12760,0
15073,0
11073,0
7818,0
16107,1
3896,0
4230,0
10532,0
10239,1
2019,0
14077,1
8967,0
7534,1
4698,0
2264,0
305,0
12013,1
12826,0
2960,1
7665,0
5154,1
11309,0
10440,1
4946,0
15698,1
7064,1
15768,0
10086,0
3239,1
2258,0
13513,1
12065,0
11251,1
10042,0
5150,1
15859,1
1018,0
7693,1
12921,0
4803,0
11375,0
4142,0
1476,0
15191,0
2757,0
6579,0
8660,0
16326,0
507,1
11516,0
11998,0
5813,1
942,0
8906,1
13644,0
9247,0
13506,0
15387,0
8518,0
4997,1
7629,1
1007,1
14593,0
1038,0
6138,0
13817,1
14157,0
13310,0
15106,0
1273,1
7522,0
6624,0
13443,0
6650,0
11340,1
11265,1
11369,1
4729,0
501,0
13044,0
5084,0
8535,0
912,0
4509,0
2185,0
13899,1
8896,0
14118,0
13247,0
10964,0
5179,1
3288,0
11926,0
3576,0
14570,0
12300,1
9251,0
16484,1
5932,0
2025,1
13789,0
8861,1
1203,0
786,1
3047,0
650,0
1097,0
4917,0
12386,0
11900,0
3635,0
15208,0
13001,1
13680,0
11545,1
5725,0
15710,0
13353,0
3405,0
486,0
13538,1
4812,0
6191,1
9416,0
13111,0
15960,0
5304,0
7346,1
16165,0
2241,0
5513,0
16460,0
518,1
3145,0
91,1
9920,0
9510,0
3092,0
10441,1
10851,0
9876,0
8151,1
13976,0
7851,0
2086,0
9623,0
10523,1
11886,0
14430,0
3024,0
11060,1
14323,1
14575,1
3612,0
6844,0
197,1
3043,0
11764,0
9425,1
3285,0
16241,0
9792,0
3907,1
12732,0
5658,0
7730,0
12285,0
12529,1
1387,1
1658,0
9708,0
13339,0
10240,0
15658,0
12979,0
2153,1
3441,1
