Train_ID,Score
3602,1.5438681202795124e-05
1366,1.0575392025202746e-05
7185,8.576274467486655e-06
8742,5.433016440292704e-06
1850,4.988078671885887e-06
276,4.810778818864492e-06
807,4.739055384561652e-06
6685,4.728030717160436e-06
770,4.650477876566583e-06
7437,4.643813895199855e-06
3872,4.62644266008283e-06
8203,4.549877758108778e-06
6637,4.52327503808192e-06
666,4.518945615927805e-06
2099,4.400277020977228e-06
7560,4.380919449431531e-06
8115,4.368631266515877e-06
6918,4.363283323982614e-06
1960,4.348717538960045e-06
8408,4.347042931840406e-06
5387,4.260101263753313e-06
8000,4.230579065733764e-06
6950,4.218228696117876e-06
8071,4.179566417406022e-06
374,4.150965310145693e-06
5035,4.10418260798906e-06
9500,4.102225261704007e-06
8149,4.066618771503272e-06
7466,4.017026412839186e-06
3692,4.01304237129807e-06
6669,4.008323571724759e-06
2447,3.9681472117081285e-06
7473,3.96804784941196e-06
4843,3.948637072426209e-06
8521,3.941404202123522e-06
8310,3.921316192645463e-06
2194,3.865309167849773e-06
1328,3.8524935916939285e-06
2601,3.805694518632663e-06
3798,3.8030327687010868e-06
1304,3.7930639109617914e-06
6079,3.79146524664975e-06
9141,3.7765606748507707e-06
9080,3.7739348499599146e-06
2584,3.754046474568895e-06
182,3.7148604405956576e-06
9606,3.706252073243377e-06
2943,3.701965283653408e-06
9715,3.6966470133847906e-06
5210,3.6876006106467685e-06
4131,3.6002355727760005e-06
4612,3.596523924898065e-06
8358,3.5952064081357094e-06
2304,3.589811058191117e-06
5898,3.588554818634293e-06
6032,3.5668551845446927e-06
58,3.544934884303075e-06
9922,3.525510919644148e-06
3044,3.518747689668089e-06
7589,3.516227593536314e-06
9224,3.503960328998801e-06
9017,3.501090191093681e-06
2879,3.4977670111402404e-06
9848,3.473316951385641e-06
3721,3.470256501714175e-06
1156,3.460336984062451e-06
9647,3.4555642969280598e-06
1773,3.4361760299361777e-06
211,3.3814211519711534e-06
4057,3.379430040695297e-06
6094,3.3421398484279052e-06
840,3.339234694976767e-06
2119,3.338458327561966e-06
4454,3.318475137348287e-06
6121,3.3115426276708604e-06
7388,3.3104175827247673e-06
112,3.3035582873708336e-06
5279,3.299697254988132e-06
4676,3.2988452858262463e-06
4743,3.286560058768373e-06
2929,3.2687376005924307e-06
502,3.259284312662203e-06
6161,3.25286407587555e-06
9030,3.2456604230901576e-06
7982,3.245036168664228e-06
590,3.2433013075205963e-06
1872,3.2354540735468618e-06
8044,3.234867563151056e-06
2712,3.234585733480344e-06
5007,3.2222843628915143e-06
5692,3.2119611432790407e-06
841,3.19976959417545e-06
7206,3.1882723305898253e-06
6825,3.1854198141445522e-06
6715,3.164906161146064e-06
783,3.1510805911239004e-06
647,3.1483550628763624e-06
4190,3.1413729857376893e-06
6252,3.1376215474665514e-06
4463,3.1283063890441554e-06
7990,3.121087615909346e-06
5695,3.116197262897913e-06
1857,3.1041244028529036e-06
6241,3.094755925303616e-06
4980,3.0906862775736954e-06
5886,3.089080678364553e-06
8063,3.076890834563528e-06
7195,3.0714106742379954e-06
8558,3.069229592256306e-06
775,3.065031137339247e-06
8172,3.059021310036769e-06
3501,3.057418098251219e-06
8956,3.0539320050593233e-06
5151,3.0449662062892457e-06
7978,3.0417879770539002e-06
2665,3.041684408344736e-06
6741,3.0316131187646533e-06
2445,3.031396431651956e-06
1655,3.030734433195903e-06
2029,3.030587436114729e-06
3257,3.0272425419752835e-06
7578,3.008200792464777e-06
4256,3.0058931770327035e-06
940,2.999450430252182e-06
3756,2.9935540624137502e-06
2251,2.9864322641515173e-06
3176,2.96527286991477e-06
7065,2.965158500956022e-06
4760,2.9642419576703105e-06
2764,2.954252295239712e-06
8628,2.9490125825759606e-06
7588,2.932713073278137e-06
5084,2.9178848990341066e-06
6317,2.899653054555529e-06
501,2.8940563652213314e-06
6045,2.8871689892184804e-06
434,2.8822447575294063e-06
1205,2.881865043491416e-06
8228,2.8717932991639827e-06
3677,2.8711596087305225e-06
5860,2.8700201255560387e-06
2024,2.8600250061572297e-06
2353,2.847598238986393e-06
8134,2.8435163130779983e-06
7481,2.839786702679703e-06
8176,2.8352967547107255e-06
5144,2.81572204130498e-06
9794,2.8150199113952112e-06
5222,2.8133200657975976e-06
427,2.8035439072482404e-06
2448,2.802235144372389e-06
9640,2.792910208881949e-06
4944,2.7787849603555514e-06
3166,2.7758400165112107e-06
7876,2.7745793431677157e-06
7869,2.7694538857758744e-06
5095,2.7687212877935963e-06
3406,2.7648592322293553e-06
1993,2.757978904810443e-06
4006,2.750363023551472e-06
4026,2.750120415839774e-06
9984,2.7482036557557876e-06
5766,2.746793825281202e-06
5670,2.7417578394306474e-06
3300,2.7385995053919032e-06
9325,2.7311856456435635e-06
9535,2.7310087489240686e-06
4520,2.7273136993244407e-06
4780,2.722102976804308e-06
8085,2.7170879093318945e-06
4288,2.704415237531066e-06
3519,2.7028512477045297e-06
7395,2.70110979272431e-06
9347,2.694461272767512e-06
7628,2.692100451895385e-06
1086,2.6905162258117343e-06
5226,2.6828303134607268e-06
1550,2.6811291036210605e-06
1645,2.679038061614847e-06
2192,2.6619984510034556e-06
5439,2.6595781719152e-06
1142,2.6555603653832804e-06
7883,2.6470664806765853e-06
9257,2.627636604302097e-06
5135,2.6219476012556697e-06
1068,2.619150109239854e-06
7611,2.6117447760043433e-06
7539,2.5968570298573468e-06
3289,2.5949132123059826e-06
528,2.5895612907334e-06
3218,2.5864568442557356e-06
2763,2.5737414262039238e-06
1619,2.57261740443937e-06
9321,2.560965526754444e-06
8963,2.55007148552977e-06
7165,2.545794927755196e-06
7054,2.5377851216035197e-06
5079,2.5376582470926223e-06
1734,2.535894168431696e-06
1813,2.532024268475652e-06
5481,2.526410753489472e-06
9238,2.5222600470442558e-06
5827,2.504364715605334e-06
6148,2.5020943894560332e-06
4453,2.481374849594431e-06
991,2.4784409333733493e-06
3613,2.469069841026794e-06
9092,2.456370452819101e-06
5348,2.4561970803915756e-06
8198,2.4543802510379464e-06
5778,2.4491729391229455e-06
3975,2.447010047035292e-06
4850,2.4391325723627233e-06
1978,2.4376594183195266e-06
1780,2.4360344923479715e-06
2721,2.4347394855794846e-06
3631,2.4308432102770894e-06
521,2.4219542638093117e-06
8024,2.420044097561913e-06
2899,2.4192121372834663e-06
802,2.4166070033970755e-06
7802,2.412564299447695e-06
9464,2.40351653246762e-06
6453,2.394215698586777e-06
7774,2.3924973220346146e-06
9653,2.3891313958301907e-06
6025,2.388836492173141e-06
1633,2.3862083935455303e-06
185,2.368836703681154e-06
4409,2.3586577526657493e-06
1036,2.3482940605390468e-06
5946,2.330930442440149e-06
4987,2.3293873709917534e-06
8633,2.3257053953784634e-06
4924,2.3202477450467995e-06
4132,2.319039481335494e-06
2237,2.3172424903350475e-06
6892,2.314937773917336e-06
609,2.3125910502130864e-06
6414,2.310147806383611e-06
9475,2.2880302594785462e-06
9611,2.283620688103838e-06
1644,2.2772961756345467e-06
4880,2.2733044033884653e-06
3385,2.271462790304213e-06
4529,2.269867934501235e-06
7784,2.2682604594592704e-06
2221,2.262428438370989e-06
8001,2.2595904169975256e-06
1501,2.2593661697101197e-06
9113,2.2554858674084244e-06
6556,2.2533452010975452e-06
7288,2.250782358714787e-06
3722,2.2502794081447064e-06
7334,2.248708142360556e-06
2680,2.2467753524324507e-06
2615,2.2255670728554833e-06
4424,2.221908857791277e-06
1250,2.219437874373398e-06
9126,2.2176946572471934e-06
6554,2.2162860204844037e-06
4219,2.212712558957719e-06
6695,2.211934202023258e-06
5255,2.207158559031086e-06
82,2.20325284772116e-06
5142,2.1964526695228415e-06
2203,2.1908663256908767e-06
496,2.1874519688935834e-06
4962,2.1789976472064154e-06
9588,2.178215822823404e-06
7905,2.174594158077525e-06
975,2.169504512039566e-06
9536,2.169491494896647e-06
866,2.1655814066434687e-06
9938,2.1635064513247926e-06
9910,2.149310546428751e-06
18,2.1450259737321176e-06
7193,2.1442284605655004e-06
8541,2.1408269503808697e-06
4053,2.1345053369259404e-06
6786,2.1341259071050445e-06
3053,2.1279200836943346e-06
8801,2.126824256265536e-06
2182,2.1265194618536043e-06
9512,2.12171300972841e-06
8480,2.121564648405183e-06
6660,2.1169760202610632e-06
4372,2.1151676605768444e-06
9841,2.1133457721589366e-06
386,2.1108339751663152e-06
1141,2.1054780177109933e-06
3620,2.099712219205685e-06
7385,2.0953668240508705e-06
6988,2.094738533742202e-06
4953,2.0924701971125614e-06
804,2.091485839628149e-06
4673,2.0866879140157835e-06
139,2.0747638700413518e-06
2041,2.0622303509298945e-06
9878,2.060929375602427e-06
2557,2.0600292600647663e-06
2684,2.0546476093841193e-06
2832,2.0510402691797935e-06
6885,2.050004468401312e-06
2835,2.0435261376405833e-06
2048,2.038183424701856e-06
8834,2.036289799889346e-06
7740,2.03182770519561e-06
3029,2.030135874520056e-06
9513,2.0277784642530605e-06
2856,2.026943946020765e-06
6270,2.0209830040585075e-06
4073,2.01864065729751e-06
5327,2.0164005150036246e-06
4945,2.015177642533672e-06
6632,2.0128937876506825e-06
9541,1.9946588167840673e-06
9462,1.9907121213691426e-06
7837,1.988945257380692e-06
5101,1.9880494619428646e-06
748,1.985600647458341e-06
3240,1.9847241219395073e-06
3767,1.9842032656924857e-06
9823,1.9741454480026732e-06
5878,1.9680691139001283e-06
4821,1.966691399957199e-06
6477,1.960066981609998e-06
7409,1.9591132627283514e-06
2225,1.9584748542911257e-06
4935,1.9520143723639194e-06
6594,1.9513850588737114e-06
6369,1.9492667320264445e-06
6873,1.9469839003249945e-06
4393,1.9462459022179246e-06
5753,1.9428032373980386e-06
7729,1.9401324493628636e-06
814,1.939881599355431e-06
6034,1.9314577457407722e-06
3076,1.9309373442411015e-06
5749,1.9227820757805603e-06
2839,1.9112007407784404e-06
1198,1.907885291529965e-06
3329,1.9068375536335225e-06
61,1.9001415694219759e-06
4170,1.8993706021319667e-06
7192,1.8972990005750034e-06
2222,1.8941030930363922e-06
9721,1.8890679029937019e-06
2297,1.8879129015658691e-06
2199,1.8871114093599317e-06
5139,1.8714445104706101e-06
1110,1.8602490285957174e-06
736,1.8595512187857821e-06
6322,1.8574098703538766e-06
4346,1.8548082039160363e-06
6798,1.84854332019313e-06
2108,1.8441240854372154e-06
3095,1.8184001078225265e-06
8095,1.8170932207794976e-06
412,1.7901707565215474e-06
4993,1.7887226135826495e-06
3012,1.7809376799959864e-06
7488,1.7747468632478558e-06
2767,1.7700568832879071e-06
8157,1.767937419572263e-06
7203,1.7676412085165794e-06
9088,1.7669076441961806e-06
3661,1.766179309470317e-06
8151,1.7633367974667635e-06
4207,1.7598344470570737e-06
5739,1.7458573893236462e-06
7853,1.7432240042580815e-06
7656,1.7308617543676519e-06
6570,1.7263668610212335e-06
5093,1.7137368217845506e-06
4572,1.7131578147200344e-06
464,1.7078880318877054e-06
7367,1.7071781144295528e-06
4139,1.7039449744515878e-06
6196,1.6915415699259029e-06
9303,1.6908453517316957e-06
1341,1.6895965586627426e-06
9507,1.676958618190838e-06
7602,1.6750032045820262e-06
203,1.6748884945627651e-06
1475,1.6744808704061143e-06
9957,1.67375856108265e-06
6843,1.6734061887291318e-06
7350,1.6685220884937735e-06
1223,1.6639480691083008e-06
9240,1.6512046272509906e-06
9396,1.649506828016456e-06
4381,1.6457876199638122e-06
6327,1.6450458701910975e-06
6923,1.642184940919833e-06
6583,1.6408905025855347e-06
5336,1.6292838722620218e-06
900,1.6174130337276438e-06
2427,1.6070146102720173e-06
1388,1.6016651329664455e-06
3332,1.5999063407434733e-06
9564,1.5980140801730158e-06
8261,1.5916945699245844e-06
6461,1.591381874277431e-06
628,1.590917975136108e-06
7900,1.5890277609287295e-06
8761,1.5874726386755356e-06
9337,1.5826694266252161e-06
8926,1.5710887169007037e-06
4579,1.5702189557487145e-06
1689,1.5642928588022187e-06
895,1.5533427131231292e-06
2488,1.5517240399276488e-06
743,1.5467626326426398e-06
4297,1.5445529584212636e-06
8042,1.535423848508799e-06
5955,1.5346071791100258e-06
8885,1.5330069231822563e-06
6334,1.5243135180753598e-06
2867,1.5230548910949437e-06
9008,1.5172569192145602e-06
3888,1.5156952599681972e-06
4770,1.4945269413146889e-06
4964,1.489095382112282e-06
4417,1.4869858091515198e-06
7034,1.485737300299661e-06
5572,1.4784028508074698e-06
537,1.4782110042688146e-06
954,1.4777980368307908e-06
4963,1.4775800423194596e-06
3227,1.4741885365765484e-06
7835,1.4721925936100888e-06
3205,1.470913502998883e-06
2265,1.463666308154643e-06
6502,1.463301259718719e-06
5593,1.4603930367229623e-06
445,1.4587970440516074e-06
4789,1.456824747947394e-06
7773,1.4452949699261808e-06
8724,1.4435867115025758e-06
3543,1.4361027069753618e-06
8863,1.431655789474462e-06
2774,1.4283874065768032e-06
3648,1.427439201506786e-06
3922,1.4228029954210797e-06
3453,1.4213993608791498e-06
5914,1.4195251196724712e-06
808,1.419006537162204e-06
9732,1.418051340351667e-06
7567,1.414402504451573e-06
2955,1.4103998182690702e-06
6337,1.4065197433410503e-06
1787,1.402748921464081e-06
5366,1.4026140320311242e-06
7004,1.3985855389364588e-06
4067,1.385498819672648e-06
9593,1.3840676160725707e-06
8827,1.3832907939104189e-06
3248,1.3778731045022141e-06
2914,1.3656423902830284e-06
1534,1.3636881135425938e-06
1262,1.3604252444565645e-06
4828,1.356285338260932e-06
9506,1.3519751860258111e-06
8877,1.349583726550918e-06
9067,1.3471250213115127e-06
9599,1.341033055268781e-06
6450,1.3372729199545574e-06
6338,1.3369082125791465e-06
8940,1.3283839166433609e-06
4179,1.3189954870540532e-06
1919,1.3188219440962712e-06
7903,1.3102596199132677e-06
1952,1.3058754007033713e-06
8678,1.3045867035543779e-06
2404,1.30189710034756e-06
6478,1.2987273407816247e-06
5517,1.2959936839251895e-06
835,1.2928655905852793e-06
4844,1.2923611620863085e-06
6041,1.2884939337709511e-06
5001,1.2870347063653753e-06
8365,1.2800545050595247e-06
3239,1.2792793881999387e-06
869,1.2776328617292165e-06
9351,1.2667605346905475e-06
6735,1.2646352729461796e-06
9452,1.2620015468201018e-06
1786,1.2602447441167897e-06
5485,1.255602114724752e-06
9553,1.2460943707992556e-06
6385,1.2432197991074645e-06
2717,1.2305942505008716e-06
8073,1.229203974162374e-06
6515,1.2266117437320645e-06
8677,1.2250181953277206e-06
1232,1.2232225685693265e-06
8522,1.213298332913837e-06
1146,1.2129640936109354e-06
2104,1.2049229098920478e-06
8006,1.2016271284664981e-06
7582,1.2006378824480635e-06
640,1.1874923302457319e-06
9963,1.1870502589772514e-06
266,1.1843986840176512e-06
7198,1.1824315038211353e-06
184,1.1779133615164028e-06
8795,1.176591354123957e-06
9549,1.172756242340256e-06
303,1.1699044080160093e-06
3863,1.1660636118904222e-06
8598,1.1630012863861339e-06
2587,1.1603068514887127e-06
7268,1.159129340067011e-06
1473,1.1527637866493023e-06
4614,1.1448046279838309e-06
9974,1.1393099725864886e-06
6970,1.1389907967895851e-06
8808,1.1349803799021174e-06
4536,1.1320295243422152e-06
7420,1.12869111035252e-06
8566,1.1279945510977996e-06
8729,1.1185535697677551e-06
1423,1.1131771202599339e-06
8399,1.1114746598650527e-06
3782,1.108519285253351e-06
5557,1.1009365152858663e-06
8536,1.0981159732637025e-06
9341,1.093659108164502e-06
5683,1.0735215028034872e-06
3918,1.0727102335295058e-06
5469,1.0689452096812602e-06
99,1.0689303735489375e-06
5138,1.0686960365546838e-06
2123,1.06866878013534e-06
4185,1.066105966174291e-06
6785,1.0634746558935149e-06
5038,1.0573457700502331e-06
9276,1.0498114875190367e-06
5207,1.0446342173509038e-06
4617,1.0444913698393066e-06
446,1.0440511744036485e-06
8561,1.0351527919283399e-06
5802,1.030980513405666e-06
8973,1.0206917977484409e-06
3376,1.0130284806564305e-06
9277,1.0048109118088178e-06
9474,1.0022507694884553e-06
2518,9.782085896858916e-07
9909,9.749788034696394e-07
9179,9.726766450057767e-07
5470,9.698036080862948e-07
9928,9.692173819075833e-07
1012,9.681914150405646e-07
6703,9.66194022566924e-07
6746,9.65590061241528e-07
769,9.65533530461471e-07
4246,9.628466557387583e-07
3862,9.608239963654341e-07
2375,9.586259750449244e-07
1935,9.468926407407707e-07
4975,9.341966631382093e-07
2160,9.320708898030716e-07
7700,9.299296550580038e-07
1458,9.275697436805785e-07
9996,9.240606857474631e-07
5347,9.239816165518278e-07
9673,9.232662705471739e-07
2920,9.189425611566548e-07
5147,9.146422712547064e-07
6851,9.102868716581725e-07
3344,9.055434304627852e-07
2086,9.025824567743257e-07
9781,9.000628722333204e-07
4163,8.996088070034602e-07
7208,8.995872349260026e-07
1571,8.993981168714527e-07
5957,8.982798647139134e-07
5034,8.943727607402252e-07
4,8.9154929128199e-07
23,8.912894884360867e-07
6876,8.874716570517194e-07
3637,8.816057857075066e-07
1439,8.779586835316877e-07
3711,8.774291870849993e-07
1362,8.759761840337887e-07
1724,8.751906079851324e-07
8471,8.738544465813902e-07
2781,8.70520722173751e-07
1980,8.688230650477635e-07
2962,8.656463990064367e-07
7797,8.640071484933287e-07
4786,8.564802271848748e-07
1333,8.276900587134151e-07
1059,8.223460099543445e-07
2060,8.183693296359706e-07
114,8.12412935147222e-07
9461,8.091571714885504e-07
465,8.017520372050058e-07
2150,8.009093619421037e-07
8276,8.007862675185606e-07
8425,7.958063577007124e-07
6927,7.932976018310001e-07
1289,7.915959656656923e-07
847,7.899899685526179e-07
389,7.882574948325782e-07
8436,7.850473480175424e-07
1639,7.824889394214551e-07
8133,7.773775507757819e-07
9906,7.73014960486762e-07
2178,7.724757153937389e-07
5810,7.703425524141494e-07
1528,7.696200157170097e-07
3647,7.643036781246337e-07
1706,7.518954987517645e-07
7603,7.481281727450551e-07
6991,7.468818523648224e-07
9530,7.466308886705519e-07
1985,7.339943692841189e-07
1143,7.309567990887444e-07
9064,7.294057979834179e-07
8705,7.231657832562632e-07
7672,7.207214025584108e-07
7256,7.205364624951471e-07
8263,7.0910019189796e-07
3253,7.073309404859174e-07
5992,7.062015754399908e-07
7118,7.019502845651004e-07
3119,6.934882890163863e-07
3786,6.893849615607905e-07
6581,6.879221530198265e-07
4777,6.746640792698599e-07
1261,6.677217925243895e-07
8231,6.668360015282815e-07
2148,6.666842011782137e-07
4738,6.611752496610279e-07
7018,6.563242891388654e-07
352,6.531416261168488e-07
2984,6.512448749163013e-07
4888,6.498659672615759e-07
6810,6.450696332649386e-07
1239,6.43653208953765e-07
981,6.414000210952508e-07
1302,6.410094499642582e-07
3874,6.402528924809303e-07
7376,6.398583707323269e-07
2792,6.370490837070975e-07
6528,6.34633295248932e-07
9839,6.343020970689395e-07
3301,6.329561017537344e-07
6922,6.314864720025071e-07
5370,6.276519854964135e-07
7042,6.247732642350456e-07
7548,6.212507912550791e-07
9365,6.21087480112692e-07
2349,6.188904251303029e-07
6844,6.143158941540605e-07
1443,6.140630546269676e-07
9075,6.097746165778517e-07
4348,6.089216526561358e-07
9704,6.075374585634563e-07
2384,6.059536303837376e-07
6012,6.055900314549945e-07
322,6.035180035723897e-07
6280,5.992411900024308e-07
3002,5.976399961582501e-07
4628,5.950751642558316e-07
1641,5.938350682299642e-07
1947,5.936364004810457e-07
9691,5.922344428199722e-07
3563,5.892918295558047e-07
3959,5.876807165350328e-07
1916,5.853798086263851e-07
8833,5.771658209141606e-07
4619,5.742437281242019e-07
1463,5.717457725040731e-07
4974,5.706995978016494e-07
4244,5.68120185562293e-07
3732,5.657406347836513e-07
8327,5.645714225011034e-07
5817,5.587594813505348e-07
9057,5.557171505188307e-07
9380,5.54956443465926e-07
4366,5.524490376274116e-07
6822,5.415877808445657e-07
5640,5.38267400429504e-07
4054,5.36079724611227e-07
6279,5.331991985713103e-07
7454,5.306689558892685e-07
103,5.298477390169865e-07
5807,5.285254474074463e-07
3740,5.259950199842933e-07
8540,5.244000647053326e-07
5037,5.166308909565487e-07
5881,5.165654641814399e-07
9634,5.138346210742384e-07
7172,5.112910770321832e-07
5074,5.090715546884894e-07
5227,5.046494209182129e-07
9667,5.028996525879847e-07
4025,5.000557479206691e-07
6817,4.983041890227469e-07
4401,4.971041391854669e-07
5158,4.961462138908246e-07
4013,4.957250325787754e-07
6530,4.947234941710121e-07
8077,4.945456311133967e-07
6790,4.939820001936823e-07
687,4.917644673696486e-07
4588,4.906089685619008e-07
4465,4.905047177317101e-07
6488,4.872006087452974e-07
8048,4.827718100841594e-07
5632,4.805296782706137e-07
6386,4.804392119694967e-07
8947,4.7467351294017135e-07
6987,4.7371813138852303e-07
4561,4.7075134546048503e-07
8556,4.702007032619804e-07
4658,4.6628672123461e-07
7074,4.656040459849464e-07
3865,4.642928530529389e-07
2606,4.631584999970073e-07
3078,4.626444365385396e-07
311,4.6123827246447036e-07
3333,4.5823523464605387e-07
3549,4.522341896517901e-07
4839,4.4929861076070665e-07
8986,4.4626678175063716e-07
5268,4.452902118146085e-07
4575,4.4512667329854594e-07
1053,4.411783862678931e-07
5039,4.3674283745076536e-07
9798,4.321899211845448e-07
5535,4.3033372776335455e-07
1283,4.2560886015508004e-07
5202,4.2464806426778523e-07
7141,4.232251029634426e-07
4910,4.204544268304744e-07
370,4.2001239819455805e-07
3570,4.1958611518566613e-07
1180,4.1708076992108545e-07
1826,4.163419475844421e-07
4597,4.1210418544324057e-07
7953,4.1003188755439623e-07
8905,4.0173571846935374e-07
2913,3.9053324485394114e-07
6433,3.889520883149089e-07
6407,3.8520674650044384e-07
4842,3.7902267990830296e-07
3569,3.729785902351068e-07
1880,3.7103406214100687e-07
8555,3.695807606618473e-07
4771,3.6112243151364964e-07
5378,3.597038187308499e-07
4881,3.5497461681188724e-07
7992,3.456816131119922e-07
1286,3.4494017597808124e-07
9043,3.400251245011532e-07
3689,3.3945326549655874e-07
8837,3.39189043074839e-07
9050,3.391440799305201e-07
2172,3.3700439416861627e-07
9656,3.3622333717175934e-07
2068,3.3524769094128715e-07
2546,3.244983446393235e-07
5917,3.2378368075569597e-07
5019,3.2283971052038396e-07
3588,3.1817215528917586e-07
3098,3.1549321022339427e-07
8923,3.141802267236926e-07
9610,3.1352514895388595e-07
7519,3.1325872384968534e-07
4722,3.092360429945984e-07
5861,3.0688832453051873e-07
8700,3.054719002193451e-07
2705,3.0442346599102166e-07
534,3.0401410811009555e-07
518,3.020564918188029e-07
9107,3.018390373199509e-07
5512,2.978522104513104e-07
3286,2.969423036347507e-07
3038,2.9455763694841153e-07
3049,2.9339139473449904e-07
9184,2.929973561549559e-07
5418,2.896906465821303e-07
5267,2.8923994932483765e-07
5340,2.851395777270227e-07
9605,2.8339202629013016e-07
4357,2.8306545374334746e-07
5902,2.822971723048795e-07
9658,2.78538330178435e-07
2589,2.78006616838411e-07
3965,2.728718513367312e-07
4765,2.728062540313658e-07
2004,2.7242131039884043e-07
8879,2.678501687114476e-07
6520,2.675421342246409e-07
5065,2.6550513609890913e-07
9502,2.617976804231148e-07
1511,2.617076830802034e-07
5446,2.5815065640699686e-07
4685,2.5316095531024985e-07
5746,2.51621592894935e-07
6312,2.492917801077965e-07
6722,2.462401837988182e-07
6662,2.457590611015803e-07
6871,2.431777730294016e-07
7150,2.43017829859582e-07
9777,2.4150053690163986e-07
4444,2.4106094542730716e-07
842,2.3793759140744442e-07
4237,2.3273977944882063e-07
4311,2.3213252831055797e-07
8966,2.2906856145255006e-07
1792,2.2889016548788277e-07
1727,2.2786404230146218e-07
6932,2.2736218596719482e-07
4208,2.2446398162401238e-07
88,2.2379493458402067e-07
1906,2.2159165524726632e-07
4106,2.206870348686607e-07
3838,2.2051429482417007e-07
8744,2.1878970102306994e-07
3077,2.1832249075259824e-07
7487,2.1821404061483918e-07
2279,2.1775188230321874e-07
7678,2.1578688347290154e-07
2259,2.1534176397608462e-07
2821,2.14677228882465e-07
6167,2.1056305854472157e-07
4310,2.099755178619489e-07
4043,2.0752798235434966e-07
3125,2.0750904639044165e-07
9496,2.0646615439545712e-07
5192,2.0427425795332965e-07
6144,2.025893195423123e-07
9822,2.019780538375926e-07
168,2.0107106024624954e-07
14,2.0092187469344935e-07
3713,2.0021905555722697e-07
2775,1.9985263577382284e-07
9313,1.9909719384259006e-07
9094,1.9544054197240257e-07
2213,1.9410590113011494e-07
2335,1.9389364069866133e-07
8757,1.9327117684042605e-07
3541,1.908363103098054e-07
7748,1.895017689435008e-07
2634,1.882103077832653e-07
5488,1.876144466450569e-07
48,1.8669982182473177e-07
7836,1.8577572546973897e-07
6293,1.8573631876961372e-07
7339,1.833964518027642e-07
9467,1.8277651747666823e-07
3034,1.8176555727222876e-07
4544,1.802566487185686e-07
5343,1.8024261549953735e-07
8078,1.7606997460006824e-07
104,1.7591634815516954e-07
8753,1.738278285756678e-07
3054,1.728373035803088e-07
4778,1.7234771831908802e-07
9345,1.7154905407323895e-07
2868,1.701094589634522e-07
8379,1.6966483684655032e-07
1929,1.691594206931768e-07
3544,1.6641784128523796e-07
2711,1.660247477275334e-07
9695,1.6501314092920438e-07
1514,1.6323063078971245e-07
6546,1.5832789301839512e-07
7551,1.565710192608094e-07
3720,1.5637029093795718e-07
224,1.546516728012648e-07
4070,1.5085237947687347e-07
2260,1.5003350029019202e-07
9812,1.4354592536847122e-07
6702,1.411052572564131e-07
1470,1.4032559292331825e-07
4161,1.3954057109799578e-07
4720,1.3858527836418943e-07
1757,1.382058556487209e-07
787,1.3811503052352236e-07
3175,1.3582548774593306e-07
7526,1.3404128296201634e-07
2112,1.3403171550407933e-07
5777,1.3190426884079898e-07
8607,1.2969007912033703e-07
4749,1.2829469753228295e-07
3292,1.2649825009702909e-07
6788,1.2619883804632082e-07
8682,1.25852324117659e-07
2369,1.2459225118277573e-07
5160,1.2408469984848125e-07
5618,1.231862540862494e-07
1725,1.2024680273725608e-07
2704,1.199747252655925e-07
5820,1.1930345067412418e-07
9189,1.1695430401914564e-07
8494,1.1381204956251167e-07
409,1.1376084430025912e-07
2504,1.1344643624511264e-07
3714,1.1196933868973247e-07
2536,1.1086503448609619e-07
6047,1.0826778407135862e-07
8414,1.0744559020281486e-07
6171,1.0723537258172655e-07
8118,1.0597091915087731e-07
1271,1.0586217058516922e-07
3933,1.0515039505776258e-07
3574,9.993617666737009e-08
9324,9.674857182062624e-08
8469,9.613182072598647e-08
2118,9.345248130898653e-08
9040,9.212491747234708e-08
340,9.109596277312448e-08
8376,8.481999813625407e-08
1628,8.36119582459105e-08
3417,7.742208296690478e-08
9115,7.705416038561452e-08
2747,7.677331481659166e-08
9087,7.658342937588714e-08
2510,7.529064305344946e-08
4335,7.500254639580817e-08
5689,7.457682826839118e-08
852,7.411422586756089e-08
176,7.376118560387113e-08
5211,7.03505200760901e-08
6412,6.930500795476746e-08
6004,6.85602969952015e-08
4952,6.793413298566975e-08
1532,6.63441213077931e-08
7012,6.619835168919508e-08
3607,6.286814446809785e-08
8978,6.255311468805758e-08
5107,6.20050411015427e-08
6652,6.193908141938209e-08
4931,5.987561557674326e-08
6963,5.9518395545410385e-08
2975,5.9021251885837955e-08
1353,5.897656762954284e-08
1934,5.8614359588204934e-08
3420,5.8467540142714824e-08
8832,5.8223516674615894e-08
3127,5.7995219293616174e-08
9863,5.727681084977121e-08
6081,5.6443033358277717e-08
7930,5.640169753462487e-08
1109,5.5744544980029787e-08
4776,5.4371499302874327e-08
9290,5.425298432726322e-08
5508,5.317523132930546e-08
3619,5.237402156410553e-08
1839,5.1434547287954047e-08
8026,5.085371768132063e-08
9784,4.9660091150371954e-08
1722,4.614955528836617e-08
860,4.490206251261952e-08
3726,4.452743773697421e-08
3611,4.316813217997151e-08
1188,4.036092526860102e-08
1921,3.972651008155026e-08
1598,3.8703118931948666e-08
6447,3.8359639020768554e-08
9205,3.721401853340467e-08
2083,3.587890873291144e-08
1455,3.531088310637642e-08
7006,3.2151138640301724e-08
2928,2.99676932158377e-08
7122,2.8815870578569047e-08
5867,2.763687501072809e-08
941,2.758047834561239e-08
2854,2.6855496493283226e-08
2489,2.6546343789846105e-08
8387,2.3022474593403786e-08
2535,2.2772358221345712e-08
2033,2.1902705427123692e-08
3969,2.0992851013090785e-08
785,2.0489633101306026e-08
3468,2.0399501643453277e-08
8554,1.993637877006904e-08
5006,1.989784781386561e-08
3520,1.9308154186603588e-08
4567,1.6803135771681355e-08
7569,1.641340485747378e-08
9752,1.5873216074879792e-08
3705,1.3882681226817795e-08
710,1.388106340982631e-08
1116,1.377710745487093e-08
37,1.2670628102284809e-08
7501,1.1514026176939751e-08
1290,1.0814086071064821e-08
5053,7.76305020266932e-09
2017,7.3495070029849785e-09
2309,6.89537937859086e-09
8485,6.002529140403112e-09
1225,5.908227906914476e-09
8481,3.83099485468108e-09
2942,2.7440273386858394e-09
5372,1.0031213359962265e-09
9708,3.0887063739992726e-10
7296,1.8124327733071155e-10
8691,-3.996384889681792e-10
7924,-7.075431074365923e-10
2330,-7.47407802315081e-10
7112,-9.467093498027879e-10
9861,-9.695001745857468e-10
2053,-1.0331154820519828e-09
8045,-1.0877404532649848e-09
6411,-1.0921719639789274e-09
7947,-1.1117091691659198e-09
9603,-1.3348673832958013e-09
6357,-1.3456168401759783e-09
3068,-1.3664943065982982e-09
7013,-1.39447814406779e-09
2364,-1.5163372779625206e-09
8811,-1.560193640948171e-09
3700,-1.5641719586234615e-09
9912,-1.6056341256565076e-09
2565,-1.7295299081787618e-09
8009,-1.7549380837422746e-09
9933,-1.7974611798976525e-09
7877,-1.852397846224818e-09
8911,-1.8966880288573407e-09
9255,-1.9110822369050595e-09
8565,-1.9308534215944917e-09
4039,-1.9536648965257086e-09
7008,-1.9590338240504934e-09
2648,-1.9798626627043348e-09
235,-2.077782279563678e-09
483,-2.159717849004039e-09
5152,-2.1754910095594937e-09
5170,-2.211938965324123e-09
8236,-2.2852005843176926e-09
2323,-2.348830796528034e-09
308,-2.3749465727362917e-09
9010,-2.398290011029758e-09
8620,-2.4342400317678425e-09
4684,-2.4594627445750916e-09
6588,-2.4652750951759117e-09
5639,-2.501228113516163e-09
5941,-2.5559833138899535e-09
7061,-2.582546065887925e-09
1638,-2.6058584179367017e-09
1627,-2.6338542458148595e-09
4429,-2.674851007355983e-09
889,-2.8125088924468855e-09
9797,-2.8548671204831066e-09
7731,-2.870250925823825e-09
3346,-2.88364676581665e-09
6744,-3.046578100907027e-09
3829,-3.0668215744711347e-09
7478,-3.1368945219156785e-09
3109,-3.1543035960979182e-09
8197,-3.1630814634198146e-09
265,-3.2010200046173054e-09
5627,-3.204562948333489e-09
6882,-3.3502164376031374e-09
8331,-3.385781877085492e-09
2993,-3.424785788297413e-09
5232,-3.42630501748431e-09
3347,-3.4732295928208146e-09
1383,-3.4768848911070904e-09
4114,-3.5038527634867478e-09
2396,-3.5853966462440212e-09
8194,-3.68870189948467e-09
8428,-3.739233811472786e-09
5354,-3.749465182778522e-09
2038,-3.770155188043134e-09
3937,-3.787704594415686e-09
8299,-3.803166559457338e-09
561,-3.8254120982017525e-09
996,-3.8403519253549234e-09
9300,-3.8968854809695586e-09
6202,-3.916200919107382e-09
9359,-3.932916103899231e-09
4677,-3.9385439354333585e-09
3024,-3.977558282741711e-09
5856,-3.986704522063178e-09
8019,-3.989056973630056e-09
38,-3.9898796488913035e-09
4329,-4.028694045032921e-09
7738,-4.0757446306827205e-09
2926,-4.133104525294584e-09
7616,-4.144401932748565e-09
6814,-4.177121981641108e-09
9054,-4.186098134795202e-09
9624,-4.198581704528692e-09
85,-4.231954120470505e-09
9654,-4.275252374341676e-09
2161,-4.2767611674321415e-09
7130,-4.490675609147843e-09
5599,-4.503646788833748e-09
3372,-4.508607709396983e-09
4606,-4.519908003430828e-09
6792,-4.545293252888882e-09
3877,-4.606523384964589e-09
6907,-4.7701340655237345e-09
6781,-4.835835509808817e-09
8180,-4.9511077460095976e-09
5899,-4.983084833654061e-09
6058,-4.99407559750864e-09
7387,-5.038250483480056e-09
8110,-5.10902631312149e-09
8855,-5.130279534526494e-09
1315,-5.248907308796902e-09
7610,-5.252558166191079e-09
8069,-5.288554261184686e-09
6535,-5.304560568575312e-09
3904,-5.319003681947265e-09
3440,-5.406915359884579e-09
9709,-5.467779118362159e-09
6769,-5.505800926286497e-09
2658,-5.509158018668359e-09
2209,-5.523323354239551e-09
3362,-5.5683830879615925e-09
4590,-5.5700297707517166e-09
4407,-5.66054825235085e-09
3828,-5.701779715039379e-09
686,-5.71024849627122e-09
1911,-5.715652173776675e-09
7418,-5.792129886827979e-09
5173,-5.822727189297439e-09
7845,-5.8264741920055485e-09
1490,-5.875095299145983e-09
5445,-5.880045783612786e-09
4342,-5.902162980575554e-09
4913,-5.9082445602598455e-09
7517,-5.909690514727117e-09
8308,-5.970026251134186e-09
5224,-6.209627256836825e-09
9135,-6.287505183166786e-09
6044,-6.385449724533032e-09
3013,-6.388834572490509e-09
63,-6.388899853604357e-09
544,-6.504795369011163e-09
3211,-6.554824683036031e-09
8450,-6.609476077557019e-09
164,-6.611256653243913e-09
6723,-6.691018628046663e-09
2217,-6.730522361664271e-09
7491,-6.76815514744078e-09
2918,-6.805641161733433e-09
9405,-7.034681281936628e-09
9879,-7.142574753871145e-09
1732,-7.15154824248998e-09
3859,-7.1630270603861845e-09
4358,-7.272253021994857e-09
3368,-7.311875549476099e-09
8582,-7.327424444980579e-09
5363,-7.3534431876964845e-09
6458,-7.364581389168734e-09
2317,-7.379321154132867e-09
1604,-7.419508785133644e-09
7076,-7.435325022342454e-09
4280,-7.451759431731375e-09
2802,-7.453397676826512e-09
3848,-7.455144279688852e-09
9002,-7.50397655124857e-09
9896,-7.506584909222624e-09
8377,-7.521999467741125e-09
1231,-7.567155790866309e-09
5663,-7.59805751648912e-09
739,-7.707023463865426e-09
3252,-7.742961161127937e-09
2588,-7.780799782253212e-09
9492,-7.838022897388441e-09
4599,-7.85637377376247e-09
5021,-7.856749917323214e-09
2894,-7.920609279565838e-09
4808,-8.029930498310023e-09
2931,-8.182116983945775e-09
3502,-8.227793113491089e-09
4527,-8.275019336423384e-09
2780,-8.290680586497956e-09
1547,-8.306856091877535e-09
5634,-8.333253198600232e-09
9949,-8.345144575372387e-09
3345,-8.36749736166098e-09
8066,-8.36850411189971e-09
2063,-8.390311334594003e-09
2776,-8.39991476375701e-09
2724,-8.429858588954176e-09
1764,-8.43008107764831e-09
5826,-8.462823331001346e-09
9891,-8.626730441108066e-09
3849,-8.664607253905388e-09
6589,-8.710398180511447e-09
832,-8.726081635046512e-09
4883,-8.739380774613892e-09
885,-8.74371064440993e-09
3789,-8.79296502276361e-09
5882,-8.793455741340495e-09
7949,-8.816649188503334e-09
6459,-8.857907296544454e-09
7247,-8.892323322129414e-09
1190,-9.000004297377018e-09
930,-9.017757207629984e-09
30,-9.04140629032213e-09
3833,-9.046948523661058e-09
8108,-9.04836650050811e-09
3832,-9.05976982323864e-09
3350,-9.076747353731207e-09
7342,-9.104330622733414e-09
6829,-9.122288258112121e-09
2407,-9.258193767180956e-09
7249,-9.288315006017456e-09
3663,-9.299786274397093e-09
3208,-9.318655180834412e-09
1858,-9.350400898000544e-09
1867,-9.392621347359409e-09
8337,-9.456916583161501e-09
7911,-9.541764711684664e-09
9101,-9.542231449444216e-09
6853,-9.572379333633307e-09
8489,-9.63688018273956e-09
1065,-9.686931257135711e-09
3179,-9.744093087959982e-09
3004,-9.780075860277293e-09
3941,-9.899572717131377e-09
5080,-9.916704790668973e-09
9253,-9.945201995265052e-09
4973,-9.976191428506809e-09
7505,-1.0044351572702226e-08
7305,-1.0119582949386086e-08
6883,-1.0120736693153276e-08
7207,-1.0127561900219462e-08
969,-1.0203770273164992e-08
722,-1.0243958570299583e-08
8307,-1.0271823835950045e-08
3837,-1.0288708551797754e-08
2659,-1.0518435455963981e-08
1117,-1.0550880613635627e-08
39,-1.0599450206427719e-08
2762,-1.0687583262836142e-08
9930,-1.0738041122948516e-08
6368,-1.0783392845326034e-08
5361,-1.0896852753461417e-08
6440,-1.1076609851556896e-08
9904,-1.1089001716868552e-08
1811,-1.1170775415791923e-08
4221,-1.1277835554324156e-08
3621,-1.129523941045818e-08
5555,-1.1336405147943651e-08
5569,-1.1344216233055704e-08
7796,-1.139212146838986e-08
6751,-1.1396285692910624e-08
7464,-1.1534934785117912e-08
6467,-1.1565278956737757e-08
6129,-1.1574524449997625e-08
6611,-1.1641213770730019e-08
6454,-1.1685335365996252e-08
3348,-1.1814277112165428e-08
9368,-1.1920790576880336e-08
144,-1.1958283696600347e-08
8892,-1.1959507162373484e-08
4226,-1.1972535407522855e-08
6623,-1.1976481140152373e-08
5195,-1.200042154536618e-08
7499,-1.2007990157769655e-08
4178,-1.210885303137843e-08
7820,-1.2123381409878675e-08
5261,-1.2218685618847758e-08
8196,-1.2320170661439533e-08
6859,-1.23977197397096e-08
4607,-1.240853464423708e-08
5498,-1.2417578520995676e-08
587,-1.2544779881551449e-08
8437,-1.2553091899292212e-08
1296,-1.2637974666773744e-08
4400,-1.265534121941414e-08
3118,-1.2794540094063223e-08
8525,-1.280325623298495e-08
4750,-1.2861409715014815e-08
9397,-1.2902256152358405e-08
9182,-1.2937227289455677e-08
6479,-1.29575661311776e-08
439,-1.3007604771075876e-08
5055,-1.302559882176979e-08
4530,-1.3073267801644306e-08
7734,-1.3078983229775076e-08
9426,-1.3185709857310712e-08
9697,-1.3248156349732199e-08
2925,-1.3258615982891797e-08
2782,-1.3275525567735258e-08
7716,-1.3307371204973606e-08
3557,-1.333141108617042e-08
6014,-1.3341028726188142e-08
251,-1.340501265545413e-08
216,-1.3409977128731043e-08
6605,-1.3505300877625359e-08
6996,-1.3568008938591447e-08
7850,-1.357733081519541e-08
3694,-1.3695289791115783e-08
5713,-1.3935638421003205e-08
2388,-1.3942986321069384e-08
6575,-1.3944676968691283e-08
9161,-1.4033060935503272e-08
1830,-1.4049040597541307e-08
5580,-1.4095790756840643e-08
9236,-1.4120041136322925e-08
4943,-1.4176428031476007e-08
2755,-1.4278701332415267e-08
6366,-1.445613362349718e-08
5761,-1.4469919040749346e-08
2117,-1.4528211078612685e-08
4149,-1.4552598681660811e-08
2905,-1.4620920918417823e-08
7970,-1.4753539279155348e-08
7393,-1.506748681379122e-08
1349,-1.5097473937686345e-08
4261,-1.5262324737363997e-08
3027,-1.5343128989542265e-08
209,-1.5360169580702632e-08
9705,-1.537024774123097e-08
9187,-1.5377332296395707e-08
973,-1.5396789621036078e-08
4926,-1.5461622648871298e-08
9436,-1.54880694935855e-08
384,-1.552989203901234e-08
7681,-1.5530414732012332e-08
3201,-1.565087792698705e-08
7386,-1.580826980429606e-08
3748,-1.5830431188135208e-08
4671,-1.6064601648935195e-08
6823,-1.6174138472990762e-08
1812,-1.6193349772208876e-08
9237,-1.6289705584426883e-08
8740,-1.630760326776226e-08
3945,-1.6322731610785013e-08
3917,-1.635795499055348e-08
8597,-1.6372137423559252e-08
9060,-1.638662672220903e-08
1694,-1.6472751163121302e-08
634,-1.6525165680292275e-08
3367,-1.6603053154540248e-08
5301,-1.6634875699139684e-08
733,-1.6778337830203327e-08
7666,-1.7135929120115634e-08
1230,-1.713899155930676e-08
845,-1.721928910569659e-08
6231,-1.7304636834580833e-08
5180,-1.730778897979235e-08
5389,-1.7370078708722758e-08
3855,-1.7372685512384578e-08
3993,-1.744518218771418e-08
6867,-1.7465783486159125e-08
8282,-1.773630575740981e-08
2451,-1.7792856077392116e-08
2884,-1.779781744204456e-08
4195,-1.7800210194707233e-08
5188,-1.808221750110306e-08
7940,-1.820842143729351e-08
2344,-1.8356791642304415e-08
7722,-1.840621077775495e-08
8146,-1.842638130966634e-08
1421,-1.8436089987972082e-08
405,-1.8462592343837514e-08
9167,-1.850828024174689e-08
5935,-1.8618290908989366e-08
1875,-1.8690480274585752e-08
9409,-1.871851029733307e-08
1910,-1.8763894438222906e-08
2285,-1.876589372784565e-08
6812,-1.8817217117828022e-08
5154,-1.8951886282536634e-08
9919,-1.8961455516830483e-08
6426,-1.898933632560329e-08
2367,-1.9071807244586125e-08
9977,-1.939712390708337e-08
7598,-1.9586840593888155e-08
4423,-1.971158081204294e-08
7995,-1.9782355309416744e-08
1763,-1.9791980498951034e-08
5130,-1.996689213967784e-08
5104,-1.9984429222574818e-08
6993,-2.0011396095753753e-08
9799,-2.0042850046309013e-08
272,-2.0059701455465984e-08
4216,-2.0366873521027173e-08
3508,-2.0445120263445915e-08
6638,-2.044578728543911e-08
3674,-2.0449203219641277e-08
3509,-2.0509100195909014e-08
3154,-2.054003278573191e-08
2405,-2.060030279693592e-08
9258,-2.061997594893228e-08
9881,-2.0658876387358305e-08
3536,-2.0833035740963624e-08
5394,-2.104360508070613e-08
2716,-2.1049223697389152e-08
3221,-2.1133296890241127e-08
1596,-2.116806108176661e-08
9374,-2.121500486396144e-08
3274,-2.133179055618939e-08
7264,-2.1361572066780354e-08
671,-2.1493256063820354e-08
9937,-2.1595486288106258e-08
305,-2.198406878761716e-08
9668,-2.200738524749113e-08
2872,-2.2197287563585633e-08
2065,-2.222158279607811e-08
2586,-2.2223664686293887e-08
2566,-2.2319716741492357e-08
7968,-2.2404718968971338e-08
1132,-2.244925934036246e-08
2882,-2.2550174172408788e-08
6370,-2.2638305452460372e-08
7711,-2.2661525989065012e-08
705,-2.269728316406372e-08
1367,-2.2699849111518233e-08
3739,-2.2846492697681242e-08
9953,-2.2916345265855398e-08
433,-2.2936751165048008e-08
8187,-2.3013020822304497e-08
925,-2.3169267393541304e-08
8517,-2.3211025990121925e-08
3153,-2.3624741274375083e-08
6548,-2.3716547836727386e-08
5677,-2.3734947340869894e-08
6125,-2.3745279520426266e-08
4539,-2.3765567291889056e-08
3349,-2.380826824577298e-08
7527,-2.384676633937488e-08
8514,-2.3882798849683695e-08
7721,-2.388710740319766e-08
1076,-2.39378703525972e-08
6984,-2.4037348111960455e-08
7287,-2.407147992045111e-08
3998,-2.4116787677996854e-08
9019,-2.429059531294797e-08
5657,-2.4377757590343663e-08
5231,-2.456287706564808e-08
1042,-2.456936876171767e-08
6562,-2.4611110482908316e-08
358,-2.461352277549622e-08
7689,-2.4660459452263694e-08
4220,-2.489614647771532e-08
9053,-2.491699557793936e-08
1749,-2.4941686938007024e-08
1087,-2.510235219688184e-08
73,-2.5163680028583713e-08
1805,-2.5165678430028038e-08
5186,-2.5307596018819822e-08
5212,-2.5316318819079697e-08
4326,-2.5328888320075293e-08
9578,-2.5445313411864845e-08
1662,-2.5456280638991302e-08
1041,-2.5485619836729256e-08
2187,-2.5570043860057012e-08
4136,-2.5720530594242064e-08
4702,-2.586039826724118e-08
9039,-2.594480807971422e-08
2938,-2.5962831884385196e-08
6509,-2.6007173303810305e-08
3337,-2.602856774558404e-08
5513,-2.6054214785631302e-08
55,-2.6164852506838088e-08
9078,-2.626383022175105e-08
1533,-2.6364793015432042e-08
7129,-2.6541076891817283e-08
3295,-2.660810949350889e-08
6298,-2.6714395140459146e-08
4583,-2.712685098771317e-08
2516,-2.7169188676623435e-08
8125,-2.7348798781190453e-08
1391,-2.7460537843637667e-08
3272,-2.7493599397132584e-08
5537,-2.75267284521874e-08
8272,-2.753614047890096e-08
2541,-2.763048279064151e-08
2869,-2.7683594971961156e-08
6466,-2.796581810571297e-08
4008,-2.800254694790283e-08
204,-2.816319799592293e-08
9086,-2.821114097883992e-08
9016,-2.8553985842449947e-08
4560,-2.8772050519876302e-08
2206,-2.8985381206325656e-08
1350,-2.9071664187085844e-08
8359,-2.9580599303358213e-08
4733,-2.967828649502735e-08
6359,-2.9797197598213643e-08
6777,-2.997985326658181e-08
2408,-3.000889403637075e-08
2166,-3.020585648272345e-08
9934,-3.0320961741381325e-08
6739,-3.033569839772099e-08
2497,-3.036204798689823e-08
4637,-3.0385913341035575e-08
7507,-3.0425399977218603e-08
3750,-3.053307739975253e-08
904,-3.083387856150921e-08
2484,-3.1159784086298714e-08
8876,-3.1190346305720595e-08
3990,-3.136088189137354e-08
451,-3.138599602436898e-08
7767,-3.196881337430568e-08
2316,-3.210151078292256e-08
6460,-3.217988897574742e-08
6561,-3.220011812743451e-08
8120,-3.2297069907372133e-08
8113,-3.2353902668091905e-08
1885,-3.2473327138404784e-08
3285,-3.250832403267623e-08
6003,-3.251500579892763e-08
9712,-3.2557231577357015e-08
3172,-3.2579863251669394e-08
4074,-3.264725378926414e-08
3627,-3.287246563843382e-08
7926,-3.287800964812959e-08
4584,-3.295916606305127e-08
1936,-3.304958617889042e-08
619,-3.3062910631542763e-08
3881,-3.337435572348113e-08
7719,-3.3575986435607774e-08
8850,-3.3592773007740107e-08
4598,-3.381466839869063e-08
1256,-3.3856533576681613e-08
8707,-3.391027192378715e-08
7782,-3.3913101660232314e-08
1426,-3.402163706311967e-08
4592,-3.408000637250552e-08
7077,-3.4103749158020946e-08
2713,-3.41510322243721e-08
310,-3.434797513079957e-08
2459,-3.4540864390919523e-08
9376,-3.473984300228494e-08
3035,-3.481490473689064e-08
1593,-3.4853572472570704e-08
2954,-3.51064670667256e-08
1924,-3.5137167841980954e-08
1673,-3.514298541062999e-08
6634,-3.5317867741468945e-08
2340,-3.5495963501830374e-08
625,-3.5566987577340115e-08
8908,-3.577382656771988e-08
5323,-3.6227936206501e-08
6042,-3.637656043053994e-08
8339,-3.664240288969722e-08
4669,-3.687662974982686e-08
1974,-3.724739983113068e-08
287,-3.729476105718277e-08
6924,-3.735787501568666e-08
8208,-3.736630738160329e-08
2817,-3.7488291582121747e-08
2754,-3.752190735895056e-08
858,-3.752669464063274e-08
4084,-3.755643263048114e-08
4038,-3.756588995429411e-08
2385,-3.756949240596441e-08
9038,-3.794787772903874e-08
2652,-3.812708904149531e-08
6277,-3.838234441388977e-08
6438,-3.857296348996897e-08
5036,-3.8793100287648485e-08
258,-3.886965416199928e-08
6500,-3.9560871911703543e-08
6243,-3.9721934186331964e-08
1572,-3.9791270722844274e-08
32,-3.990744623649789e-08
8207,-3.993203634422571e-08
3653,-4.0188684380382256e-08
918,-4.043307733070378e-08
6674,-4.051866930865344e-08
1922,-4.070113668319664e-08
4353,-4.0720271599070657e-08
1186,-4.07591773665672e-08
2610,-4.0891444896828943e-08
5592,-4.141442566663045e-08
3377,-4.149906551731419e-08
124,-4.171653067430725e-08
3644,-4.2158955437798795e-08
6740,-4.227717909088824e-08
6481,-4.237619499747325e-08
8170,-4.2784670029050176e-08
5423,-4.281498355851454e-08
9026,-4.310263967965966e-08
5500,-4.363553252062502e-08
8029,-4.4658266418196035e-08
660,-4.471404579931004e-08
6596,-4.5362741118992744e-08
328,-4.5368103940290894e-08
3229,-4.5512162927252575e-08
437,-4.559919908331267e-08
6088,-4.561009525616555e-08
4398,-4.563458944062404e-08
9049,-4.574509127053261e-08
2909,-4.585849566751676e-08
3090,-4.586940249851068e-08
1983,-4.588793878212982e-08
6211,-4.604362757731906e-08
2071,-4.611938031473528e-08
7372,-4.628193650546564e-08
8246,-4.632864580855767e-08
3725,-4.649380969112826e-08
7654,-4.6569811118502e-08
5504,-4.6599151204418376e-08
5249,-4.6895518579503914e-08
7060,-4.6900611394562475e-08
8150,-4.726943636512715e-08
7286,-4.742651960043531e-08
6316,-4.742960335590851e-08
3906,-4.751001547731448e-08
2812,-4.76556181183696e-08
7706,-4.769090011791377e-08
1955,-4.82543907054378e-08
3011,-4.8651465078819456e-08
8233,-4.8669502206166726e-08
8900,-4.871199088540834e-08
3727,-4.874152104150653e-08
897,-4.882297410802039e-08
1403,-4.8899964966153675e-08
8581,-4.923081675656249e-08
267,-4.940040909673371e-08
9273,-4.9668859247731234e-08
7411,-5.018979187809691e-08
9322,-5.0334739043478294e-08
6908,-5.0354936220742275e-08
9388,-5.0426200104425334e-08
6558,-5.043976969432151e-08
6668,-5.0746399082868265e-08
1814,-5.0938709250658576e-08
7675,-5.1519354116180693e-08
7435,-5.1999398564817056e-08
4756,-5.213525433589439e-08
6793,-5.229767729986179e-08
6240,-5.231792599147411e-08
9543,-5.273206582501189e-08
2517,-5.282235449044492e-08
8067,-5.314129225553188e-08
8496,-5.318168305734616e-08
283,-5.322659468731672e-08
3458,-5.380571366231379e-08
546,-5.416378101585906e-08
1158,-5.453427931456645e-08
1163,-5.46706679926956e-08
2758,-5.469107300370979e-08
7422,-5.469800967716765e-08
5189,-5.4765333601380917e-08
7470,-5.4865980203544495e-08
8572,-5.517641632479808e-08
2850,-5.527173918551398e-08
6380,-5.569774685909579e-08
4740,-5.609252262672726e-08
4523,-5.6749824395296855e-08
8431,-5.6795466107928405e-08
7087,-5.691158655452e-08
9084,-5.6962216277156585e-08
7542,-5.757175713938523e-08
3846,-5.885844878150692e-08
9557,-5.886802156851445e-08
1891,-6.017600284735636e-08
8578,-6.077960534867088e-08
7265,-6.13270767502172e-08
381,-6.149531195376312e-08
9576,-6.178882472340774e-08
4361,-6.181367950830463e-08
8969,-6.196138713221444e-08
746,-6.197765856086335e-08
5433,-6.28348200137907e-08
9183,-6.294711418775023e-08
3925,-6.303017485720375e-08
9625,-6.308050970460499e-08
7310,-6.322544088277482e-08
1150,-6.331168656004138e-08
8772,-6.341142544386003e-08
6264,-6.350074954752927e-08
6123,-6.359581661286029e-08
3597,-6.469829116895198e-08
2012,-6.473737812484615e-08
6990,-6.492461146478945e-08
6985,-6.521105788692694e-08
1606,-6.549885966933289e-08
62,-6.59663008661937e-08
7493,-6.638475724685122e-08
843,-6.639707450517562e-08
7133,-6.654911643977357e-08
7847,-6.656629558676741e-08
5528,-6.723345080672516e-08
8875,-6.759910320397466e-08
4473,-6.776930305818496e-08
257,-6.832659593669632e-08
9970,-6.860716617040907e-08
7338,-6.89405972309487e-08
3356,-6.928093299052307e-08
3869,-7.02673652597241e-08
3365,-7.035092863816317e-08
780,-7.072518215522905e-08
7952,-7.085876418955195e-08
1165,-7.133811052995043e-08
3259,-7.155238535005992e-08
9693,-7.17084098766918e-08
1519,-7.218938335995517e-08
2596,-7.305906990495714e-08
2887,-7.310550387273906e-08
5756,-7.3136131817364e-08
8927,-7.3935847666462e-08
4610,-7.393959222667945e-08
4439,-7.407582813812041e-08
6804,-7.417260050601726e-08
7724,-7.469791896141942e-08
3378,-7.488086595230925e-08
4956,-7.525022027721207e-08
230,-7.526952927605635e-08
9911,-7.541123991927634e-08
592,-7.652867495266946e-08
5480,-7.660695544586815e-08
2069,-7.674111301980702e-08
9366,-7.677032698438779e-08
6617,-7.712695548889315e-08
1758,-7.76102098143383e-08
1789,-7.78331497031104e-08
6425,-7.787404854298074e-08
8575,-7.836971605001963e-08
910,-7.838375992719193e-08
3696,-7.871107143841982e-08
7167,-7.968403181735084e-08
6730,-8.02133897082058e-08
6678,-8.039480192678639e-08
7364,-8.074060531271243e-08
7062,-8.078293234348166e-08
2945,-8.132179019071373e-08
6503,-8.161653752836173e-08
5018,-8.216197855404062e-08
2177,-8.24611028349409e-08
8313,-8.26066681725024e-08
5718,-8.273549312320938e-08
1611,-8.281612551286344e-08
1170,-8.287560504527391e-08
9597,-8.349795876938515e-08
6302,-8.44867678040373e-08
2655,-8.458003009081949e-08
8904,-8.47778451884551e-08
3584,-8.507962689918713e-08
3641,-8.530197703748854e-08
7957,-8.543448615228044e-08
9761,-8.544737184479345e-08
3688,-8.556238739743094e-08
491,-8.625047698274102e-08
6124,-8.641114135343742e-08
6866,-8.685598729130106e-08
8407,-8.838195242333313e-08
6557,-8.844564192145299e-08
4569,-8.861600520049251e-08
7658,-8.865255551882001e-08
9700,-8.892725844589222e-08
4783,-8.913514903952091e-08
3265,-8.917892913018477e-08
745,-8.930449979516197e-08
1742,-8.932807205042081e-08
1710,-9.078850027322005e-08
3758,-9.099816722368814e-08
1656,-9.37874560236196e-08
8435,-9.449109938941547e-08
8356,-9.486805296887724e-08
4543,-9.507113318818483e-08
404,-9.550909396693896e-08
2671,-9.583764537524075e-08
7832,-9.624283237030795e-08
6233,-9.700177727722803e-08
8781,-9.707879300435707e-08
5305,-9.759079588889108e-08
273,-9.84706787221512e-08
9102,-9.944365686465062e-08
3010,-9.957005886462866e-08
9595,-1.0013866358349333e-07
3025,-1.0082611012762754e-07
8669,-1.0173637221555509e-07
3524,-1.0239143932722072e-07
833,-1.0344946943519062e-07
7725,-1.0354978741133891e-07
4188,-1.0363412883407364e-07
1233,-1.0398563432545416e-07
829,-1.0489165092053554e-07
696,-1.0496556868133666e-07
8585,-1.0571255160130022e-07
945,-1.0622133217452756e-07
2438,-1.0638952474550933e-07
1058,-1.0648526682643933e-07
8250,-1.0706057906872957e-07
650,-1.1020228996017067e-07
8831,-1.10677003561932e-07
8640,-1.1152064516295468e-07
351,-1.1207088235209994e-07
2694,-1.1207168881810503e-07
3434,-1.1270191180301481e-07
3974,-1.1567249558197545e-07
7840,-1.16041576347925e-07
443,-1.1667221855304888e-07
5008,-1.191283871548876e-07
2861,-1.209639606258861e-07
1026,-1.2141866534420842e-07
3288,-1.2225823198264152e-07
6543,-1.2309705610391575e-07
6724,-1.2383129543991345e-07
9335,-1.2481260114327597e-07
6965,-1.2513838854033565e-07
1683,-1.251530612478291e-07
4022,-1.2613566369168439e-07
1728,-1.2908830981928077e-07
5415,-1.298688623307953e-07
9431,-1.3137804444340873e-07
4141,-1.3138785703858957e-07
4447,-1.3249160346617828e-07
1765,-1.3259487730010733e-07
1410,-1.3260110875989994e-07
2641,-1.3390089037557118e-07
2585,-1.3477593796551446e-07
9901,-1.353711596152607e-07
4747,-1.353986078811431e-07
8397,-1.3563435885544095e-07
6802,-1.35770228837373e-07
2198,-1.3590861414058963e-07
2508,-1.3868585568843628e-07
4666,-1.3904868723102481e-07
7601,-1.3933272668964491e-07
543,-1.4137133419467318e-07
3530,-1.4210788634727578e-07
1570,-1.4277484439162436e-07
5737,-1.4354176158803966e-07
2322,-1.439527750335401e-07
7996,-1.4459693886692548e-07
3132,-1.4475197929186834e-07
5877,-1.4531253711425052e-07
4059,-1.463748944274812e-07
1878,-1.4640823309264306e-07
7791,-1.467432966251181e-07
6428,-1.4780929546986954e-07
4642,-1.5034815703529603e-07
6582,-1.5211655579605576e-07
2670,-1.539763871960531e-07
6683,-1.5446602930069275e-07
8867,-1.5795407648511173e-07
5155,-1.6078755749049378e-07
730,-1.6172865002772596e-07
2366,-1.6185806117618995e-07
4382,-1.6190659835046972e-07
1240,-1.6209073550044195e-07
5598,-1.628488632832159e-07
9952,-1.630690888987374e-07
4846,-1.6640545652535366e-07
5646,-1.669257656544687e-07
9385,-1.7104250105148822e-07
3810,-1.7105121230542863e-07
9538,-1.7251987571853533e-07
9723,-1.7375606375935604e-07
2133,-1.7414015474059852e-07
3003,-1.7436888555266705e-07
9096,-1.7455904810503853e-07
9619,-1.7829717791073563e-07
4365,-1.8693465619890048e-07
117,-1.8954042246832614e-07
3618,-1.8987801553294048e-07
7330,-1.9162406772466056e-07
1566,-1.9169234377613975e-07
2468,-1.9344724222492005e-07
2398,-1.943000071946699e-07
5235,-2.005124244419676e-07
9859,-2.0427092550789894e-07
1772,-2.0447896531550214e-07
1502,-2.0754132634692724e-07
6391,-2.0939082645554663e-07
589,-2.1128726501729034e-07
1537,-2.1190772514501077e-07
8448,-2.1730154742272134e-07
5615,-2.176592133196209e-07
9221,-2.219298096406419e-07
3341,-2.2324056914158064e-07
5310,-2.2432108437442366e-07
8087,-2.2479268579900236e-07
1168,-2.2603780536201157e-07
4741,-2.330144397433287e-07
6666,-2.3569202056705763e-07
6158,-2.364335216498148e-07
2270,-2.370944756080462e-07
2397,-2.413125201883304e-07
113,-2.4148515365141066e-07
3407,-2.4216129190790525e-07
8478,-2.4270751453059347e-07
948,-2.4397331799264066e-07
6886,-2.462280122017546e-07
4823,-2.470775655183388e-07
5365,-2.509031062913891e-07
4230,-2.5200505149314267e-07
1881,-2.547604793790015e-07
3146,-2.559823712999787e-07
149,-2.571629522662988e-07
7325,-2.582949747420571e-07
5176,-2.6222266313880027e-07
3753,-2.6243378670187667e-07
5436,-2.646393468808128e-07
3396,-2.6686007004173007e-07
4290,-2.6799165908641953e-07
3492,-2.688881437507007e-07
4145,-2.699807595263337e-07
7111,-2.724386973795845e-07
3529,-2.7317275907989824e-07
145,-2.76899953632892e-07
7607,-2.789041531059411e-07
3174,-2.8144380337380426e-07
7180,-2.8859476230991277e-07
7139,-2.922894282164634e-07
6342,-2.935825023087091e-07
792,-2.9568222714715375e-07
7314,-2.9720484917561407e-07
1954,-3.041480027832222e-07
6677,-3.114206776899664e-07
1559,-3.192325550571695e-07
3902,-3.21061193631067e-07
5536,-3.2884526035559247e-07
9962,-3.313399190574273e-07
8600,-3.3339753713335085e-07
7939,-3.4760743972128694e-07
8418,-3.5238885232047323e-07
1265,-3.540725117545662e-07
2403,-3.607510024039584e-07
9218,-3.6952731363726343e-07
874,-3.698878572322428e-07
2973,-3.7578917044811533e-07
2413,-3.7636102945270977e-07
8200,-3.839499527202861e-07
5673,-3.902239598119195e-07
1078,-3.948508719986421e-07
2689,-3.979613012461414e-07
2804,-3.995199193695953e-07
5383,-4.0824690472618386e-07
7553,-4.0831362468907173e-07
5552,-4.109214017944396e-07
5022,-4.1095596259310696e-07
6493,-4.180057260327885e-07
1768,-4.4375792640494183e-07
2442,-4.4582580471796973e-07
1401,-4.4885540262384893e-07
3450,-4.536471465144132e-07
9986,-4.538199931403142e-07
5949,-4.594568849825009e-07
362,-4.5959411920648563e-07
5351,-4.7150165016773826e-07
9407,-4.72718724608967e-07
3233,-4.7403101177678764e-07
7865,-4.85991648702111e-07
3600,-4.900810779417952e-07
5706,-5.069324231499195e-07
2457,-5.129974169904017e-07
1962,-5.160378009350097e-07
2292,-5.180399682558345e-07
4462,-5.182224498412324e-07
2073,-5.210775100294995e-07
9152,-5.284361321855613e-07
1111,-5.451802280731499e-07
763,-5.668372295986046e-07
5885,-5.797900541892886e-07
8974,-5.972499934614461e-07
3769,-6.018538840635301e-07
127,-6.301391977103776e-07
4321,-6.370825076373876e-07
759,-6.435061266074626e-07
1321,-6.529891720674641e-07
5908,-6.583803724424797e-07
6704,-6.665432863428578e-07
9328,-6.785421930999291e-07
6862,-6.899789468661766e-07
3858,-6.969861772176955e-07
9897,-7.211408217244752e-07
248,-7.517631672726566e-07
4703,-7.523730118919048e-07
9816,-7.98570425786238e-07
7980,-8.185742217392544e-07
4764,-8.755873466270714e-07
664,-9.76150033693557e-07
8214,-1.0035697641797015e-06
3946,-1.0498799269953452e-06
1216,-1.0514533528294123e-06
2553,-1.0946250199594942e-06
6247,-1.0979221372053871e-06
7324,-1.1202720315850456e-06
5775,-1.13440842142154e-06
3460,-1.1600729408201005e-06
9672,-1.1907097814400913e-06
1222,-1.3429161640488019e-06
5012,-1.3607402138404723e-06
2709,-1.5752299304949702e-06
4482,-1.879900082712993e-06
7946,-1.95753904108642e-06
2163,-1.9665278614411363e-06
2558,-2.1983283318149915e-06
6026,-2.4904476276788046e-06
6002,-2.6388639753349707e-06
4857,-2.6461315201231628e-06
4023,-2.7213603743803105e-06
5299,-3.382966610843141e-06
9857,-3.6676119634648785e-06
3386,-5.573706175709958e-06
9354,-5.288234387990087e-05
1557,-5.475838406709954e-05
4413,-6.653111267951317e-05
5440,-8.35969221952837e-05
