Train_ID,Highest_Loss_Influence,Median_Loss_Influence
1,-0.2947756350040436,0.02024868316948414
2,-9.127143859863281,0.8056991696357727
3,-22.384143829345703,2.044431209564209
4,-0.044071346521377563,0.03363461419939995
5,-1.7522211074829102,0.08038020133972168
6,-2.6209843158721924,0.22406315803527832
7,-0.27663183212280273,-0.310893177986145
8,-0.23273152112960815,0.0016616785433143377
9,-2.6560966968536377,0.004129704087972641
10,-0.16411352157592773,0.3921244144439697
11,0.15179204940795898,0.07515972852706909
12,-3.020014524459839,0.5027067065238953
13,-1.05820631980896,0.16567164659500122
14,23.337013244628906,-0.3771461248397827
15,-11.162617683410645,1.1502480506896973
16,-2.0469300746917725,0.057490020990371704
17,-2.5900352001190186,-0.065116748213768
18,-6.677175521850586,0.7982735633850098
19,-2.889016628265381,0.44617417454719543
20,60.650604248046875,-5.515519142150879
21,-2.004868268966675,0.008244127035140991
22,-14.53834342956543,-0.09672552347183228
23,-0.8460578918457031,-0.12386780977249146
24,-5.586676597595215,0.09725287556648254
25,10.100702285766602,0.7049884796142578
26,-17.943199157714844,0.5109364986419678
27,-1.9143600463867188,0.14075352251529694
28,-30.46854019165039,0.10122883319854736
29,-0.5954098701477051,-0.13500642776489258
30,-0.15679652988910675,0.018792932853102684
31,-0.27222296595573425,0.0192914716899395
32,8.08985710144043,-2.5950872898101807
33,-1.9096978902816772,0.13597171008586884
34,-1.5133018493652344,0.0077130794525146484
35,-9.106552124023438,0.10700350999832153
36,-4.27377462387085,0.36562782526016235
37,-0.14356249570846558,0.007192880846560001
38,-7.127671241760254,1.0079519748687744
39,-1.5986241102218628,-0.0883340835571289
40,-0.0916387215256691,0.0020669447258114815
41,-6.08526086807251,-0.18841689825057983
42,33.4556999206543,-0.7721778154373169
43,-4.748188495635986,-0.11250370740890503
44,-1.88953697681427,0.003039062023162842
45,-0.7579866051673889,0.002760490868240595
46,43.89967346191406,-0.8240540027618408
47,-6.086986541748047,0.9029256701469421
48,-4.192240238189697,0.7878673076629639
49,-0.510634183883667,0.002111172303557396
50,-18.978788375854492,0.2658737897872925
51,-0.306787371635437,0.027570165693759918
52,-1.2121860980987549,0.0096788564696908
53,-1.5084352493286133,-0.07851666212081909
54,-5.789358139038086,0.9426541328430176
55,-4.188848972320557,0.17927038669586182
56,1.0829358100891113,0.43472158908843994
57,-4.181476593017578,-0.026680290699005127
58,-1.0628831386566162,0.031368836760520935
59,-2.5830447673797607,0.0027436651289463043
60,-0.7562400698661804,0.08952715247869492
61,-4.277126789093018,0.10583913326263428
62,-1.393011212348938,0.2075112909078598
63,-9.054998397827148,0.13609543442726135
64,-24.862611770629883,0.34902268648147583
65,-4.925442695617676,0.17590680718421936
66,-14.7357816696167,0.3956925868988037
67,-0.3377748131752014,0.017863044515252113
68,-0.5063164830207825,-0.0003479626029729843
69,-2.5375661849975586,0.24855846166610718
70,12.144060134887695,0.07515716552734375
71,-0.01069733127951622,8.313488069688901e-05
72,-25.515628814697266,-0.003922685980796814
73,-7.8981218338012695,0.033790215849876404
74,-8.70351791381836,0.09579320251941681
75,36.73179626464844,0.3980211019515991
76,-5.225664138793945,0.777190089225769
77,-1.8221585750579834,0.5316252112388611
78,-1.2605576515197754,0.012431682087481022
79,0.9900326728820801,2.0758495330810547
80,-0.9160642623901367,0.5273972153663635
81,-10.883899688720703,0.48973557353019714
82,-3.218019723892212,0.4617651700973511
83,-3.41591215133667,-0.032473623752593994
84,-0.19011467695236206,0.06118294596672058
85,-18.51336097717285,0.4008278250694275
86,-37.409854888916016,0.17936575412750244
87,6.782135009765625,0.388904869556427
88,-1.3904364109039307,0.24714751541614532
89,-14.03892707824707,0.20914530754089355
90,-1.2102973461151123,0.002370264381170273
91,-49.13899612426758,-0.040987759828567505
92,-7.746590614318848,0.36610856652259827
93,-2.0902042388916016,0.30419716238975525
94,-1.5247526168823242,0.015780191868543625
95,13.20338249206543,1.2600924968719482
96,-0.33061641454696655,0.001509733498096466
97,-5.1919169425964355,0.04554149508476257
98,-12.079339981079102,1.2141883373260498
99,-4.10903787612915,0.3460557460784912
100,-2.911560297012329,0.46478188037872314
101,-19.91837501525879,-1.0173028707504272
102,20.38153076171875,-0.7351260185241699
103,-2.465933322906494,0.38863009214401245
104,-0.7623923420906067,0.006418677046895027
105,-11.734277725219727,0.7437219619750977
106,-0.19013309478759766,0.7948580980300903
107,0.03237342834472656,-2.564649820327759
108,-18.123891830444336,0.10396786034107208
109,-4.315753936767578,0.05673559010028839
110,-4.497113227844238,-0.05170893669128418
111,-1.8016785383224487,0.09872382879257202
112,-3.554413318634033,-0.1574687361717224
113,-0.9207287430763245,0.0281707514077425
114,-11.499683380126953,0.07182538509368896
115,-5.4667840003967285,0.2295570820569992
116,-0.3472980260848999,-0.05801573768258095
117,-10.013823509216309,0.09008711576461792
118,-0.6428149938583374,0.22312678396701813
119,-24.05919075012207,0.8053662180900574
120,-4.879422664642334,0.38430550694465637
121,-1.4266414642333984,-1.2615584135055542
122,19.684833526611328,0.15981841087341309
123,-12.587421417236328,0.027244597673416138
124,-15.390680313110352,1.142147183418274
125,-11.898052215576172,0.8154385685920715
126,-0.20084062218666077,-0.001484348438680172
127,-5.068448543548584,0.16993141174316406
128,-21.464101791381836,0.021539822220802307
129,9.293395042419434,-0.5786706209182739
130,-0.26638123393058777,0.03284754231572151
131,-2.3617806434631348,0.0912371352314949
132,-2.46575927734375,-0.0052318572998046875
133,-1.4983123540878296,0.7838678359985352
134,16.1727352142334,0.056998491287231445
135,10.056644439697266,0.20737648010253906
136,-13.079998016357422,-0.05087815225124359
137,4.357272148132324,0.9950658679008484
138,-5.028040885925293,0.6024925112724304
139,1.7892787456512451,0.5973448157310486
140,-1.2851779460906982,0.05357188358902931
141,3.043722152709961,0.5091714859008789
142,2.5412192344665527,0.8921680450439453
143,44.02906036376953,-0.1472865343093872
144,-2.2386975288391113,0.3150798976421356
145,-22.91719627380371,-0.6308987140655518
146,-0.18263225257396698,0.03232750669121742
147,-0.9354659914970398,-0.03348433971405029
148,-7.194745063781738,0.21065229177474976
149,-23.95047950744629,0.03930094838142395
150,-1.8399652242660522,0.005217181518673897
151,-18.746978759765625,-0.10064560174942017
152,-3.616204261779785,0.19453009963035583
153,27.840824127197266,-1.803421139717102
154,-0.156069815158844,0.17394542694091797
155,-0.16322600841522217,-0.21330183744430542
156,6.642707824707031,0.9389051795005798
157,-45.629180908203125,1.8079848289489746
158,-2.04573130607605,0.05214095115661621
159,10.106130599975586,0.22754359245300293
160,-1.6773182153701782,0.09209758043289185
161,-11.04879379272461,0.022103428840637207
162,22.518159866333008,0.988396167755127
163,-2.4196741580963135,0.015631332993507385
164,-5.038253307342529,-0.007147595286369324
165,-1.091336727142334,0.09060648083686829
166,-0.056238289922475815,0.00018295412883162498
167,-6.454250335693359,0.8589798212051392
168,-9.771263122558594,-0.18373560905456543
169,-3.0716147422790527,0.557587206363678
170,-2.248068332672119,0.060846924781799316
171,-37.60817337036133,-0.10225600004196167
172,8.547377586364746,-0.2591925859451294
173,-32.73696517944336,0.5837416648864746
174,-3.481940269470215,0.4286133050918579
175,-0.7847912311553955,0.003284865990281105
176,-0.8660072088241577,0.06724070012569427
177,145.32815551757812,-3.9729743003845215
178,-0.32336875796318054,0.0023955299984663725
179,-2.7968289852142334,-0.1559281051158905
180,4.1347856521606445,0.19505548477172852
181,-3.106017827987671,0.39629656076431274
182,-1.6043356657028198,0.0006302259862422943
183,-1.834719181060791,0.5549124479293823
184,-7.068055152893066,1.0408761501312256
185,-2.3243725299835205,-0.0350775420665741
186,-7.1114091873168945,0.11609125137329102
187,-1.2700008153915405,0.02291818894445896
188,-0.016448790207505226,-0.00019179523224011064
189,-3.182272434234619,0.011871596798300743
190,-20.558847427368164,0.5970642566680908
191,4.074827194213867,1.103981614112854
192,-0.5926817059516907,0.05521223694086075
193,-4.857532978057861,0.005231209099292755
194,-2.1585097312927246,0.009507760405540466
195,-6.349002838134766,0.9350430369377136
196,-1.8282718658447266,-0.08477531373500824
197,17.915145874023438,1.9377766847610474
198,0.703065037727356,0.08435261249542236
199,-1.1297019720077515,0.008222108706831932
200,-2.4132161140441895,-0.08633768558502197
201,-9.574187278747559,0.42772501707077026
202,31.236648559570312,-2.8560948371887207
203,-0.8281590938568115,0.006506707519292831
204,-4.022093296051025,-0.23771601915359497
205,-2.095017671585083,0.15958130359649658
206,-0.2987974286079407,0.029335439205169678
207,-6.476342678070068,0.01768474280834198
208,-3.159733772277832,0.7754058241844177
209,-10.017343521118164,-1.0640252828598022
210,-9.225955963134766,0.1854807734489441
211,-0.1281404048204422,0.010215610265731812
212,2.7156858444213867,-0.20454667508602142
213,-2.4305238723754883,-0.18179723620414734
214,1.9322080612182617,-0.5128328204154968
215,-3.8888607025146484,1.1154065132141113
216,-4.066411018371582,0.20928627252578735
217,-0.43357378244400024,0.041706882417201996
218,-0.061376214027404785,0.0018555636052042246
219,97.41602325439453,-2.2109880447387695
220,-6.7333502769470215,0.25590527057647705
221,3.1145505905151367,0.7497971653938293
222,-0.5106755495071411,0.023469962179660797
223,-22.4935245513916,-0.2187061309814453
224,-13.059250831604004,0.1852615475654602
225,-2.2761456966400146,0.0833326205611229
226,-2.648960828781128,0.020474694669246674
227,-47.30137252807617,1.7328170537948608
228,-4.33583402633667,0.10213406383991241
229,-4.108513355255127,0.08984851837158203
230,-2.4485862255096436,0.03286187723278999
231,-12.882556915283203,1.2835712432861328
232,-18.07799530029297,-0.37235140800476074
233,-0.21167032420635223,0.015052453614771366
234,-1.534932255744934,-0.11945803463459015
235,-3.134408473968506,2.1991567611694336
236,-0.40010008215904236,0.0031760944984853268
237,11.490798950195312,3.8167874813079834
238,-3.5376479625701904,-0.07995369285345078
239,-0.16002345085144043,0.3947809338569641
240,2.086109161376953,-2.3691678047180176
241,-11.965949058532715,0.16845077276229858
242,0.7524758577346802,-0.213483065366745
243,12.822624206542969,0.0430372953414917
244,-36.63603210449219,-0.015309512615203857
245,-23.866750717163086,0.26805579662323
246,-0.8102043271064758,0.1128869280219078
247,-14.542457580566406,0.3230534791946411
248,-9.160493850708008,0.47545385360717773
249,-2.335885524749756,0.1393090933561325
250,-2.5619008541107178,0.4896050691604614
251,-1.6778926849365234,0.020094692707061768
252,26.945354461669922,-0.8321090936660767
253,-3.6439948081970215,0.4905405044555664
254,-1.6352410316467285,-0.6048104763031006
255,6.178528308868408,0.4058043658733368
256,-11.081228256225586,0.6932554244995117
257,-2.6415300369262695,-2.6794331073760986
258,48.22286605834961,0.9036712646484375
259,-19.693540573120117,-0.5220495462417603
260,-6.5488972663879395,-0.00925406813621521
261,-60.74168395996094,0.5670125484466553
262,-2.3582639694213867,0.9133409261703491
263,-8.476811408996582,0.1334151029586792
264,-0.10945136845111847,0.02747839316725731
265,-0.6714007258415222,0.009747534990310669
266,-21.53236198425293,1.4333611726760864
267,-70.81591033935547,-0.9550933837890625
268,11.038612365722656,0.6572350263595581
269,0.3589205741882324,0.10982221364974976
270,25.074695587158203,-1.5441534519195557
271,-4.884263515472412,0.03402649611234665
272,-1.2055292129516602,0.2607072591781616
273,-1.340038776397705,1.1248397827148438
274,-1.7279512882232666,0.029743224382400513
275,19.682626724243164,-0.5208228826522827
276,-23.550317764282227,3.250230312347412
277,-11.814180374145508,-0.10465091466903687
278,-2.6048924922943115,0.008140522986650467
279,-3.380262851715088,0.5283347368240356
280,-1.132120966911316,0.06091975420713425
281,11.114435195922852,-0.7233103513717651
282,56.349544525146484,-2.047555685043335
283,-2.157353401184082,0.06829139590263367
284,-0.14333178102970123,0.0027207769453525543
285,-1.2377582788467407,-0.04374288022518158
286,-0.672650933265686,0.031942661851644516
287,-3.1060333251953125,-0.1862025260925293
288,-0.6182106733322144,0.012947533279657364
289,-1.8480364084243774,0.010317464359104633
290,-16.071626663208008,-5.634408473968506
291,0.08488106727600098,-0.02179083228111267
292,-27.43815803527832,0.2273145318031311
293,-20.790218353271484,-0.4205557703971863
294,-7.556606292724609,0.23892641067504883
295,-1.282140851020813,0.010750273242592812
296,-1.7993183135986328,0.15768654644489288
297,69.85212707519531,0.47608518600463867
298,4.23543643951416,0.3949347138404846
299,-1.139224886894226,-0.0034291893243789673
300,-18.31140899658203,-0.011267110705375671
301,-4.1273016929626465,-0.8094732165336609
302,1.5964455604553223,0.249750554561615
303,-0.19780397415161133,0.277203768491745
304,15.920031547546387,-2.639451503753662
305,-24.929363250732422,-0.23945963382720947
306,-0.5814478397369385,0.0067586395889520645
307,-1.7091046571731567,0.19900426268577576
308,-0.6165604591369629,-0.005445304326713085
309,-7.327517509460449,1.180017113685608
310,-2.7721939086914062,0.06012889742851257
311,-0.079505056142807,0.0005319612100720406
312,-1.094594120979309,-0.23866045475006104
313,-13.879167556762695,0.2271055281162262
314,-12.059366226196289,1.160773515701294
315,-3.7198479175567627,0.006105583161115646
316,-34.24862289428711,-0.586236298084259
317,-0.5874283313751221,0.07774775475263596
318,-2.689403533935547,0.4017299711704254
319,-0.4631354808807373,0.0019201552495360374
320,6.245824813842773,-0.18423891067504883
321,-3.0600147247314453,0.2011280655860901
322,-5.442462921142578,0.42611292004585266
323,-0.9251241087913513,-0.0013050921261310577
324,-3.594038486480713,0.11362884193658829
325,-6.291048526763916,0.10648983716964722
326,20.888832092285156,-0.6011703014373779
327,7.080264091491699,-0.7653518319129944
328,-0.7786698937416077,0.06251844763755798
329,-0.9858293533325195,-0.2279585301876068
330,26.700931549072266,-0.2660980224609375
331,-0.1986069530248642,0.0007357802242040634
332,-4.202035903930664,-0.049694567918777466
333,1.7529067993164062,-0.5400593876838684
334,-1.6908522844314575,-0.018608227372169495
335,-1.6983246803283691,0.042856041342020035
336,-11.459375381469727,0.80230712890625
337,-4.670773983001709,0.07065080851316452
338,-2.1890485286712646,0.0036209076642990112
339,-32.46686553955078,-0.05444739758968353
340,-21.173782348632812,0.4535541534423828
341,-5.409308433532715,-0.04930439591407776
342,-1.8062059879302979,-0.0127481147646904
343,-27.67156219482422,0.5420982837677002
344,-2.4203970432281494,0.1559349000453949
345,-0.5614330768585205,0.04697233438491821
346,-0.485312283039093,0.0009543765336275101
347,-0.06434212625026703,0.0004949852591380477
348,-0.5118579268455505,0.004652893170714378
349,-9.806236267089844,-0.17936767637729645
350,54.357418060302734,1.047609806060791
351,-2.937584400177002,0.5461613535881042
352,34.77704620361328,2.978285312652588
353,-3.279379367828369,0.17053836584091187
354,-8.134116172790527,0.29376882314682007
355,-1.8488881587982178,0.014113085344433784
356,-5.918416500091553,0.5757665038108826
357,-2.2322773933410645,0.009207367897033691
358,-20.674598693847656,0.8824567794799805
359,-6.876171112060547,0.3366321921348572
360,-1.2212518453598022,0.00765589065849781
361,-23.243305206298828,1.1732938289642334
362,-13.416751861572266,0.37125295400619507
363,63.41222381591797,1.5530256032943726
364,18.44051742553711,-0.557905912399292
365,12.075020790100098,-1.543155312538147
366,-0.11666738986968994,0.013864133507013321
367,-42.7110710144043,-0.5345379710197449
368,-0.6540486216545105,0.00807391107082367
369,17.303224563598633,0.09406876564025879
370,-2.702608823776245,-0.2089599370956421
371,-8.446598052978516,-0.33672070503234863
372,22.28049087524414,-1.511726975440979
373,-5.489030838012695,0.2612907290458679
374,-7.6801981925964355,-0.028361886739730835
375,-2.3300697803497314,0.057067640125751495
376,-0.48509740829467773,1.0045075416564941
377,-0.17659319937229156,0.007527850568294525
378,0.3806798458099365,-0.2652786076068878
379,-26.65585708618164,-0.4490675926208496
380,-0.9111200571060181,0.024100106209516525
381,-0.9758871793746948,0.012941105291247368
382,-18.012996673583984,1.179592490196228
383,-12.525626182556152,-0.7492404580116272
384,-7.766533851623535,0.09312787652015686
385,-9.28872299194336,-0.07664507627487183
386,-5.410242557525635,0.01741313934326172
387,-2.871204376220703,0.0060252845287323
388,-3.2665205001831055,0.9090132713317871
389,-0.4352220892906189,0.046562083065509796
390,-6.859922409057617,0.12472385168075562
391,-12.23829460144043,1.048578143119812
392,-0.9264072775840759,0.003666122443974018
393,-18.875688552856445,1.45635986328125
394,-23.361495971679688,-0.6253889799118042
395,8.293486595153809,-0.1824246644973755
396,-9.381175994873047,0.12160181999206543
397,-3.1419453620910645,0.3775365948677063
398,-0.6673250198364258,0.026332415640354156
399,-0.2007407546043396,0.013230293057858944
400,-4.550642490386963,-0.10211162269115448
401,-3.6536004543304443,-0.33632346987724304
402,-3.5504863262176514,0.5548109412193298
403,-1.4027882814407349,0.016080955043435097
404,-4.665579795837402,0.7224189043045044
405,-11.633061408996582,0.18849347531795502
406,-1.0162746906280518,0.011089758947491646
407,-0.12925951182842255,0.005461523309350014
408,-1.710803508758545,-0.04556647688150406
409,-1.148386001586914,0.25368595123291016
410,-1.4281483888626099,0.06730184704065323
411,-5.203863143920898,0.034177444875240326
412,-0.2517000436782837,0.03398502245545387
413,-13.964646339416504,-0.2757853865623474
414,-2.148587703704834,0.34958502650260925
415,-0.7603664994239807,0.09579512476921082
416,-3.2662546634674072,0.061037108302116394
417,-0.07615537941455841,0.003590945154428482
418,-4.006118297576904,0.06730608642101288
419,-2.749635696411133,-0.5535491108894348
420,-0.12182734906673431,0.01762179285287857
421,-9.906757354736328,-0.3050813674926758
422,9.374555587768555,0.7058072090148926
423,10.937919616699219,0.1544586420059204
424,-3.3398916721343994,0.43242040276527405
425,-15.198646545410156,0.41452348232269287
426,17.901575088500977,-0.2747824192047119
427,-22.975780487060547,-0.004215747117996216
428,-0.295385479927063,0.38580799102783203
429,-1.9768521785736084,0.9126566052436829
430,-0.016528701409697533,0.003264490980654955
431,-1.7728134393692017,-0.03684474155306816
432,-25.337570190429688,-0.01176336407661438
433,-49.66603469848633,-0.300263911485672
434,-13.753929138183594,-0.3516545295715332
435,2.0965566635131836,-0.46285128593444824
436,-15.690170288085938,0.6224165558815002
437,-3.8792102336883545,-0.47616714239120483
438,6.286035537719727,-0.022041797637939453
439,26.3320255279541,-0.28695493936538696
440,-28.08892822265625,0.21626639366149902
441,-3.901106834411621,-0.2168339490890503
442,-2.397204875946045,0.04558525234460831
443,-2.4204728603363037,0.03624989464879036
444,-0.3187654912471771,0.002313534263521433
445,-3.4486160278320312,0.0991034209728241
446,-2.365847587585449,0.009782467037439346
447,-1.1480791568756104,0.046865079551935196
448,3.376336097717285,0.6556066870689392
449,-11.517221450805664,0.07537335157394409
450,-7.517096519470215,-0.27250999212265015
451,-2.1239523887634277,-0.8889239430427551
452,-0.8838235139846802,-0.03905335068702698
453,-8.10606575012207,1.2411671876907349
454,-2.9911773204803467,-0.09088912606239319
455,-13.789290428161621,0.31539100408554077
456,-5.828411102294922,-0.10845252871513367
457,-4.304920673370361,-0.018206704407930374
458,-18.73674201965332,0.4701211452484131
459,-10.022401809692383,2.316497564315796
460,-2.8966825008392334,0.038247499614953995
461,-7.953775405883789,0.7743320465087891
462,50.129364013671875,-1.6923869848251343
463,5.50328254699707,-2.287954330444336
464,-6.413325309753418,0.20414826273918152
465,320.9599304199219,-2.3314738273620605
466,-12.71249008178711,1.2820696830749512
467,-12.082448959350586,0.16631364822387695
468,-16.252426147460938,0.7769669890403748
469,-3.5167160034179688,-0.028701767325401306
470,-30.993789672851562,1.265735149383545
471,-19.697736740112305,-0.09001374244689941
472,-1.9516578912734985,0.11873292922973633
473,-19.508760452270508,0.16121673583984375
474,1.3332948684692383,0.21055752038955688
475,27.89678192138672,-2.761737823486328
476,-2.5333023071289062,0.025847479701042175
477,-5.651482582092285,0.16458839178085327
478,-12.906893730163574,-0.3560078740119934
479,-8.856036186218262,1.2391657829284668
480,-7.124709129333496,0.9644579887390137
481,-2.806979179382324,0.3018326163291931
482,-2.585798978805542,0.018974408507347107
483,-7.5806684494018555,-0.4616861343383789
484,8.700575828552246,-1.0925551652908325
485,1.632613182067871,0.36050206422805786
486,12.55328369140625,0.6216233968734741
487,-2.5126116275787354,0.0984749048948288
488,-4.17864990234375,0.08882468938827515
489,-7.035795211791992,1.140583872795105
490,-6.439502716064453,-0.017884574830532074
491,-1.4663114547729492,0.20610463619232178
492,-0.12914115190505981,0.006890108808875084
493,-3.120100259780884,-0.13951238989830017
494,74.85366821289062,2.2214722633361816
495,-30.51441192626953,0.7488787174224854
496,-4.090542793273926,0.0006400458514690399
497,-0.42291712760925293,-0.04904752969741821
498,0.32195138931274414,0.49241626262664795
499,6.217767715454102,0.1463472843170166
500,-3.441986083984375,-0.4246925115585327
501,-9.910947799682617,-0.3106207549571991
502,-28.79374122619629,0.07552599906921387
503,-0.2085667997598648,0.0016658699605613947
504,-15.259810447692871,0.0364375114440918
505,-0.13929255306720734,0.009192461147904396
506,-0.868186891078949,-0.01698538288474083
507,-15.868854522705078,0.5986319780349731
508,-0.005721837282180786,0.07213695347309113
509,-0.2957487404346466,0.0031198952347040176
510,-2.5459964275360107,-0.10929498076438904
511,-8.527822494506836,0.6300045847892761
512,6.278861045837402,-0.6822139620780945
513,-2.7288615703582764,0.3487996757030487
514,5.613122940063477,1.3661082983016968
515,-1.2787094116210938,0.05290984734892845
516,-23.09696388244629,0.05644109845161438
517,-11.213696479797363,0.4511181116104126
518,-12.112039566040039,0.38017427921295166
519,-2.0488362312316895,0.7776263952255249
520,-25.272851943969727,1.2444413900375366
521,10.056644439697266,0.20737648010253906
522,-0.15562547743320465,0.005618749186396599
523,89.1537857055664,2.5116262435913086
524,-1.5349266529083252,0.26558512449264526
525,-2.112765073776245,0.0634412169456482
526,-7.3009138107299805,0.3811308741569519
527,0.3292761445045471,0.05170947313308716
528,-4.442490100860596,0.3660828173160553
529,-0.7804258465766907,0.37299367785453796
530,-4.004323959350586,0.058950357139110565
531,-15.647202491760254,0.5843664407730103
532,-10.284095764160156,-1.2289294004440308
533,-3.432206630706787,0.6354647874832153
534,-28.751026153564453,0.18310785293579102
535,20.627044677734375,0.9888434410095215
536,-2.9404804706573486,0.498514324426651
537,-0.6633506417274475,0.002992868423461914
538,-0.20253512263298035,0.020316993817687035
539,-3.8484766483306885,0.010049708187580109
540,49.72672653198242,-6.866177558898926
541,-0.7778090238571167,0.0011820551007986069
542,-0.967616617679596,-0.006598919630050659
543,-15.615373611450195,-0.1890767514705658
544,81.2177505493164,-0.33458173274993896
545,-5.819279670715332,0.10119572281837463
546,-8.75089168548584,1.1966631412506104
547,18.387813568115234,0.3313114643096924
548,-4.637050628662109,0.2338196337223053
549,8.922225952148438,-1.415928602218628
550,-1.402997374534607,0.010035684332251549
551,29.192459106445312,-0.344082236289978
552,-28.67266082763672,0.9109128713607788
553,26.414745330810547,-0.6033715605735779
554,-1.6751004457473755,0.12316647171974182
555,-0.41786128282546997,0.08349912613630295
556,-0.6691527366638184,0.599004328250885
557,-3.1496527194976807,0.01638687029480934
558,-1.7639150619506836,0.015596384182572365
559,-20.99057960510254,1.6580896377563477
560,-4.1836395263671875,0.6090690493583679
561,-2.1226327419281006,-0.01994025707244873
562,-13.354728698730469,-0.12360811233520508
563,-2.8338005542755127,-0.013799972832202911
564,-2.5799903869628906,0.030637342482805252
565,-21.751922607421875,-0.1889437437057495
566,-0.7216202616691589,0.008851398713886738
567,12.477426528930664,-0.034165382385253906
568,10.355684280395508,0.3259584903717041
569,-4.201112270355225,-0.20196887850761414
570,-3.132847785949707,0.9257932305335999
571,-7.184422969818115,0.03877538442611694
572,15.082223892211914,0.6406518220901489
573,6.918936729431152,1.6888161897659302
574,50.93830108642578,-6.868737697601318
575,8.343011856079102,0.07847821712493896
576,0.22684210538864136,-0.10137379169464111
577,-1.8959485292434692,0.02489616721868515
578,-4.338222980499268,0.20576944947242737
579,-1.4115339517593384,0.2641143798828125
580,-6.065907001495361,0.03552660346031189
581,-3.35555100440979,0.03726448118686676
582,-6.81171989440918,1.1458337306976318
583,-15.977867126464844,-0.06006026268005371
584,-2.8714468479156494,0.07517190277576447
585,-0.6838816404342651,-0.7290490865707397
586,21.250974655151367,2.1344285011291504
587,-8.300434112548828,0.23253518342971802
588,-0.6018232703208923,-0.006088510155677795
589,-7.5240983963012695,0.9326157569885254
590,-0.19980204105377197,0.0028424139600247145
591,-9.164140701293945,0.06772506237030029
592,-5.374771595001221,0.22239543497562408
593,-1.9911352396011353,0.049579039216041565
594,-6.2052001953125,-1.7140285968780518
595,-1.1680165529251099,0.0833674967288971
596,-3.0889503955841064,0.006622746586799622
597,7.538303375244141,0.11512625217437744
598,-1.7854228019714355,-0.3581090569496155
599,-2.917914390563965,0.3007453680038452
600,-0.48235127329826355,0.08631435036659241
601,-7.009830474853516,-0.000611722469329834
602,-0.6777421832084656,0.05368414521217346
603,0.4188462495803833,-0.3371191918849945
604,-10.259502410888672,-0.049134016036987305
605,-17.88082504272461,1.2138718366622925
606,-6.0040974617004395,0.5899383425712585
607,-7.160372257232666,1.052931308746338
608,-6.688162803649902,0.4893343448638916
609,54.70167541503906,-5.1226019859313965
610,-8.538397789001465,-0.11034828424453735
611,-9.453311920166016,2.1648054122924805
612,-4.2804694175720215,0.09344210475683212
613,-2.975322961807251,0.0246632918715477
614,-1.3201570510864258,0.10276108980178833
615,-1.320011854171753,0.16840620338916779
616,-37.47003936767578,0.4979097843170166
617,-3.213412046432495,0.45924457907676697
618,-0.26420319080352783,0.0020131352357566357
619,-1.5935587882995605,-0.3211078643798828
620,12.54603385925293,-0.7830038666725159
621,3.9907498359680176,-0.44181981682777405
622,-4.6379923820495605,-0.046468161046504974
623,-9.057502746582031,0.04189198464155197
624,-20.019254684448242,-0.47139495611190796
625,-32.57524490356445,-0.4702708125114441
626,10.056644439697266,0.20737648010253906
627,-5.444943904876709,0.46701955795288086
628,-1.7682653665542603,0.09904422610998154
629,-1.2609755992889404,0.022296518087387085
630,-1.5209085941314697,0.4058530032634735
631,-15.110383033752441,0.004596427083015442
632,-11.948432922363281,1.2840509414672852
633,94.02190399169922,-1.2145805358886719
634,-12.741666793823242,0.6720444560050964
635,1.9190950393676758,-0.1426560878753662
636,-2.052945613861084,0.21246583759784698
637,27.19049072265625,-0.2844051122665405
638,-0.7485338449478149,0.07797945290803909
639,2.134931802749634,0.12557633221149445
640,-67.55093383789062,4.02547025680542
641,6.811359405517578,-0.5122221112251282
642,-8.664597511291504,0.09878718852996826
643,-0.01492212899029255,6.04334709350951e-05
644,-11.215191841125488,0.19526910781860352
645,-22.953937530517578,-0.3296067416667938
646,-1.5399456024169922,-0.1129535436630249
647,0.09235170483589172,-0.15761665999889374
648,41.53458786010742,-2.202200174331665
649,-8.029864311218262,-0.04562539607286453
650,-1.341806411743164,0.006254601292312145
651,12.688053131103516,0.5445762872695923
652,-4.4608073234558105,0.026014547795057297
653,18.842668533325195,-0.4560304880142212
654,-33.54733657836914,0.3747708797454834
655,-1.8628555536270142,-0.1680530309677124
656,88.86334228515625,-4.951831817626953
657,-8.623238563537598,-0.05361585319042206
658,-2.1336557865142822,0.05207405239343643
659,-0.07030537724494934,0.00692596472799778
660,-60.3050422668457,-2.080183506011963
661,-27.88499641418457,0.87348872423172
662,-2.72059965133667,0.26549798250198364
663,4.972475528717041,-0.6367632150650024
664,-2.585062265396118,0.23860108852386475
665,-6.685715675354004,0.4111481308937073
666,-2.234400749206543,-0.00956878811120987
667,83.34749603271484,0.18534278869628906
668,-27.34079933166504,1.4520612955093384
669,-6.097190856933594,-0.8251794576644897
670,2.5969338417053223,0.9842437505722046
671,-5.36419677734375,0.641462504863739
672,17.188377380371094,-0.8166316747665405
673,-8.615684509277344,0.016139596700668335
674,13.233068466186523,-0.5627232193946838
675,-20.900829315185547,-0.6817402839660645
676,-2.2011449337005615,0.07689650356769562
677,-0.49731481075286865,0.13090161979198456
678,-9.282452583312988,-0.03976923227310181
679,-6.891335964202881,-0.14508400857448578
680,-4.26239013671875,0.11901368200778961
681,1.425851583480835,0.6661629676818848
682,-2.8026318550109863,0.4601532518863678
683,-0.3423081636428833,0.018141204491257668
684,-3.646284341812134,0.11878398060798645
685,-10.645295143127441,0.5624531507492065
686,41.68436813354492,-4.547048568725586
687,-0.5389490127563477,0.8696908950805664
688,-15.310596466064453,-0.04519897699356079
689,3.5727014541625977,-0.35872238874435425
690,-45.586544036865234,-0.20406776666641235
691,-16.98143768310547,0.017163336277008057
692,-3.1237874031066895,0.4116557836532593
693,-3.125884532928467,-0.05437144637107849
694,-15.775163650512695,-0.13890868425369263
695,-1.43630051612854,0.16815753281116486
696,3.4560272693634033,0.6433529853820801
697,-19.086729049682617,1.8749815225601196
698,-5.725632667541504,-0.09811487793922424
699,-0.6735555529594421,0.09674564749002457
700,-3.6205203533172607,0.043287333101034164
701,-42.9775505065918,0.08390820026397705
702,5.317920684814453,0.01677042245864868
703,-11.108545303344727,1.598083734512329
704,6.463354587554932,-0.42006373405456543
705,-3.961505889892578,-0.17424896359443665
706,-18.042255401611328,-1.2943410873413086
707,-2.2566823959350586,0.029179636389017105
708,-0.4242631494998932,0.09274019300937653
709,-0.32891184091567993,0.0006897682324051857
710,0.5525259971618652,0.45395010709762573
711,-1.3808423280715942,0.0036861971020698547
712,-6.559966087341309,0.12584149837493896
713,-1.2923146486282349,-0.02359241247177124
714,-0.517580509185791,1.2228479385375977
715,26.065418243408203,1.613637089729309
716,-3.291429281234741,0.009481694549322128
717,-0.2991441786289215,0.0015330608002841473
718,2.646683692932129,0.5991625785827637
719,-19.460071563720703,0.34481698274612427
720,-0.5655217170715332,0.0489049106836319
721,-22.849306106567383,-0.27236407995224
722,-17.106029510498047,0.627220630645752
723,-7.264147758483887,0.8978087902069092
724,31.324867248535156,-1.669068455696106
725,-1.638162612915039,0.5257037281990051
726,-24.128917694091797,-1.2618701457977295
727,-5.1018853187561035,-0.11732181906700134
728,-0.5604027509689331,0.009933176450431347
729,-3.3283164501190186,0.07860929518938065
730,5.250691890716553,0.5844894647598267
731,-5.362061023712158,-0.2350825071334839
732,-2.2784268856048584,0.010992541909217834
733,-0.4513534903526306,0.056938596069812775
734,-20.430099487304688,-0.014705419540405273
735,-1.7677745819091797,0.005828831344842911
736,-1.8182151317596436,0.02665501832962036
737,-13.435364723205566,0.10150893032550812
738,-3.997230291366577,0.055410295724868774
739,-3.8353939056396484,0.0022004395723342896
740,0.8148550987243652,0.2603740692138672
741,-1.9143948554992676,0.3892896771430969
742,32.25596237182617,-3.081261157989502
743,-6.461459159851074,0.14058634638786316
744,-1.7219990491867065,-0.025367040187120438
745,-4.407472133636475,0.3305076062679291
746,47.881805419921875,0.6864309310913086
747,4.402253150939941,-0.6480488777160645
748,-0.4613095223903656,0.12870076298713684
749,-1.4111084938049316,0.48701053857803345
750,-0.060729384422302246,0.09054064005613327
751,-4.877195835113525,0.6154834032058716
752,-12.117213249206543,0.23558345437049866
753,-2.0690579414367676,-0.01143677905201912
754,2.2177047729492188,-0.24712204933166504
755,-4.25949239730835,-0.1528162956237793
756,-8.62578010559082,0.020013466477394104
757,24.098888397216797,-0.9148950576782227
758,-4.563830375671387,0.7398470640182495
759,5.209177017211914,-1.3731203079223633
760,-2.2206406593322754,0.2176864743232727
761,-20.67732048034668,0.19986680150032043
762,-37.39604949951172,0.17804867029190063
763,-2.824650287628174,-0.0345650240778923
764,-6.029561996459961,-0.06370291113853455
765,-15.410797119140625,-0.0005186200141906738
766,-29.382308959960938,-0.5252685546875
767,0.2126789093017578,-0.06820201873779297
768,-0.39682942628860474,-0.03199390694499016
769,-1.4669795036315918,-0.5068063735961914
770,-12.774395942687988,0.14248067140579224
771,8.147470474243164,-0.5376850962638855
772,-0.41821205615997314,0.013644447550177574
773,-17.880023956298828,-0.255481481552124
774,-3.2947616577148438,0.37793391942977905
775,-10.3477144241333,-0.04412366449832916
776,-0.8283457159996033,0.006420445162802935
777,-33.29502868652344,-1.5296905040740967
778,-21.360645294189453,2.660137891769409
779,-2.259995937347412,0.08401723206043243
780,-18.08649253845215,0.33120501041412354
781,-18.362375259399414,-0.3330456614494324
782,-0.05323195457458496,0.8079133629798889
783,-1.7743951082229614,-0.00859835185110569
784,37.71760940551758,1.2711760997772217
785,-8.583967208862305,0.7680324912071228
786,-0.06134535372257233,-0.0024601086042821407
787,-2.676513671875,0.3781231939792633
788,-4.710826873779297,0.4594336748123169
789,-0.04475829377770424,0.0016434155404567719
790,54.25630569458008,-1.5769398212432861
791,-10.225871086120605,0.3592698276042938
792,-1.0165331363677979,0.0030896419193595648
793,10.389276504516602,0.3388381004333496
794,11.59817886352539,-4.97023868560791
795,-3.667912721633911,0.0067680999636650085
796,-3.2797646522521973,0.017404809594154358
797,-1.9036314487457275,-0.0512232780456543
798,29.834789276123047,-0.9678098559379578
799,-0.12588970363140106,0.007250802591443062
800,-1.7682253122329712,0.0555063858628273
801,-1.7153339385986328,0.04607491195201874
802,-0.99656081199646,0.010510005056858063
803,-13.601024627685547,0.06084039807319641
804,-0.16864512860774994,0.002110182074829936
805,-5.122125625610352,0.046222202479839325
806,-10.715802192687988,0.2816072106361389
807,4.204925537109375,-0.2304864525794983
808,-4.775704860687256,-0.7632254958152771
809,15.19693374633789,1.3786698579788208
810,21.16511344909668,1.3516861200332642
811,-2.813905954360962,0.06965145468711853
812,-18.654996871948242,0.380776584148407
813,-2.8004796504974365,0.049827516078948975
814,-37.68254089355469,-0.5166773796081543
815,-30.468612670898438,1.3929136991500854
816,14.092382431030273,-0.3080732822418213
817,-12.88571548461914,0.012470483779907227
818,-0.8452718257904053,0.345149427652359
819,-14.093925476074219,0.5423312783241272
820,14.355171203613281,1.2972123622894287
821,-1.2097194194793701,-0.05250130593776703
822,-3.102262020111084,0.040069177746772766
823,-0.27069345116615295,0.009099539369344711
824,-3.6560845375061035,-0.35664916038513184
825,-36.77549362182617,-0.47245901823043823
826,-0.8238798975944519,0.007138699758797884
827,-8.713292121887207,0.10759827494621277
828,-1.4717222452163696,0.012015732005238533
829,11.442150115966797,0.7849129438400269
830,-1.0135332345962524,0.10220812261104584
831,-17.136690139770508,0.918852686882019
832,-5.661644458770752,0.326308935880661
833,-4.924252510070801,0.8709486722946167
834,-12.121781349182129,1.4228675365447998
835,-1.3697160482406616,0.062273599207401276
836,-16.705224990844727,0.1582668423652649
837,-8.490612030029297,0.37271034717559814
838,3.600616455078125,-0.052669644355773926
839,-2.0733413696289062,1.1658823490142822
840,-0.28079187870025635,0.04788338020443916
841,-4.533827304840088,0.06347290426492691
842,-5.6071624755859375,0.16403216123580933
843,5.99838924407959,-0.1690029501914978
844,-9.473480224609375,-0.4905494153499603
845,-0.48285138607025146,0.12001372873783112
846,-7.575649261474609,-0.3142715096473694
847,-15.473008155822754,0.09413143992424011
848,-4.724347114562988,0.47780901193618774
849,-1.6616991758346558,0.10698676109313965
850,-3.684180498123169,-0.0301847904920578
851,-23.756765365600586,0.278952956199646
852,-2.927236557006836,0.2729186415672302
853,-0.19338148832321167,0.001619857968762517
854,-4.483748435974121,0.2499190866947174
855,-0.08048771321773529,0.0036350246518850327
856,-3.932133913040161,0.03589478135108948
857,-16.34090232849121,0.8398637771606445
858,-10.176414489746094,-0.553078830242157
859,-8.900910377502441,-0.5856223106384277
860,-3.3571853637695312,0.015235111117362976
861,-5.227910041809082,-0.11927539110183716
862,31.783737182617188,0.2443150281906128
863,-4.72526741027832,0.026232369244098663
864,-0.7065620422363281,0.1431947946548462
865,-5.864234924316406,0.04142943024635315
866,12.783697128295898,-0.06968545913696289
867,-2.8158249855041504,0.05364125967025757
868,0.9502358436584473,-0.6997459530830383
869,-15.009859085083008,-0.415721595287323
870,-12.421503067016602,1.049527883529663
871,7.717035293579102,1.4237078428268433
872,-0.7892535328865051,0.08982442319393158
873,-5.40004301071167,0.6352637410163879
874,-1.1975797414779663,0.21047499775886536
875,-1.7960270643234253,0.13962654769420624
876,0.4956969618797302,-0.06678915023803711
877,-7.225183963775635,0.08036532998085022
878,-6.673608303070068,1.1016247272491455
879,-0.8448894619941711,0.10056579113006592
880,-0.4964600205421448,-0.013790803030133247
881,10.305606842041016,2.155517339706421
882,-4.892392635345459,0.12551099061965942
883,-14.269977569580078,0.9392028450965881
884,0.28607845306396484,0.5289557576179504
885,-0.5554946660995483,-0.01382892020046711
886,-2.0173521041870117,0.2731871008872986
887,-0.022950418293476105,0.002974917646497488
888,48.43624496459961,-0.9576659202575684
889,-3.288666248321533,0.4176798462867737
890,-11.1084566116333,0.33273136615753174
891,10.59604263305664,0.42543578147888184
892,-0.6758359670639038,0.08835756778717041
893,-0.060969285666942596,0.01103697344660759
894,-9.923971176147461,-0.014328330755233765
895,-20.111652374267578,1.6217188835144043
896,-13.94682502746582,-0.23324459791183472
897,-0.6982508301734924,0.05232836306095123
898,-1.0748448371887207,0.22736123204231262
899,-11.240070343017578,0.0839495062828064
900,44.32477951049805,2.438638687133789
901,-0.2277054637670517,0.027910910546779633
902,6.774166107177734,0.5891414880752563
903,-9.48637580871582,-0.5952932834625244
904,-0.6491633057594299,0.04879211634397507
905,-7.522830486297607,0.37044644355773926
906,-1.782963514328003,0.016844701021909714
907,3.815748691558838,0.10045254230499268
908,19.927654266357422,0.6049103736877441
909,-0.6577467322349548,0.07934635132551193
910,-2.232088565826416,-0.08523920923471451
911,12.459833145141602,0.29066002368927
912,-2.493696928024292,-0.5569718480110168
913,-3.1874287128448486,0.48630619049072266
914,-8.598592758178711,0.44326668977737427
915,-4.809478759765625,0.1450694501399994
916,-5.320664882659912,0.5607792735099792
917,-14.019623756408691,0.16357338428497314
918,6.908988952636719,1.4019631147384644
919,-2.2136826515197754,0.026428405195474625
920,-4.808697700500488,0.645432710647583
921,-19.5977783203125,1.313638687133789
922,-3.0822625160217285,0.010638535022735596
923,-9.212079048156738,-0.04770846292376518
924,-4.463332176208496,0.04980030655860901
925,-7.548480033874512,0.14329804480075836
926,-5.951637268066406,0.06999865174293518
927,-22.289846420288086,0.9757171273231506
928,-12.659027099609375,0.7428216338157654
929,-0.8143246173858643,-0.09607252478599548
930,-0.40776658058166504,-0.0017675356939435005
931,1.9056282043457031,0.04860186576843262
932,-0.5707756280899048,0.04329698160290718
933,-0.5526065826416016,0.04439253360033035
934,-2.464703321456909,0.020934108644723892
935,-3.073221206665039,-0.3432115316390991
936,-35.24238204956055,0.05054575204849243
937,-4.8469438552856445,0.07725450396537781
938,-0.3555448353290558,0.052669160068035126
939,-0.01591126248240471,0.00022546066611539572
940,13.761083602905273,-0.1852271556854248
941,46.50666427612305,-5.646376609802246
942,-6.617498397827148,0.6976305246353149
943,-0.6307600140571594,0.04626328498125076
944,-5.255829334259033,0.014751479029655457
945,-1.9648468494415283,-0.036340512335300446
946,-12.011661529541016,0.4195730984210968
947,-0.9318251013755798,0.004437999799847603
948,-1.5504111051559448,0.19597825407981873
949,-1.1884088516235352,0.010853219777345657
950,-0.23252438008785248,0.021231479942798615
951,-14.037603378295898,0.28508123755455017
952,-37.87686538696289,0.7494113445281982
953,4.479907989501953,1.4190670251846313
954,-8.500737190246582,0.10270307958126068
955,-21.738920211791992,0.4678303599357605
956,112.61229705810547,-2.234304904937744
957,-25.036102294921875,0.932780385017395
958,-13.574895858764648,-0.6497814655303955
959,7.989112854003906,-0.5203344821929932
960,-1.3341931104660034,0.018050692975521088
961,-19.651187896728516,0.29146313667297363
962,-6.005568027496338,-0.0945139229297638
963,13.08321762084961,-0.038845062255859375
964,-2.1365702152252197,0.01796247623860836
965,-2.846924304962158,0.46398505568504333
966,-0.9731484651565552,0.009810946881771088
967,-9.613334655761719,0.8688547611236572
968,-3.6234209537506104,0.019966982305049896
969,-8.037666320800781,0.9755640625953674
970,-20.312902450561523,-0.27236735820770264
971,-0.20779378712177277,0.0016273071523755789
972,-1.7087135314941406,-0.0023428499698638916
973,-41.712974548339844,0.14719951152801514
974,-3.406949996948242,-0.10293304920196533
975,-9.15611457824707,1.0269155502319336
976,-4.149354457855225,-0.00375308096408844
977,-3.390573501586914,0.35827523469924927
978,63.439903259277344,1.448438286781311
979,-25.667264938354492,-0.933032751083374
980,-10.88541316986084,0.15031558275222778
981,-7.046921253204346,0.1264224499464035
982,-11.740278244018555,0.22899608314037323
983,-2.7827792167663574,0.026301346719264984
984,-0.01882420852780342,0.0029637974221259356
985,-5.098016738891602,1.1421444416046143
986,-10.734457015991211,1.5810717344284058
987,-2.20513916015625,0.03738135099411011
988,26.996906280517578,-1.3817541599273682
989,-4.390899181365967,-0.014738164842128754
990,-3.0053887367248535,0.04384716600179672
991,8.942648887634277,-1.0459129810333252
992,-0.05661952495574951,0.0022212208714336157
993,10.056644439697266,0.20737648010253906
994,-7.259973526000977,-0.5024425387382507
995,-7.570737361907959,-0.9383766651153564
996,-0.029218386858701706,0.002343773376196623
997,-13.494656562805176,0.2693063020706177
998,-5.418080806732178,0.5637141466140747
999,-8.885489463806152,0.0368804931640625
1000,1.29958176612854,0.7284039258956909
