Train_ID,Score
33,0.08675304055213928
1247,0.07091768831014633
1632,0.06436553224921227
1500,0.06274600327014923
1413,0.0598820224404335
1974,0.05723092705011368
1627,0.055123865604400635
781,0.05409119091928005
1026,0.05383559688925743
1283,0.053740814328193665
413,0.0535985492169857
378,0.05249834060668945
1593,0.052490051835775375
1623,0.05186185613274574
1434,0.051358550786972046
197,0.050259413197636604
396,0.05009196884930134
1279,0.05005462467670441
93,0.04999181628227234
890,0.049764085561037064
1443,0.04960447922348976
940,0.048485688865184784
996,0.04824032634496689
767,0.048121294006705284
1072,0.04759335145354271
827,0.04741762951016426
566,0.046877093613147736
1051,0.04683772288262844
331,0.04629097506403923
1870,0.046271614730358124
699,0.04624157026410103
1783,0.04613953270018101
1523,0.04606614261865616
499,0.04581144265830517
57,0.045658720657229424
669,0.04554714076220989
1122,0.045430686324834824
903,0.04526291787624359
475,0.045220378786325455
1577,0.04515955410897732
443,0.04479175806045532
1038,0.044585004448890686
737,0.04448668844997883
655,0.04442887008190155
491,0.044264018535614014
1058,0.04412517882883549
927,0.043712297454476357
179,0.043519970029592514
314,0.04342430830001831
1872,0.04335911199450493
823,0.04321182891726494
1416,0.04314090870320797
1531,0.042924562469124794
1412,0.04279111512005329
1747,0.04267620109021664
521,0.04261810891330242
685,0.042571306228637695
153,0.04251202940940857
304,0.04223272390663624
626,0.04221518337726593
1264,0.04216563142836094
1617,0.04192207753658295
6,0.04152831435203552
1359,0.04142318107187748
76,0.04141708463430405
504,0.04134222865104675
1317,0.0411117784678936
42,0.041088271886110306
581,0.041069868952035904
240,0.041058408096432686
1508,0.04096215404570103
728,0.040935732424259186
1441,0.04088927246630192
1797,0.040818553417921066
1801,0.04057490825653076
430,0.040538571774959564
102,0.040491653606295586
601,0.040369123220443726
431,0.04000910557806492
1419,0.03999697417020798
447,0.03996383957564831
155,0.03987620025873184
23,0.03972233459353447
416,0.03964492306113243
624,0.03945688530802727
941,0.039433304220438004
1363,0.039297401905059814
1569,0.039178257808089256
1961,0.03914422541856766
1105,0.0388663113117218
1563,0.03867094963788986
1980,0.03820253908634186
1387,0.0381200797855854
1067,0.03807560354471207
1096,0.03785838931798935
1062,0.037811875343322754
1189,0.037734923884272575
458,0.03763778321444988
766,0.03754809312522411
1501,0.03748052194714546
1418,0.03743772394955158
1056,0.03717877343297005
1271,0.03712566755712032
291,0.0369737446308136
611,0.03693809732794762
930,0.036884305998682976
894,0.03663128986954689
758,0.036476895213127136
1188,0.03639030270278454
53,0.03636081889271736
541,0.036277053877711296
544,0.03627122566103935
1862,0.03619762510061264
1775,0.03616686910390854
1550,0.03610856272280216
775,0.03580815717577934
548,0.035720985382795334
1142,0.03570953197777271
1578,0.035533297806978226
1328,0.03553314879536629
703,0.03547823429107666
1286,0.035465482622385025
1322,0.03538800962269306
1673,0.03526117466390133
205,0.035204075276851654
377,0.03517455421388149
1357,0.03517416678369045
75,0.03517169505357742
1234,0.035085540264844894
1625,0.034895217046141624
353,0.03476912900805473
391,0.03474544361233711
1034,0.034735873341560364
1591,0.034703489392995834
1324,0.03469409979879856
45,0.03457343392074108
1607,0.034549131989479065
1193,0.03452271968126297
1928,0.03445707447826862
1426,0.03440413437783718
1382,0.03434460237622261
704,0.034295907244086266
832,0.03423537313938141
456,0.0341901034116745
1964,0.03403960540890694
1770,0.03402130864560604
166,0.033869560807943344
1113,0.033821951597929
570,0.03377325460314751
877,0.033756958320736885
1341,0.033745771273970604
327,0.03369371220469475
301,0.03358633629977703
1693,0.033569568768143654
1182,0.03356030583381653
267,0.03351367078721523
405,0.03340916335582733
1190,0.03337480127811432
814,0.03336646221578121
1276,0.03335788659751415
1364,0.033349405974149704
722,0.03323114663362503
231,0.03313683532178402
1530,0.0330966804176569
1763,0.03309439308941364
1699,0.033071368932724
1701,0.03293319046497345
598,0.03292571380734444
999,0.03288273699581623
1466,0.03288031183183193
1479,0.03286801278591156
1621,0.032765598967671394
1049,0.03274947218596935
1069,0.032665008679032326
1155,0.032647620886564255
828,0.032587142661213875
813,0.03257651999592781
1108,0.03248205780982971
637,0.032469188794493675
482,0.03235847130417824
1873,0.03234153240919113
584,0.03224164806306362
290,0.032183025032281876
510,0.03216859884560108
1080,0.03205542266368866
242,0.03201899863779545
1968,0.031994618475437164
1073,0.03161538392305374
1488,0.031585004180669785
236,0.031538127921521664
1940,0.031467173248529434
1613,0.03135897219181061
641,0.03130859415978193
1465,0.03129035606980324
118,0.031183723360300064
918,0.0311814546585083
1054,0.031174875795841217
1396,0.031166955828666687
363,0.03113439865410328
1544,0.031022144481539726
274,0.03101978451013565
459,0.031003066338598728
352,0.03095712885260582
612,0.030927378684282303
924,0.030904628336429596
1469,0.030865401029586792
640,0.030848676338791847
534,0.030808821320533752
1791,0.030757436528801918
1330,0.03071788791567087
993,0.030715711414813995
1213,0.030696889385581017
1901,0.030692121013998985
400,0.030635403469204903
296,0.030531597323715687
1498,0.030517742969095707
1362,0.03050515055656433
739,0.03048514761030674
740,0.030480384826660156
1608,0.030466655269265175
1030,0.03041426930576563
1616,0.03022642433643341
421,0.030213678255677223
540,0.030210178345441818
321,0.03019672818481922
1950,0.03017614409327507
518,0.03015095181763172
1025,0.030143294483423233
1811,0.03013677056878805
925,0.030075330287218094
812,0.0300650205463171
427,0.030011849477887154
895,0.0299727451056242
1154,0.02981758490204811
989,0.029760684818029404
1562,0.029758106917142868
533,0.02973313443362713
1590,0.029724065214395523
477,0.029676441103219986
769,0.029652290046215057
1560,0.029642760753631592
752,0.029625041410326958
183,0.02958325855433941
525,0.029552530497312546
785,0.02951248548924923
587,0.029463540762662888
1996,0.029456833377480507
795,0.02937505394220352
1711,0.02937130071222782
780,0.02934950590133667
911,0.02934807538986206
1689,0.029301181435585022
167,0.02923867106437683
1129,0.02920867595821619
1715,0.029188450425863266
1386,0.02915423922240734
393,0.029070328921079636
1487,0.0290675088763237
1209,0.029012326151132584
1351,0.029004503041505814
1648,0.029002182185649872
1629,0.028965413570404053
389,0.02894032746553421
1407,0.028916694223880768
1739,0.028876326978206635
1586,0.028868059627711773
701,0.028860080055892467
1022,0.028827393427491188
460,0.028790254145860672
1719,0.028787562623620033
50,0.0287868557497859
1712,0.02877473458647728
380,0.028711682185530663
614,0.028691581450402737
469,0.02861819602549076
402,0.028586365282535553
1795,0.028585750609636307
530,0.02854115143418312
1036,0.02853238955140114
73,0.028513096272945404
1939,0.02848220430314541
1404,0.028403276577591896
931,0.028369273990392685
1709,0.028343641199171543
604,0.02824341505765915
1903,0.028234710916876793
1299,0.028232881799340248
1116,0.028157781809568405
1824,0.028132958337664604
806,0.028111014515161514
815,0.02808760106563568
1136,0.028079358860850334
1670,0.028065236285328865
1839,0.028025759384036064
224,0.028015760704874992
1513,0.027988954447209835
1289,0.027972321957349777
547,0.02793178055435419
444,0.027904422022402287
778,0.02790147438645363
1175,0.02787015587091446
990,0.02783409971743822
754,0.027822092175483704
1612,0.027741527184844017
410,0.027708345092833042
1817,0.027684840373694897
486,0.027500412426888943
1003,0.027448292821645737
1144,0.02733870968222618
194,0.02729315310716629
1266,0.027276458218693733
1226,0.02725851535797119
1178,0.02721382863819599
1425,0.02719344850629568
1914,0.027184288948774338
1773,0.027117649093270302
1793,0.027090106159448624
1653,0.027014060877263546
700,0.026986652985215187
464,0.02697426825761795
1851,0.026941074058413506
627,0.026939604431390762
1020,0.026907669380307198
1406,0.026894565671682358
1889,0.026881199330091476
1649,0.02686227671802044
1876,0.026853477582335472
600,0.026815246790647507
1934,0.026811199262738228
359,0.026744098402559757
48,0.026720207184553146
110,0.026719219982624054
1663,0.02670538891106844
434,0.026660121977329254
1140,0.026621263474225998
1376,0.026587434113025665
726,0.026576150208711624
150,0.02655576914548874
1164,0.026544708758592606
1243,0.02654378954321146
237,0.02647879347205162
1268,0.02627911139279604
398,0.026247710920870304
1927,0.026199485175311565
1248,0.026165751740336418
173,0.026154961436986923
1738,0.026137009263038635
1361,0.026133542880415916
250,0.026120075955986977
713,0.02605546824634075
1997,0.025995871983468533
860,0.02584273274987936
1834,0.02580629102885723
1954,0.025774840265512466
1397,0.025771982967853546
837,0.025760657154023647
1045,0.02568134106695652
1497,0.025664085522294044
1401,0.025585511699318886
1681,0.025584204122424126
196,0.025560171343386173
428,0.02552615851163864
356,0.025434093549847603
312,0.02540510892868042
1756,0.025388648733496666
1040,0.025381404906511307
10,0.025338103994727135
1383,0.02524954453110695
1514,0.025243576616048813
667,0.02521701157093048
1356,0.025172358378767967
589,0.02514619566500187
965,0.025140629149973392
1333,0.025136121548712254
455,0.025044171139597893
919,0.024993320927023888
15,0.0249271672219038
1239,0.02492405567318201
632,0.024863420985639095
383,0.02484743855893612
1350,0.024841219186782837
1579,0.02482629381120205
1460,0.02481553517282009
807,0.024806316941976547
346,0.024799243547022343
1938,0.024764031171798706
175,0.02473129890859127
874,0.024721252731978893
1275,0.0246737040579319
1083,0.02461760677397251
395,0.024491025134921074
424,0.024455677717924118
934,0.02438710443675518
1622,0.024320404045283794
189,0.024249661713838577
104,0.02424609661102295
933,0.02423081360757351
1611,0.024174127727746964
1646,0.024073008447885513
1490,0.024060558527708054
1977,0.02390284091234207
862,0.02388614695519209
297,0.023857902735471725
1657,0.023857126012444496
1318,0.02381137292832136
232,0.02379496581852436
106,0.02369242161512375
608,0.023658256977796555
803,0.02362477406859398
1005,0.023576365783810616
1224,0.023548327386379242
81,0.02350590657442808
125,0.02349214255809784
843,0.023439273238182068
1871,0.023408292792737484
1084,0.023383204825222492
1326,0.02338240295648575
905,0.023298263549804688
1114,0.023293733596801758
948,0.0232472475618124
63,0.02324030175805092
235,0.023186327889561653
1494,0.023184909485280514
1408,0.023183641955256462
1856,0.023157132789492607
1517,0.023143618367612362
709,0.022987090051174164
938,0.022948716767132282
1123,0.022944380529224873
865,0.022937797009944916
1208,0.022912416607141495
1061,0.022900979034602642
1975,0.022852200083434582
1199,0.022821635007858276
1270,0.02282161731272936
461,0.02280406281352043
845,0.02273564413189888
824,0.022725421003997326
71,0.02271745167672634
1986,0.022704852744936943
1890,0.022674743086099625
583,0.022632749751210213
21,0.02261597290635109
1999,0.022581233642995358
1225,0.022578679956495762
1503,0.02254354953765869
1626,0.02253771387040615
222,0.022525045089423656
1152,0.022507699206471443
1830,0.022501105442643166
1375,0.022453483194112778
830,0.022440535947680473
1779,0.02243010699748993
1650,0.022389529272913933
1314,0.02237620297819376
1093,0.022315528243780136
1461,0.022266273386776447
1639,0.022265858948230743
984,0.0222039595246315
256,0.022142929956316948
883,0.022043241187930107
1820,0.02196730673313141
586,0.02195112407207489
1994,0.0219449857249856
690,0.021901928819715977
1130,0.021891933865845203
1668,0.02182278037071228
489,0.0217776857316494
65,0.021774528548121452
1214,0.021739080548286438
1221,0.021730023436248302
453,0.021725185215473175
1173,0.021724781952798367
1281,0.021712515503168106
141,0.02171188034117222
683,0.02170559950172901
8,0.021695688366889954
1014,0.02169298194348812
16,0.02161328960210085
549,0.021606910973787308
13,0.021586601622402668
1511,0.02153078094124794
263,0.02148769050836563
285,0.021470725536346436
1985,0.021427396684885025
1166,0.021362398751080036
465,0.021350943483412266
1667,0.021288156509399414
946,0.02128719352185726
973,0.02123718336224556
796,0.021215911954641342
1520,0.02118854410946369
645,0.02118253894150257
1630,0.02114433143287897
1865,0.02113673835992813
1602,0.021095536649227142
797,0.021090492606163025
1907,0.021013468503952026
1156,0.02094617299735546
826,0.020881544798612595
1640,0.02086484059691429
1525,0.020849905908107758
1606,0.020835475996136665
1601,0.020822567865252495
40,0.020814217627048492
211,0.020802048966288567
1982,0.0207997290417552
511,0.020791362039744854
724,0.02074312698096037
1792,0.020711995661258698
1875,0.020705698058009148
1854,0.020683196373283863
2,0.02060006931424141
760,0.02057956624776125
1343,0.020522435195744038
100,0.020511412993073463
1651,0.02049775142222643
1447,0.02049252111464739
878,0.020488916896283627
187,0.02044631540775299
1229,0.02042502723634243
1102,0.020315920934081078
756,0.020250600762665272
103,0.020188456401228905
94,0.02018783800303936
692,0.02016390860080719
1448,0.02015288919210434
935,0.020149855874478817
1170,0.020149516873061657
1919,0.020147079601883888
239,0.020087523385882378
114,0.020084688439965248
618,0.020028987899422646
923,0.019992997869849205
139,0.019962726160883904
595,0.019954758696258068
1628,0.01994283962994814
202,0.01986807771027088
38,0.019825050607323647
1624,0.01982055976986885
448,0.0198153518140316
1923,0.01981016807258129
613,0.019770309329032898
174,0.01974380575120449
412,0.019735898822546005
392,0.019720500335097313
347,0.01970410905778408
1805,0.019664582796394825
838,0.019661457277834415
1619,0.019650952890515327
1191,0.019639382138848305
151,0.01963257882744074
467,0.019567147828638554
592,0.01955930981785059
298,0.01948949322104454
1556,0.019482944160699844
1028,0.019476667046546936
308,0.01944843027740717
822,0.019435571506619453
44,0.019395947456359863
294,0.019299708306789398
1769,0.019291583448648453
1777,0.019250295124948025
1958,0.01923876255750656
1103,0.01916193775832653
1904,0.019146353006362915
1762,0.019136307761073112
422,0.019131384789943695
1841,0.019101135432720184
1521,0.019078594632446766
1526,0.01902370247989893
1050,0.018990494310855865
1572,0.01898554153740406
1029,0.01897810585796833
1037,0.01895632315427065
1843,0.018919799476861954
1638,0.018906304612755775
162,0.018887114711105824
320,0.01885143853724003
1674,0.018822631798684597
1280,0.018799901008605957
1553,0.018785230815410614
508,0.01876689027994871
1799,0.018761003389954567
1151,0.018757960759103298
198,0.01875714398920536
1278,0.01873148698359728
1192,0.018731375224888325
437,0.01867812220007181
1004,0.018672626465559006
1774,0.018648690544068813
409,0.018627668730914593
1282,0.018586996011435986
164,0.018586491234600544
1471,0.018582824617624283
1349,0.018570182844996452
20,0.01856609433889389
736,0.01855195313692093
272,0.0185329532250762
591,0.01850589271634817
1398,0.01848852727562189
1400,0.018459321931004524
831,0.01845427416265011
1725,0.01841937191784382
738,0.01841896865516901
1576,0.01841462217271328
1290,0.018405134789645672
1485,0.018401682376861572
1143,0.018396757543087006
1532,0.018366150557994843
244,0.01835847832262516
51,0.018334105610847473
1567,0.018303980119526386
32,0.018273260444402695
1683,0.0182209899649024
300,0.018195172771811485
689,0.018148995004594326
156,0.018141234293580055
1241,0.018070291727781296
1642,0.018049782142043114
1393,0.018047209829092026
1819,0.018006271682679653
698,0.01800506003201008
1222,0.017985851503908634
1385,0.01797748077660799
1736,0.017966910265386105
705,0.01796633843332529
882,0.017901833169162273
365,0.017846289090812206
888,0.017843730747699738
1491,0.01782938465476036
414,0.017817328684031963
1694,0.017806976102292538
770,0.017777872271835804
473,0.017764151096343994
1368,0.017742272466421127
1161,0.017704369500279427
1354,0.017689849250018597
1255,0.017633178271353245
573,0.017620228230953217
702,0.017618874087929726
134,0.017596726305782795
329,0.017486248165369034
2000,0.01742673572152853
1538,0.017420087940990925
1196,0.01740768551826477
1507,0.017405927181243896
1656,0.017393898218870163
912,0.0173754608258605
1132,0.017370278015732765
1515,0.01736302301287651
25,0.017352502793073654
1672,0.01733550988137722
677,0.017334934324026108
992,0.017241017892956734
1682,0.017221670597791672
1042,0.01721559464931488
1437,0.01718891505151987
1552,0.0171883013099432
840,0.017180916853249073
735,0.01716023776680231
246,0.01714969240128994
1086,0.017119512893259525
490,0.017098791897296906
1053,0.017094341106712818
218,0.01709393784403801
485,0.017032938078045845
706,0.017002247273921967
369,0.016994167119264603
1016,0.016925889067351818
481,0.01690247654914856
419,0.016897576861083508
875,0.016879565082490444
82,0.016878217458724976
390,0.016870228573679924
1245,0.016850659623742104
1378,0.016810230910778046
1539,0.016807008534669876
1482,0.016793142072856426
679,0.016755585558712482
1285,0.01674559712409973
1658,0.016719389706850052
394,0.016716575250029564
579,0.016701743006706238
1187,0.016690229065716267
514,0.016538243740797043
337,0.016538014635443687
1933,0.016510692425072193
127,0.016501901671290398
623,0.016480568796396255
1519,0.01644129492342472
1716,0.016411536373198032
879,0.01637938152998686
977,0.016357635147869587
1916,0.01634969562292099
315,0.016340737231075764
1467,0.01630481518805027
789,0.016257936134934425
945,0.01624700054526329
241,0.016234304755926132
988,0.016136063262820244
531,0.0160830644890666
1970,0.01607429049909115
1480,0.016049552708864212
1659,0.016044162213802338
288,0.01602002140134573
193,0.01592965517193079
1044,0.01590878888964653
1829,0.015906562097370625
1845,0.015880869701504707
488,0.015868034213781357
169,0.01583097130060196
154,0.015827596187591553
1429,0.01582217402756214
317,0.01582158822566271
983,0.015787696465849876
1641,0.015762819908559322
1522,0.01572571462020278
1900,0.015707585029304028
1860,0.01569706480950117
131,0.015689305029809475
1857,0.015679631382226944
1149,0.015590212307870388
952,0.015536875929683447
144,0.015512092504650354
1768,0.015506559982895851
644,0.015495369210839272
276,0.015458353329449892
1092,0.015425748191773891
1581,0.01539834588766098
670,0.015382164623588324
1686,0.01537826657295227
960,0.01534999767318368
1676,0.015331864356994629
1071,0.015261892229318619
653,0.01522916927933693
577,0.01521795941516757
1277,0.015210774727165699
1265,0.015187915414571762
565,0.015170598402619362
763,0.015138774644583464
223,0.015131494496017694
350,0.015112674795091152
1177,0.015059021301567554
1635,0.015048704575747252
971,0.015045071486383677
1615,0.015030281618237495
1423,0.015023579820990562
1307,0.015014132484793663
1162,0.015012310817837715
1313,0.015001267194747925
1962,0.014934057835489511
373,0.014914067462086678
816,0.01490559009835124
1603,0.014823608566075563
140,0.014815714210271835
1119,0.01479774760082364
951,0.014784317463636398
902,0.01477059768512845
1395,0.014768978115171194
1752,0.014735131524503231
1818,0.01473073847591877
344,0.01466536894440651
1205,0.01464203791692853
54,0.014536527451127768
887,0.014473806601017714
1631,0.014472542330622673
1082,0.014387672301381826
1710,0.01437903381884098
1089,0.01436939463019371
1587,0.014344300143420696
1444,0.014338220469653606
1965,0.014332170598208904
660,0.014325976371765137
1296,0.014309619553387165
1332,0.014190643560141325
1735,0.014186698943376541
145,0.014181923121213913
128,0.014177108183503151
1821,0.014168128371238708
1249,0.01411443017423153
1431,0.014100722502917051
1185,0.01404684828594327
1696,0.014045674353837967
550,0.014026737306267023
1743,0.013993085827678442
1197,0.013897084631025791
1600,0.013896300457417965
1388,0.01387354452162981
1346,0.013864437118172646
109,0.01385439233854413
1717,0.013813183177262545
1598,0.013759266585111618
909,0.013747863005846739
1139,0.013731181621551514
1867,0.013703392818570137
1462,0.013699602335691452
1516,0.013671837747097015
119,0.013661392498761415
316,0.01363133080303669
349,0.013619667384773493
1969,0.013604160398244858
656,0.013590662274509668
1347,0.013578088022768497
551,0.013542171567678452
1755,0.013516709208488464
1060,0.013506154995411634
1931,0.013478181324899197
1753,0.01346801221370697
1463,0.013394070789217949
507,0.013386368751525879
1464,0.013326639775186777
1910,0.013325231615453959
108,0.013248287606984377
1869,0.013234585523605347
1148,0.013230714946985245
192,0.013230187818408012
1459,0.013227506540715694
727,0.013210714794695377
1250,0.013210703153163195
1099,0.013153215404599905
1680,0.013148240745067596
1589,0.013125475496053696
1168,0.013094746973365545
1917,0.013065894600003958
111,0.013052721507847309
307,0.013045687228441238
869,0.01304283831268549
922,0.013022029772400856
694,0.013013105373829603
357,0.0130109959281981
506,0.012989678420126438
95,0.012964717112481594
1002,0.012956606224179268
978,0.012938902713358402
594,0.012888092547655106
572,0.012867482379078865
842,0.012854350730776787
1035,0.012851327657699585
503,0.01284321490675211
1588,0.012802666053175926
559,0.012792736291885376
1098,0.01279168063774705
1436,0.012784870807081461
1536,0.01274081040173769
1390,0.01273746881633997
262,0.01271236501634121
1551,0.012695803306996822
495,0.01266479305922985
376,0.01266103982925415
12,0.012646968476474285
234,0.012621648609638214
939,0.012591759208589792
1987,0.012572669424116611
1372,0.012559126131236553
666,0.012550009414553642
725,0.01251347130164504
1033,0.01249781996011734
1721,0.012474975548684597
873,0.01245547691360116
647,0.01244460279121995
1800,0.012415513396263123
1043,0.012398352846503258
293,0.012389799114316702
554,0.012362337671220303
953,0.012352964375168085
1215,0.012350781355053186
849,0.012340524233877659
1978,0.012301518581807613
1585,0.012300267815589905
1424,0.012274830136448145
1509,0.012269190978258848
1300,0.012259220238775015
936,0.012245099991559982
886,0.012238058261573315
278,0.012228118255734444
1399,0.01221887394785881
1661,0.012208577711135149
1007,0.012198884971439838
1751,0.012160141486674547
1269,0.012148108799010515
768,0.01213519461452961
1679,0.012134963180869818
1883,0.012112262658774853
1941,0.012110876385122538
1369,0.012110235635191202
1146,0.012107620015740395
681,0.012075965292751789
24,0.012070728465914726
1575,0.012067468836903572
906,0.012066485360264778
615,0.012033890932798386
404,0.012027727905660868
264,0.011980114970356226
247,0.011945527046918869
366,0.011928558349609375
79,0.011902158614248037
958,0.011897811200469732
1125,0.011885936371982098
576,0.011871923226863146
1001,0.011810210533440113
968,0.011807546019554138
1822,0.011783448979258537
47,0.011759398505091667
1898,0.011749170254915953
1915,0.011709760408848524
1064,0.01164952665567398
552,0.011639830656349659
646,0.01163502736017108
388,0.011612962931394577
619,0.011555423028767109
116,0.01155172847211361
1207,0.01153419679030776
1232,0.011531498283147812
851,0.011469592340290546
1023,0.011465893592685461
324,0.011435536202043295
425,0.01139142969623208
605,0.011371168307960033
1698,0.011343374382704496
1976,0.011339590884745121
1370,0.011289797723293304
1081,0.011249602306634188
335,0.011235073674470186
638,0.011200487613677979
286,0.011185047682374716
1211,0.01118141831830144
158,0.011172906961292028
319,0.011165327858179808
1554,0.011156965978443623
695,0.011155120097100735
1472,0.011143624782562256
1713,0.011107935570180416
1252,0.011103490833193064
857,0.011078082956373692
1145,0.011072487104684114
1660,0.011053945869207382
133,0.011050783097743988
1825,0.011042363941669464
1366,0.011023185215890408
898,0.010991604067385197
171,0.010988752357661724
483,0.010961677879095078
407,0.010951126925647259
847,0.010948628652840853
515,0.010941502172499895
1273,0.010930582415312529
195,0.010928008239716291
937,0.010879689361900091
450,0.010852697771042585
191,0.010835976339876652
527,0.01078683789819479
1831,0.010754957795143127
546,0.010738609824329615
201,0.010725392494350672
1039,0.01071687089279294
606,0.01071543199941516
597,0.010702226310968399
1024,0.010642699431627989
732,0.010640413500368595
1671,0.010631668847054243
691,0.010627068113535643
1859,0.010616444982588291
1906,0.010609345976263285
1217,0.010592995677143335
708,0.010591899044811726
994,0.010578691959381104
1403,0.010531981941312551
170,0.010523009113967419
982,0.01050788164138794
1618,0.010495151858776808
1846,0.010459010023623705
1287,0.010435744188725948
452,0.0104177282191813
846,0.010401933453977108
1235,0.010401585139334202
381,0.010393399745225906
658,0.01035052863880992
1120,0.010330963414162397
1760,0.01032929215580225
1784,0.010321071837097406
26,0.010317529086023569
84,0.01030046958476305
1669,0.010291775222867727
1896,0.010282175615429878
255,0.010271143168210983
805,0.010248997248709202
529,0.010232892818748951
1884,0.010205998085439205
915,0.010197555646300316
433,0.010193865280598402
364,0.010185772087424994
731,0.010184177197515965
1528,0.0101658646017313
749,0.010152882896363735
1100,0.010141972452402115
1564,0.01012945082038641
1126,0.01012811902910471
1633,0.010125586297363043
961,0.010119120590388775
1971,0.010101971216499805
101,0.0100821522064507
1909,0.01006669644266367
636,0.010064494796097279
124,0.010050205513834953
563,0.010048625525087118
748,0.009980838745832443
1808,0.009977804962545633
1455,0.009975387714803219
1924,0.009956848341971636
265,0.009938833303749561
639,0.00991447502747178
979,0.009900804143399
1537,0.009881467092782259
629,0.009747541509568691
648,0.009729509241878986
776,0.009724273346364498
215,0.00971992127597332
233,0.009671585634350777
1957,0.009661338292062283
1009,0.009660620242357254
1705,0.009654744993895292
74,0.009639611933380365
1664,0.009611189365386963
762,0.009609869215637445
1826,0.00959710218012333
1377,0.00959043763577938
820,0.009582468774169683
1761,0.009571250528097153
1936,0.009562472812831402
408,0.009513297118246555
1706,0.009512341115623713
379,0.009507298469543457
1942,0.00950482813641429
517,0.009443610906600952
1097,0.009429410565644503
1764,0.009399909060448408
1284,0.00937974825501442
995,0.009348457213491201
186,0.009319082368165255
672,0.009285930078476667
755,0.00928043294698
734,0.00925491750240326
441,0.00924448436126113
476,0.009229849558323622
343,0.009220239240676165
1256,0.009159403387457132
959,0.0091407997533679
1930,0.009120570495724678
207,0.009111795574426651
259,0.009068083949387074
46,0.009059852454811335
212,0.009028168395161629
867,0.00902330968528986
532,0.009023187216371298
942,0.009001413360238075
1548,0.008994852658361197
684,0.008993341587483883
774,0.008982813451439142
423,0.008978912141174078
468,0.008976859971880913
302,0.008948443457484245
834,0.008942768443375826
184,0.008853255305439234
854,0.00882047787308693
219,0.008804768789559603
733,0.008804382290691137
1233,0.008800577372312546
1571,0.0087973871268332
562,0.00874180207028985
336,0.008738793432712555
1013,0.008737256284803152
1046,0.008730676025152206
1451,0.008726363070309162
949,0.0086750159971416
323,0.008632806595414877
1066,0.008613926358520985
472,0.008608185220509768
384,0.008605141658335924
1754,0.008599000982940197
1433,0.008565035182982683
1427,0.008554897736757994
206,0.00851229578256607
944,0.008477316237986088
273,0.008452730253338814
1294,0.00840598763898015
1292,0.008374670054763556
1158,0.008315042592585087
129,0.008308153133839369
1704,0.008288927841931581
371,0.0082880943082273
1492,0.008287965785712004
1291,0.008286322001367807
750,0.008277828339487314
1457,0.008211187086999416
225,0.008206644095480442
56,0.008196456357836723
1665,0.008177689742296934
137,0.008140889927744865
1644,0.00812429515644908
142,0.008117923978716135
216,0.008098829537630081
91,0.008020828943699598
1584,0.008009467273950577
1798,0.007967283483594656
1802,0.007954852655529976
1921,0.007942920550704002
1785,0.007930949330329895
1695,0.007928148377686739
122,0.007887025363743305
1456,0.007857732474803925
1877,0.00785176083445549
1335,0.007846254389733076
1714,0.007845025043934584
868,0.007841973099857569
693,0.007829399313777685
1918,0.007786129135638475
1381,0.007756687235087156
603,0.007747173309326172
309,0.007701412076130509
1645,0.007693183608353138
730,0.007690975442528725
97,0.007682617753744125
248,0.007679619360715151
1512,0.007675274973735213
1184,0.007661340991035104
664,0.007658042479306459
1068,0.007637201342731714
856,0.007634266279637814
872,0.007630613166838884
163,0.007609399501234293
509,0.007588336709886789
1945,0.007525574415922165
710,0.0075190195348113775
505,0.007511336822062731
397,0.007497376296669245
1949,0.007494661025702953
271,0.0074429139494895935
1329,0.007407139055430889
415,0.007398889400064945
328,0.007382487412542105
1477,0.007354706758633256
991,0.007351979147642851
1421,0.007351554464548826
848,0.0073436840903013945
1610,0.007341028423979878
1771,0.0073368120938539505
1724,0.007328865118324757
1868,0.007326692808419466
568,0.007323482073843479
1428,0.007305447477847338
214,0.007303265854716301
947,0.007287238258868456
338,0.007240635342895985
787,0.007233638083562255
620,0.007225739303976297
1749,0.007187300128862262
1449,0.007173387333750725
1111,0.007160372566431761
791,0.007146717049181461
896,0.00713241146877408
556,0.007121075876057148
1446,0.007108895108103752
1899,0.007107463665306568
759,0.007099108304828405
98,0.007080988027155399
339,0.007080964744091034
602,0.007070331135764718
1702,0.007067170459777117
1599,0.0070579336024820805
1032,0.007053243461996317
578,0.0070205507799983025
1008,0.006995117757469416
696,0.006968617672100663
588,0.006948534632101655
1484,0.006943860556930304
1302,0.006943042855709791
1776,0.006920488551259041
1027,0.006919194012880325
1272,0.006909280316904187
671,0.006908366456627846
1609,0.006850509438663721
157,0.006832815473899245
956,0.006788881728425622
88,0.006766593782231212
1991,0.006709429202601314
1104,0.0067068422213196754
1345,0.00670106615871191
1219,0.00670051365159452
292,0.006698941113427281
1496,0.006680015474557877
1720,0.006679438520222902
1101,0.00666870316490531
498,0.006661802995949984
744,0.00666178367100656
635,0.006653979420661926
864,0.006635687313973904
418,0.0066002884414047
217,0.006593963596969843
1021,0.006531285820528865
117,0.006498351925984025
1850,0.0064820535480976105
1405,0.006476856302469969
1529,0.006450106855481863
1804,0.006449710810557008
833,0.006442485377192497
160,0.006438279524445534
470,0.006436645518988371
1574,0.006433648988604546
561,0.006423703394830227
1960,0.00641645910218358
332,0.006414839532226324
457,0.0063864311669021845
1203,0.006385695189237595
1453,0.00636833650059998
974,0.006356148049235344
1253,0.006346695125102997
1055,0.006329004652798176
628,0.006291996920481324
871,0.006290073040872812
928,0.006288809003308415
372,0.006284455303102732
825,0.006248315330594778
783,0.006222033174708486
792,0.006214566063135862
786,0.006213388871401548
112,0.006209773011505604
1728,0.006154548842459917
885,0.0061476887203752995
266,0.006140394601970911
863,0.006129847373813391
1864,0.006118379533290863
1690,0.0061122390907257795
367,0.006110579706728458
1772,0.006096471566706896
325,0.006091501098126173
1489,0.006090884795412421
199,0.006061705527827144
1684,0.006033747456967831
1355,0.005977286724373698
976,0.00596174574457109
147,0.0059611317701637745
1992,0.005954344291239977
1261,0.0059523931704461575
1410,0.005934729008004069
268,0.005932897096499801
1195,0.0059147600550204515
281,0.005906309466809034
99,0.005892448127269745
136,0.005865359446033835
1847,0.00586371379904449
808,0.005858789198100567
451,0.005857964977622032
1861,0.0058129169046878815
36,0.0058032243978232145
83,0.005788146052509546
1995,0.005780307110399008
1685,0.005773145705461502
1110,0.0057444944977760315
1944,0.005737408064305782
254,0.005723027745261788
557,0.005706333555281162
1236,0.005701698595657945
115,0.005697138840332627
1814,0.005689385812729597
289,0.005657255183905363
182,0.005642666481435299
751,0.0056196574587374926
41,0.005613124230876565
1573,0.005611893022432923
590,0.005610900465399027
1990,0.005609680432826281
1858,0.005595226772129536
1758,0.005592438159510493
496,0.005566161125898361
1336,0.005561208818107843
442,0.005558982724323869
492,0.005556956399232149
811,0.005553245544433594
89,0.005550420377403498
564,0.005522879073396325
1124,0.005519970320165157
72,0.005517994984984398
1150,0.00551684177480638
221,0.005513165844604373
712,0.005507854279130697
1298,0.005472460063174367
1723,0.005406623240560293
969,0.005399360321462154
411,0.005395173095166683
819,0.005392773076891899
66,0.005389569327235222
229,0.005380961112678051
772,0.005371076986193657
269,0.005356831243261695
1893,0.0053435019217431545
585,0.005338325165212154
1353,0.005258164601400495
178,0.005246490240097046
1637,0.0052303653210401535
58,0.005219822749495506
1414,0.005219573620706797
625,0.005200360203161836
1892,0.005187859758734703
1312,0.0051861656829714775
252,0.005169742973521352
520,0.005164146423339844
580,0.005117400549352169
260,0.005112075945362449
203,0.005104174604639411
543,0.005096620647236705
794,0.005091954721137881
765,0.00509171187877655
1828,0.005075186491012573
1827,0.005063154036179185
1499,0.005038159200921655
522,0.005013794172555208
1079,0.004977183183655143
1688,0.0049582605715841055
1171,0.004928693175315857
361,0.004927976289764047
1594,0.004920948762446642
1780,0.004919297993183136
1306,0.004909709095954895
1342,0.00490483408793807
1169,0.004903098568320274
674,0.004891891730949283
1614,0.00486079091206193
1636,0.004856113577261567
1558,0.004848802927881479
542,0.0048434019554406404
1048,0.0048394231125712395
1746,0.004838204942643642
168,0.004827987402677536
1596,0.004821572219952941
802,0.0048155460972338915
1979,0.004807150922715664
757,0.004806286888197064
322,0.004788672085851431
39,0.004770431900396943
1925,0.004765709163621068
90,0.004759184084832668
1470,0.004756174515932798
1993,0.004723335150629282
238,0.004711448447778821
793,0.004708932712674141
1240,0.004682082450017333
985,0.004656904377043247
1737,0.004648097092285752
616,0.0046424176543951035
673,0.004597177729010582
870,0.00455920584499836
916,0.004558301065117121
1308,0.004546226933598518
251,0.004541544942185283
1547,0.0045292372815310955
306,0.004528814693912864
1541,0.004527572309598327
1540,0.004514386178925633
1065,0.004503245465457439
1338,0.004488550126552582
284,0.004472213098779321
135,0.004464549012482166
975,0.004453002940863371
835,0.004449155647307634
420,0.004445787984877825
1218,0.004439272452145815
1837,0.004428617190569639
571,0.0044264576863497496
1881,0.004404495004564524
1766,0.00438649533316493
1179,0.004376423079520464
1908,0.004363103304058313
466,0.004359263926744461
1885,0.004352794494479895
545,0.0043452088721096516
917,0.004328928189352155
432,0.004322353983297944
1643,0.004310122225433588
1094,0.004277995554730296
1010,0.004275627434253693
1935,0.004255806328728795
1442,0.004254165338352323
844,0.00422639911994338
9,0.004216369241476059
1745,0.004212930565699935
1948,0.004206852056086063
1677,0.004200983326882124
800,0.004192205611616373
1765,0.004185963422060013
1127,0.004183282144367695
1902,0.0041801827028393745
1879,0.0041581131517887115
1153,0.0041387195233255625
981,0.004106490174308419
657,0.004075828939676285
1163,0.0040655601769685745
1254,0.004051722586154938
1882,0.004045377718284726
1912,0.004041227512061596
1527,0.004035564139485359
574,0.004028334515169263
634,0.004004532005637884
569,0.003990713972598314
209,0.003982242196798325
1274,0.003981777001172304
1662,0.003976934123784304
876,0.003963510040193796
29,0.003953841282054782
1959,0.003946649609133601
809,0.003934383392333984
230,0.003927992191165686
204,0.0039194144774228334
1160,0.003909953637048602
1483,0.0039024637080729008
1106,0.0039014024659991264
406,0.0038978499360382557
818,0.003890208783559501
1700,0.0038858408806845546
279,0.003882728284224868
631,0.0038820800837129354
1506,0.0038812817074358463
220,0.003876898088492453
1212,0.0038743935292586684
1115,0.0038437230978161097
1566,0.0038413804722949862
1017,0.003840280813165009
1620,0.0038383057108148932
258,0.003837036667391658
901,0.0038348749512806535
62,0.0038203001022338867
368,0.0038177004316821694
138,0.0037995086750015616
3,0.0037926746299490333
1989,0.0037913864944130182
69,0.0037856256822124124
1493,0.0037810178473591805
829,0.0037720637628808618
77,0.0037688860902562737
200,0.0037284059217199683
980,0.003727116622030735
1304,0.003720462555065751
1888,0.0036555426195263863
1947,0.0036416591610759497
897,0.003629815299063921
1707,0.0036092447116971016
799,0.003605577745474875
132,0.0036037852987647057
34,0.0035990315955132246
1057,0.003556471783667803
1015,0.003551008994691074
18,0.00353707792237401
1666,0.0035336875589564443
1759,0.00351150706410408
1172,0.003487843554466963
1031,0.003483384847640991
1380,0.0034828936913982034
1012,0.003475380130112171
1559,0.003457319224253297
1794,0.0034546764800325036
642,0.003449559910222888
1422,0.0034476392902433872
839,0.003409546334296465
1905,0.00340375117957592
610,0.0034006445202976465
1138,0.0033970060758292675
70,0.0033833672059699893
152,0.0033544390462338924
449,0.0033532199449837208
87,0.0033511293586343527
1952,0.0033510291250422597
707,0.0033418730599805713
784,0.003331593004986644
560,0.0033294372260570526
1202,0.0033269429113715887
729,0.003324956283904612
1731,0.0033140378072857857
176,0.00328684039413929
165,0.0032727597281336784
59,0.003254248760640621
668,0.0032283433247357607
676,0.0032054699258878827
479,0.003201967687346041
1580,0.0031733076320961118
1186,0.0031479893950745463
1452,0.0031302745919674635
1389,0.003130265511572361
1652,0.003128437092527747
28,0.003111782716587186
22,0.003110024961642921
884,0.0030899392440915108
1895,0.0030865762382745743
1505,0.0030739704379811883
1932,0.0030693052103742957
78,0.003045551013201475
1090,0.0030087666818872094
1687,0.003002771525643766
243,0.002986191655509174
436,0.002983422949910164
964,0.0029789541149511933
1303,0.0029754501301795244
910,0.002959773875772953
177,0.0029284018091857433
1244,0.002925921231508255
986,0.0028895954601466656
866,0.0028884736821055412
1439,0.0028649817686527967
253,0.002835770370438695
1450,0.002780542941763997
907,0.0027802870608866215
345,0.0027775592170655727
537,0.002767212688922882
526,0.002765695098787546
519,0.002756874426268041
1813,0.0027468623593449593
798,0.002733714645728469
1866,0.0027270602295175195
1815,0.0026966497534886003
30,0.002695472678169608
1206,0.002694274764508009
662,0.002694062306545675
900,0.002691596746444702
1835,0.0026749782264232635
1742,0.0026629576459527016
1855,0.0026424569077789783
85,0.002632291056215763
1077,0.002630589180625975
105,0.0026287640212103724
528,0.0026105487486347556
275,0.0026058247312903404
682,0.0026003068778663874
1887,0.0025895426515489817
375,0.0025769886560738087
299,0.002576365484856069
1059,0.002574217040091753
1315,0.0025741695426404476
779,0.0025716183008626103
1913,0.0025595439365133643
1655,0.0025392125826328993
1238,0.0025258208625018597
967,0.002523246919736266
354,0.002522485447116196
257,0.0025104586966335773
1740,0.002509351121261716
226,0.002505161566659808
1840,0.0024935504188761115
1592,0.0024932953529059887
1595,0.0024862384889274836
1966,0.0024832398630678654
1788,0.0024828098248690367
1849,0.002482503652572632
1973,0.002478239359334111
362,0.0024755399208515882
60,0.0024711732985451818
1117,0.0024410317419096828
1557,0.0024349531158804893
1379,0.002416010946035385
1210,0.0024043830344453454
487,0.0023966816952452064
661,0.00235151220113039
745,0.0023347322130575776
342,0.0023153533693403006
130,0.0022779330611228943
446,0.002276779501698911
387,0.002275798935443163
836,0.0022681639529764652
987,0.002267183270305395
955,0.002232251688838005
500,0.0022141874069347978
1911,0.0021937970304861665
1807,0.002183835837058723
148,0.0021797866793349385
1568,0.0021789493039250374
1967,0.0021748703438788652
1430,0.002173176617361605
609,0.0021223181392997503
478,0.0020964319119229913
1984,0.0020957952365279198
1216,0.0020948705496266484
1297,0.0020939072128385305
1181,0.0020645285258069634
227,0.00204808556009084
497,0.0020330569241195917
1468,0.001996753620915115
997,0.001992154400795698
1194,0.0019891313277184963
172,0.0019659915706142783
1787,0.001959805376827717
1373,0.001948724442627281
11,0.0019224532879889011
1231,0.0019206475699320436
889,0.0019160527735948563
190,0.001911829225718975
1392,0.001910789986141026
963,0.0019018232123926282
688,0.0018930104561150074
303,0.0018901228904724121
841,0.001888846920337528
1420,0.001880962576251477
67,0.0018791684415191412
113,0.001875313464552164
1159,0.001855982409324497
439,0.0018450786592438817
43,0.0018223055521957576
35,0.0018196668825112283
1894,0.0018069057841785252
1242,0.001802725368179381
1348,0.0017871108138933778
582,0.0017812984297052026
1474,0.0017774253501556814
146,0.0017538901884108782
1597,0.001734261168166995
861,0.0017311031697317958
555,0.0017123540746979415
1790,0.0016965753166005015
1260,0.0016919970512390137
535,0.0016800901503302157
1411,0.001675677252933383
96,0.001669109391514212
1458,0.0016424805507995188
1147,0.0016343326424248517
1109,0.0016341886948794127
1128,0.0016339184949174523
1259,0.00162705680122599
318,0.0016219911631196737
484,0.0016184475971385837
17,0.0016173254698514938
1011,0.001607691403478384
1545,0.0016049076803028584
1486,0.0015685915714129806
1246,0.001559322641696781
675,0.0015569059178233147
401,0.0015534153208136559
86,0.001550816057715565
850,0.0015443438896909356
501,0.0015422504511661828
1311,0.001527976244688034
326,0.0015266823465935886
1415,0.0015173949650488794
454,0.0015169716207310557
426,0.0015078461146913469
1201,0.001506705186329782
1729,0.001498859899584204
1495,0.0014898251974955201
1604,0.0014813754241913557
1734,0.0014534005895256996
1227,0.0014486972941085696
1757,0.0014481706311926246
1555,0.0014394515310414135
1262,0.0014390136930160224
310,0.001436764607205987
650,0.001429239462595433
1165,0.0014173273812048137
31,0.0014045893331058323
1542,0.0014037984074093401
1833,0.0014018152141943574
643,0.001395865750964731
355,0.0013784432667307556
37,0.0013688213075511158
333,0.0013621001271530986
1730,0.00134328001877293
1812,0.0013294229283928871
943,0.0013292962685227394
1176,0.0013096234761178493
663,0.0013070845743641257
438,0.0012998768361285329
4,0.001299407857004553
1118,0.0012979749590158463
1157,0.0012963685439899564
1816,0.0012918772408738732
721,0.00129149534041062
516,0.0012770359171554446
913,0.00126230699243024
817,0.0012595506268553436
908,0.0012494806433096528
5,0.001248260261490941
1220,0.0012270004954189062
1337,0.001215501339174807
678,0.0012132204719819129
1853,0.0012095061247237027
567,0.0011876154458150268
1832,0.0011644690530374646
1946,0.001161942898761481
1417,0.0011585087631829083
334,0.0011419658549129963
341,0.0011337634641677141
1000,0.0011307093081995845
213,0.0011182453599758446
1767,0.0011168214259669185
899,0.0010960515355691314
954,0.0010942928493022919
1334,0.0010891209822148085
1475,0.0010883357608690858
1394,0.0010769097716547549
1473,0.0010574735351838171
852,0.001056480163242668
1535,0.00104523851769045
1076,0.0010377673897892237
1722,0.0010350753436796367
720,0.0010344996117055416
1309,0.0010255496599711478
185,0.0010102768428623676
622,0.0009979749447666109
950,0.0009847689652815461
790,0.0009825571905821562
52,0.000980589771643281
1107,0.0009775895741768181
1074,0.0009726888383738697
311,0.000969762186286971
1095,0.0009630360582377762
493,0.0009591010748408735
386,0.000952665344811976
277,0.0009484213078394532
1391,0.0009430876234546304
1198,0.0009420074056833982
49,0.0009320259559899569
1708,0.0009222166845574975
471,0.0009202139917761087
287,0.000919929938390851
1440,0.0009140685433521867
1782,0.0008984021842479706
920,0.0008942198473960161
1956,0.0008872034377418458
1230,0.0008779908530414104
1019,0.000869454350322485
1321,0.0008640029991511256
348,0.0008616239647381008
1675,0.0008367642294615507
686,0.0008340976783074439
1325,0.0008313728030771017
810,0.0008284454233944416
161,0.0008281685295514762
1781,0.0008084282744675875
1748,0.0008025703718885779
788,0.0008015721396077424
1316,0.0007973634637892246
1200,0.0007652305066585541
651,0.0007575037598144263
445,0.0007485665264539421
892,0.0007278744014911354
926,0.0007084025419317186
1951,0.0007070036954246461
1778,0.0007043292571324855
1141,0.0006940292660146952
1052,0.0006913822144269943
1510,0.0006877556152176112
1047,0.0006854190141893923
123,0.0006818439578637481
697,0.0006702653772663325
596,0.0006654562894254923
773,0.000664135382976383
524,0.0006596441962756217
1565,0.0006581013440154493
1251,0.0006577952881343663
435,0.0006546742224600166
19,0.0006514872657135129
853,0.0006443228048738092
330,0.0006415366660803556
1063,0.0006404079904314131
1301,0.0006376742385327816
1654,0.0006374939111992717
1842,0.0006293549668043852
295,0.000627504603471607
280,0.0006229640275705606
126,0.0006164730002637953
558,0.0006047614733688533
1953,0.0005890528846066445
1786,0.0005860621749889106
970,0.0005763624794781208
891,0.0005464244168251753
1741,0.0005371514707803726
1647,0.0005325808888301253
1258,0.0005154418759047985
1352,0.0005132092046551406
513,0.0005111913487780839
1344,0.0004950114234816283
1897,0.0004765877383761108
966,0.00045983470045030117
1534,0.0004410124965943396
399,0.000438527888036333
753,0.0004381848266348243
1319,0.0004371330142021179
1223,0.00042622625187505037
417,0.0004212721833027899
1481,0.0004154657945036888
7,0.0004141287936363369
188,0.00041377838351763785
821,0.00041089893784374
1703,0.00041086491546593606
747,0.00039887026650831103
804,0.0003840215504169464
208,0.00036800518864765763
1075,0.0003590006963349879
1295,0.00035581403062678874
1204,0.00035514988121576607
687,0.0003475575795164332
1445,0.00034261849941685796
1438,0.00034220656380057335
1257,0.00033518012787681073
1920,0.0003240059450035915
1998,0.00032254436518996954
630,0.00031637519714422524
1543,0.0003111509868176654
1744,0.0003060954186366871
536,0.0003029573417734355
340,0.00028730655321851373
575,0.00028665091667789966
1796,0.0002715177834033966
1697,0.00025824371550697833
1293,0.00024081380979623646
61,0.00023900590895209461
880,0.00021208077669143677
1726,0.00019428271480137482
1085,0.00018936337437480688
538,0.00018719454965321347
1112,0.0001828609747462906
1331,0.00018052573432214558
360,0.00017252199904760346
1180,0.00013553672761190683
932,0.00012787416926585138
403,0.0001229650224559009
1374,0.0001219887999468483
1454,9.999930989579298e-05
904,8.365064786630683e-05
1880,6.764739373466e-05
998,5.04489380546147e-05
1367,4.0005559640121646e-05
385,3.4537177270976827e-05
1943,3.085622483922634e-05
1524,3.0113949833321385e-05
717,2.77351191471098e-05
1848,-9.385496377944946e-05
502,-0.00011960044503211975
1310,-0.00027585256611928344
1358,-0.00038201536517590284
1983,-0.0005013433983549476
1041,-0.0005690002581104636
1929,-0.0006638854974880815
429,-0.00070705555845052
859,-0.000737338064936921
743,-0.0008784011006355286
1135,-0.0009899907745420933
1732,-0.0010620863758958876
1131,-0.001082094619050622
1981,-0.0011575790122151375
1371,-0.0015298702055588365
1174,-0.0016468921676278114
1288,-0.002146625309251249
512,-0.0026848609559237957
1435,-0.0027610266115516424
1809,-0.0029441560618579388
929,-0.0032249148935079575
858,-0.0032666802871972322
143,-0.003318972885608673
1852,-0.003702574409544468
261,-0.0040579671040177345
881,-0.0041228849440813065
1478,-0.004744031932204962
1874,-0.004879780113697052
1263,-0.005879132077097893
714,-0.0061429403722286224
1863,-0.006380170583724976
649,-0.006682338658720255
1018,-0.006852652877569199
120,-0.0071996659971773624
1972,-0.0077325773891061544
718,-0.007779276464134455
181,-0.009631830267608166
351,-0.011839821469038725
210,-0.012818326707929373
855,-0.013050909154117107
1806,-0.013082282617688179
1963,-0.013428376987576485
1502,-0.013522380962967873
1409,-0.013845656532794237
914,-0.014516981318593025
1891,-0.015061470679938793
1432,-0.015131997875869274
282,-0.015219309367239475
1988,-0.015525671653449535
1091,-0.01595696061849594
1476,-0.01653270423412323
617,-0.016845254227519035
723,-0.016918258741497993
370,-0.01831082720309496
1570,-0.019198622554540634
972,-0.019471926614642143
607,-0.019681783393025398
121,-0.020106399431824684
621,-0.020503558218479156
283,-0.022388242185115814
921,-0.02268344722688198
1692,-0.02322712540626526
599,-0.02375771477818489
1926,-0.02516060322523117
1878,-0.025254901498556137
665,-0.02550002746284008
1237,-0.02712666615843773
1733,-0.02713245153427124
1727,-0.02938686776906252
1228,-0.03065526019781828
462,-0.03184063732624054
1087,-0.03358469530940056
1803,-0.035585105419158936
1937,-0.035813745111227036
80,-0.04084712266921997
1691,-0.04097418487071991
55,-0.041480014100670815
1360,-0.041605670005083084
1605,-0.04228654131293297
764,-0.04570586234331131
1561,-0.04838165268301964
746,-0.053993552923202515
1167,-0.058397576212882996
1327,-0.061528487130999565
1133,-0.0690695084631443
1183,-0.07012423872947693
159,-0.07016676664352417
68,-0.07057702541351318
1070,-0.07488187402486801
1789,-0.07599830627441406
1305,-0.07887540012598038
92,-0.08020550385117531
374,-0.08171838521957397
1339,-0.09036964178085327
715,-0.09404551237821579
1546,-0.09572955220937729
1518,-0.0964532122015953
593,-0.09727691859006882
1137,-0.10446751117706299
801,-0.1054755300283432
1006,-0.10844346135854721
245,-0.10994189977645874
1678,-0.11345531046390533
1582,-0.11489865183830261
719,-0.11681778356432915
893,-0.11965316161513329
14,-0.12007036805152893
27,-0.12711883336305618
1365,-0.12870389223098755
305,-0.13222728669643402
1583,-0.1350167691707611
680,-0.13809365034103394
553,-0.13913752138614655
957,-0.13937898725271225
659,-0.13995923846960068
652,-0.14219969511032104
1844,-0.14358579367399216
64,-0.1474124640226364
1402,-0.1503063216805458
1320,-0.1503157615661621
741,-0.15224061906337738
1838,-0.15704917907714844
474,-0.16545993834733963
1384,-0.16676148027181625
313,-0.1692839413881302
463,-0.16960139572620392
494,-0.17356513440608978
107,-0.17435827106237411
270,-0.1870213747024536
480,-0.1879054605960846
1,-0.1935233175754547
782,-0.1941794827580452
1836,-0.1954536736011505
228,-0.20468949526548386
1810,-0.20523656904697418
633,-0.20857133716344833
1634,-0.2100621908903122
1922,-0.2207736372947693
539,-0.22722914814949036
1504,-0.2318911850452423
1088,-0.23367434740066528
1121,-0.23907122015953064
742,-0.23912231624126434
523,-0.24320971965789795
1078,-0.24564586579799652
149,-0.24634923785924911
1267,-0.26258231699466705
180,-0.2653811275959015
962,-0.2698226720094681
1533,-0.27131257951259613
1823,-0.27339209616184235
440,-0.31624050438404083
249,-0.3297985941171646
711,-0.3404848575592041
1549,-0.3469816744327545
654,-0.36139976978302
1750,-0.3655611276626587
761,-0.3813091218471527
358,-0.3824537992477417
1134,-0.41304004192352295
1886,-0.45541831851005554
1323,-0.46341168880462646
771,-0.5172726511955261
1955,-0.5305406451225281
777,-0.548091858625412
1718,-0.5572252571582794
716,-0.673511803150177
382,-0.6863424777984619
1340,-0.7078516185283661
