id,label
13197,0
20317,0
3996,0
18853,0
14354,0
32359,0
7235,0
17435,0
4291,0
46020,0
21180,1
43637,0
2606,0
37884,0
24702,0
472,0
8825,0
38672,1
41250,1
24685,0
30200,0
475,0
20897,0
10556,1
15734,1
6153,0
2320,0
51889,0
3655,0
39595,0
14708,0
51064,0
8070,0
24307,0
15185,0
20083,0
22856,0
21762,0
27847,1
21776,0
29069,1
16140,0
7800,0
40146,0
36115,1
42565,1
16311,0
50735,0
27491,0
33996,0
1983,0
10307,0
7324,1
32350,0
33362,1
4737,1
29185,0
3613,0
21032,0
13919,0
51919,0
27423,0
26130,0
49171,0
51580,0
30003,0
11594,0
8083,0
2237,1
7287,0
5770,0
23728,0
17563,1
34137,0
30405,0
43114,0
36148,0
21806,0
33375,0
32258,0
19765,1
41274,0
53451,0
22183,0
34542,0
8987,0
22376,0
36559,0
39508,0
17184,0
21779,0
39891,1
52859,0
41380,1
31414,0
31405,1
29450,0
7406,0
7979,0
25179,0
34455,0
29797,0
14234,0
18077,1
35308,1
9019,0
48005,0
21922,0
6370,0
44526,0
49935,0
42499,0
8510,0
48367,0
21949,0
27371,1
16041,0
6723,0
3132,0
42263,0
36442,1
3830,0
41347,0
21766,0
1807,0
31550,0
24255,1
39922,0
7662,0
32524,0
49437,0
11850,0
24751,0
53411,1
51143,0
16785,0
12424,0
23602,0
37074,0
35249,0
15173,0
27384,0
19025,0
39629,0
16509,0
12878,1
50871,0
14083,0
41260,0
29211,0
42874,1
4196,0
48412,0
43259,0
32582,0
9573,0
47256,1
8143,0
18030,0
28082,0
33719,0
7445,0
21855,0
29511,0
27483,0
22317,0
25982,0
46933,0
43097,0
13569,0
1139,0
28874,1
24975,0
34625,0
43369,0
30871,0
11981,0
46042,0
41437,0
39425,0
17824,0
43969,0
3398,0
4267,0
46770,0
49097,0
44616,0
5263,1
21013,0
40867,1
25498,0
33505,0
2127,0
23811,0
32265,0
40336,0
23363,0
52550,0
17233,0
21254,0
21498,0
26793,1
17852,0
5232,0
42440,1
11460,0
37347,0
30535,0
33015,0
14979,0
30779,0
29486,0
17021,0
45165,0
29059,1
25571,0
38729,0
5399,0
30781,1
12672,0
39847,0
36133,0
6229,0
31339,0
51213,0
1768,0
52202,0
13988,0
51264,0
25848,1
11835,0
43194,0
38684,0
19424,0
733,0
14607,0
53745,0
46891,0
42890,0
27587,0
24801,0
2655,0
6799,0
20514,0
51553,0
5853,0
11488,0
20817,1
23188,0
49956,0
46769,0
31790,0
24409,0
23090,0
41791,0
32428,0
47616,0
24606,0
41383,0
38175,0
16560,1
16562,0
52996,0
28645,0
3446,0
47029,0
24600,0
40851,0
15101,0
31732,0
28296,0
8742,0
20388,0
22055,0
6147,0
10304,0
44317,0
44560,0
13795,0
27495,0
47928,0
40500,0
48788,0
21505,0
34460,1
52977,0
16736,0
18316,0
39745,1
5659,0
32120,1
37351,0
29594,0
37621,0
36666,0
989,0
28720,0
42949,0
28805,0
29962,0
7218,0
4657,0
2763,0
42547,1
46721,0
27549,1
43102,0
909,0
50057,0
5256,0
41855,0
17693,0
48955,0
38424,0
7299,0
20776,0
14318,0
9050,0
38387,0
42577,0
23605,0
6151,0
5604,0
38981,0
11126,0
6108,0
29613,0
15435,0
37495,0
26489,1
37075,0
2931,0
11268,0
31645,0
46653,0
36765,0
27670,0
4805,0
9818,0
7654,0
33475,0
24293,0
8025,0
25274,0
5191,0
51694,0
10802,0
46518,0
45588,0
25529,0
28211,0
15375,0
24543,0
46500,0
38749,0
10227,0
39599,0
3660,0
35130,0
23826,0
35396,0
43681,1
51962,0
46021,0
11764,0
16374,0
16263,0
10082,1
44405,0
14208,1
34104,0
37929,0
10689,1
4560,0
38920,0
31304,0
40298,0
33195,0
41502,0
43587,0
46827,0
1050,0
33135,0
45332,1
38799,0
11685,0
30414,0
15456,0
41557,0
3414,0
4392,0
53721,0
10358,1
45125,0
15291,0
21665,1
4265,0
4520,1
21924,0
23376,0
30457,0
27655,0
3466,0
21370,1
14996,0
858,0
46492,1
34915,0
18727,0
42300,0
8476,1
19789,0
45196,0
28029,0
13480,0
15431,0
45174,0
16477,0
50002,0
4149,0
12530,1
14880,1
30466,0
1697,0
41279,0
41349,0
32583,0
7557,0
41336,0
3771,0
15019,0
49160,0
991,0
50878,0
31559,0
28091,0
17979,0
518,0
12893,0
27816,0
32995,0
44087,0
41063,0
4823,0
32890,0
2888,1
49064,1
20046,0
3845,1
44660,0
7568,0
35380,0
7823,0
52632,0
30108,0
50172,0
12616,1
10576,1
30764,0
44838,0
5714,0
14294,0
35328,0
32267,0
1088,0
36914,0
37266,0
35886,0
28873,0
51652,0
19805,0
16204,0
52005,0
35293,0
28853,0
31799,0
26726,0
34558,0
42383,0
53318,0
34357,0
595,0
37382,1
52075,1
12561,0
12485,1
7405,1
45919,0
50664,0
21975,0
2042,0
28856,1
18620,0
23561,0
49733,0
13756,0
9643,0
14064,0
30597,0
16988,0
41485,0
502,0
20517,0
43136,0
831,0
23591,0
44765,0
36125,0
40730,0
7269,0
29132,0
36100,0
4631,0
21604,0
26556,0
19671,0
11508,0
47964,0
21763,0
2116,0
26750,0
53729,0
36635,0
38539,0
21132,0
26290,1
3041,0
46256,0
33541,0
5565,0
3053,0
44742,0
33900,0
48299,0
18882,0
17182,0
38044,0
14720,0
47880,0
20787,0
27674,0
51535,0
13294,0
48324,1
45363,0
50383,0
25720,0
45540,1
53013,1
40187,0
23431,0
13254,0
2403,1
15139,0
51072,0
2859,0
29253,0
52374,0
8024,0
35043,0
8365,0
13739,1
601,0
44534,0
8869,0
34602,0
32037,0
4977,0
10764,0
24117,0
37077,0
36293,0
3331,0
46389,0
31248,0
49210,0
35051,0
22281,0
36022,0
9618,1
2563,0
6350,0
52885,0
44970,0
52293,0
20066,0
49103,0
35290,0
1432,0
18233,0
11691,0
32829,0
35625,1
3836,0
50733,0
29276,0
37744,0
16743,0
25722,0
15706,1
27036,0
24040,0
21620,0
27073,0
37565,0
51849,0
22285,0
28800,0
32191,0
11883,1
29325,1
756,0
7990,0
46936,0
2731,0
49345,0
53917,0
15413,0
36596,0
37659,0
21944,0
18861,0
50327,0
41749,0
24475,0
11532,1
19625,1
2046,0
48100,0
13418,0
7954,0
20533,0
45234,0
34525,1
9995,0
30554,0
7308,0
37333,0
23134,0
25269,0
17943,0
22175,0
23634,0
20012,0
32391,0
1195,0
28389,0
21171,0
33257,0
28744,0
1641,0
10552,0
25603,0
34961,0
15439,0
11316,0
1274,0
44692,0
7911,0
9125,0
35248,1
4210,0
53087,0
40309,0
41741,0
52692,0
41123,0
2785,0
28926,1
22485,0
24436,0
38613,0
37827,0
48333,0
9041,0
48116,0
25400,0
46171,0
48859,0
27585,0
23419,0
49828,0
21571,0
4103,0
37940,0
30093,0
45602,0
20236,0
33463,0
29835,0
41129,0
22037,1
23084,1
51329,0
15685,0
19252,0
47498,1
48429,0
52832,0
48852,0
25973,1
40376,1
2512,0
16916,0
12678,0
41208,0
10001,0
28556,1
43703,0
51565,1
28524,0
16803,0
40445,0
49028,0
16649,0
42615,0
1841,0
18791,1
46506,1
5686,0
47895,0
15070,0
44761,0
30493,0
23995,0
34939,0
38311,0
52961,0
47174,0
4606,0
42482,1
22852,0
3579,0
20683,1
585,0
40951,0
19196,0
1100,1
22474,0
40102,0
15009,0
43789,0
25791,0
19014,0
9333,0
46222,0
6774,0
53879,0
2656,0
31539,0
6310,0
29634,1
32399,0
19033,0
53876,0
48918,0
22277,1
36136,0
4311,0
37406,0
51825,1
51198,0
30982,0
16256,0
51879,0
21558,0
22750,0
1071,0
28322,0
26268,1
14321,0
37457,1
45440,0
12869,0
16652,0
42177,0
9783,0
2611,0
49368,0
43659,0
46886,0
25555,0
39263,1
9396,0
14705,0
52923,0
23849,0
11287,0
46977,1
28973,1
16305,0
20340,0
35604,0
33799,0
27053,0
14004,0
6770,0
38804,0
48731,1
52341,0
7380,0
7732,0
33289,0
17252,0
14538,0
3038,0
37023,0
48606,0
44479,0
7113,0
12897,0
39942,1
9163,0
5888,1
13363,0
772,0
11469,0
18254,0
29609,0
32319,0
18804,0
12192,0
31810,0
41089,0
24296,0
34188,0
52994,0
39433,0
53062,0
43920,0
15169,0
6382,0
11665,0
9436,0
43868,0
47660,0
4318,0
15336,0
10784,0
22595,0
36274,0
5332,0
33042,0
53783,0
48503,0
43595,0
13337,0
13279,0
48976,0
38926,0
15472,1
43000,0
2062,0
1462,0
23137,0
4922,0
33127,0
41444,0
48076,0
9456,0
47161,0
30827,0
5130,0
40977,0
10058,1
26871,0
2308,0
1624,0
13238,0
28876,1
35199,0
34496,0
44597,0
47279,0
45452,0
48929,1
43331,0
27414,0
10467,0
47312,0
16880,0
52821,1
15423,1
35540,0
15283,0
24142,1
52728,0
32753,0
852,0
16755,0
33297,0
12265,0
4862,0
35711,0
48814,0
43574,0
16928,0
7058,0
38959,0
22902,0
51884,0
19209,0
25173,0
11748,0
43800,0
2654,1
42607,0
272,1
46516,1
35531,0
31514,0
23034,0
18776,0
43750,0
23938,0
8441,0
42212,0
35739,0
31024,0
38090,0
48329,0
53214,0
39113,0
38969,1
4925,0
37098,0
34993,0
37855,0
41096,0
35987,0
10277,0
53360,0
32476,0
40342,0
24956,0
3043,0
40154,0
4476,0
27923,0
48717,0
16967,0
34205,0
38931,0
28454,0
13807,0
4607,0
27436,0
15910,1
21578,0
4506,0
37468,0
28320,0
36680,0
27262,0
43445,0
48218,0
21309,0
27357,0
44935,0
37839,1
7870,0
17613,0
50418,0
3580,0
11125,0
30354,0
8980,0
5400,0
20159,0
27389,0
22499,0
29195,0
44667,0
26104,0
38287,0
5521,0
53356,0
8888,0
47602,0
46011,1
22538,0
48054,0
7046,0
47943,0
48675,0
40766,0
46264,0
51203,0
13896,1
39628,0
2050,0
16828,0
51140,0
17634,1
27025,1
14967,0
25662,1
25082,0
44316,0
42254,0
34910,0
24242,0
33865,0
23124,0
41554,0
45245,0
3346,0
7509,0
49556,0
4586,0
34453,0
35716,1
48514,1
50989,0
15544,1
2794,0
15683,0
6852,1
50765,0
714,0
630,0
4101,1
41470,0
51789,0
38337,0
38554,0
13040,0
26894,1
14254,0
6778,0
27609,0
30368,0
23837,0
27227,0
15781,0
27379,0
8061,0
30734,1
22528,0
4564,0
11871,1
42246,0
8186,0
49120,0
28931,0
35750,0
28894,0
7404,0
29142,0
38633,0
6913,0
22421,0
35718,0
45116,0
17190,1
19776,0
8213,0
40954,0
13780,0
7022,0
26378,0
36373,0
34439,1
11111,0
52349,1
39183,0
50887,1
19155,1
22558,0
52127,0
35100,0
22303,1
30442,0
50190,0
47951,0
10748,0
30906,0
53379,0
28012,0
8062,1
2117,0
26486,0
3122,1
19232,0
22404,0
24002,1
40262,1
48962,0
27453,0
14565,0
24123,1
43201,1
37966,0
47247,0
2393,1
22031,0
5783,0
32618,0
45973,0
34893,1
18197,0
16906,0
35898,1
7477,0
26746,0
788,0
10123,0
35469,0
5406,0
38171,0
15125,0
42771,0
37539,0
8626,1
19976,0
44717,0
50921,0
50036,0
3435,0
53413,0
16677,0
23418,0
38003,0
17440,0
33264,0
25434,1
37116,1
23013,1
7731,0
12684,0
17756,0
39827,0
24821,0
45262,0
32170,0
6795,0
47851,0
38480,0
48723,1
4349,0
1244,1
18705,1
4992,0
48781,0
27798,0
49675,0
35932,0
5681,0
20556,0
36229,0
40921,0
10287,0
11666,0
1519,1
51640,0
38622,0
38917,0
26129,0
18865,0
22532,0
12548,0
5723,0
46999,0
32345,0
49817,0
10535,0
32678,0
1617,0
31175,0
27808,0
11209,0
26057,0
37404,0
11036,1
51212,0
22680,0
7224,0
29042,0
22708,0
13263,0
33759,0
9176,0
21102,1
13512,0
28508,0
52228,0
22534,0
35162,0
51211,0
11355,0
17063,0
40412,1
33749,0
34436,0
43456,0
45383,0
20921,0
33713,0
16952,1
43463,0
30399,0
30186,0
43041,0
23302,0
32595,0
50378,0
40241,0
19569,0
45819,0
27718,0
9945,0
7192,0
44135,0
574,1
26786,0
6962,0
42619,0
30335,0
27742,0
6842,0
12788,1
25463,0
46517,0
27142,0
27478,0
32018,0
18377,0
51322,1
18845,0
15837,0
31000,1
52531,0
18058,0
14549,0
3487,0
42840,1
10468,0
28477,0
23911,0
14117,0
53752,0
42588,1
46985,0
22573,0
7459,0
17666,0
43651,0
42226,0
31150,0
5942,0
28585,0
44752,0
47322,0
3839,0
13274,0
34150,0
19395,0
25479,0
48250,0
2230,0
6273,0
44709,0
47056,0
23524,0
36013,0
33180,0
33920,0
49037,0
35060,0
47725,0
47176,0
40625,0
26733,1
2263,0
9008,0
44851,0
6818,0
19415,0
48061,0
33331,0
40180,0
23309,0
50722,0
1277,0
48624,0
50967,0
7620,0
14303,1
16617,0
29740,0
26565,0
14848,0
40838,0
46959,0
36763,0
20380,0
40916,0
6505,0
52646,0
30636,0
29314,0
47288,0
40641,0
26694,0
30292,0
47067,1
2909,1
51844,0
44757,0
3817,0
35924,0
7084,0
1153,0
40538,0
35793,0
18447,0
7437,0
14188,0
37729,0
43236,0
53695,0
30947,0
26663,0
28784,0
12162,0
29590,0
197,1
5448,0
25327,0
38413,1
17237,0
38457,1
12189,0
49619,0
7350,0
18304,0
31979,0
4817,0
44305,0
37568,0
48700,0
25865,0
37806,0
47125,0
49421,1
48562,0
49931,0
37135,0
34284,0
12793,1
4806,1
35078,0
48857,0
44829,0
53722,0
40490,1
24369,0
17121,0
37157,0
42810,0
25813,0
36785,0
10428,0
6598,0
18323,0
2283,1
35009,0
43972,0
3918,0
47192,0
52123,0
47097,0
50522,0
33142,1
27457,0
21334,0
32480,0
4656,1
36120,1
51551,0
25057,1
27426,1
13935,0
40536,0
26423,0
15383,0
2853,0
16490,0
49144,0
35143,1
46911,0
23384,0
9476,0
21036,0
31249,0
44044,1
6440,0
31001,0
34037,0
45243,0
35211,0
15803,0
53636,0
5913,0
52234,0
48482,0
42014,1
14058,0
23226,0
50842,0
16737,0
8781,0
24048,1
23094,0
30289,0
5865,0
49625,0
8529,0
27750,0
2666,1
52103,0
20415,0
14103,0
15342,0
16912,0
5184,0
12715,0
52158,1
6601,0
7246,1
12079,0
4088,0
48129,1
301,1
8208,0
22050,0
35649,0
15428,0
22263,0
23888,0
20760,0
48259,0
20983,0
4485,0
29834,0
1387,0
40764,0
49683,0
33708,0
14962,0
31874,0
53311,0
43327,1
12868,0
43319,0
33866,1
23079,1
25867,0
33179,0
13568,0
887,0
54,0
30347,1
13120,0
34713,0
18553,0
23842,0
21225,0
9282,0
5719,0
41187,0
1470,0
8906,0
18282,0
50381,1
6503,0
47800,0
38784,1
36427,0
33003,0
49648,0
5979,0
27019,0
28158,0
29123,0
27896,0
7953,0
2270,0
13305,0
47219,0
37649,0
38769,0
4027,0
24439,0
46156,0
26564,0
26254,0
39473,1
40292,1
29605,0
32807,0
50088,0
39953,0
50344,0
19127,0
12953,0
53452,0
5672,0
41635,0
25754,1
922,0
40026,0
1477,0
12934,0
16279,0
52714,0
45788,0
22834,0
21170,0
22136,0
21836,0
31381,0
50202,0
42835,0
49099,0
18205,1
28670,1
38019,0
32633,0
38180,0
42617,0
2870,0
9445,0
10644,0
18930,0
8628,0
20283,0
49237,0
13468,0
25761,0
27244,0
28665,1
46582,0
47169,0
1516,0
9510,0
35390,0
29131,0
8985,0
31456,0
47206,0
45398,0
49283,0
3213,0
34440,1
47898,0
51811,0
28354,0
4810,0
3155,0
42550,0
50324,0
35039,0
17293,0
31678,0
2146,1
52987,0
10728,0
27251,0
4048,0
35448,0
50385,0
2991,0
40539,0
22483,1
40621,0
14211,0
30656,0
16543,0
44081,0
34685,1
10878,0
39111,0
36637,0
4673,0
30171,0
26743,0
49035,0
21069,0
45931,0
21306,0
44415,0
15254,0
15754,0
34614,0
45333,0
17469,0
2281,0
19053,0
48547,0
12214,0
146,1
8578,1
53111,0
7874,0
14808,1
21660,0
48451,0
34260,1
48951,0
28327,0
23890,0
17386,0
2073,0
50285,0
194,1
10961,0
47563,0
3805,0
2948,0
23171,0
15145,0
31160,1
13088,0
25914,0
43060,0
11110,0
41869,0
24690,0
47403,0
42620,0
8256,0
1654,0
37814,0
19098,0
13878,0
18660,0
309,1
12177,0
18973,0
29417,1
21994,0
12505,0
8818,0
41286,0
36922,0
19179,0
42311,0
48584,1
28668,0
41742,0
8353,1
37890,0
34097,0
7957,0
27619,0
53560,0
28820,0
10579,0
21868,0
44278,0
22262,0
14260,0
20404,1
13102,0
18414,0
41445,0
27314,0
23803,1
28655,0
669,1
24654,0
9504,0
14559,0
6802,1
38431,0
17277,0
40464,1
44522,0
18069,0
8214,0
50073,0
26802,0
7748,0
19822,0
43373,0
30497,0
47706,0
11430,0
45832,1
29836,0
34721,0
16262,0
2485,1
31222,0
26848,0
14140,1
1957,0
39754,0
49766,0
3569,0
3176,0
21469,0
9781,0
9608,0
5754,0
17202,0
21954,0
26243,0
45753,0
1338,0
8319,0
38260,0
34435,0
1109,0
45575,1
33626,0
41552,0
9546,0
44668,0
33178,0
48973,0
38801,1
48025,0
1293,0
44093,0
51210,0
2937,0
23638,0
52744,0
1969,0
35821,0
28888,0
34221,0
25842,0
25277,0
36233,0
26696,0
39208,1
17641,0
15404,0
109,0
51169,1
20599,0
11794,0
20284,0
16974,0
16592,0
14712,1
35074,0
25856,0
31204,0
40314,0
21897,0
38671,0
20874,0
45844,0
4515,1
4136,0
50209,0
18042,0
51765,0
41270,0
9559,1
11331,0
6965,0
37754,0
40183,0
35986,0
5046,0
20926,1
21425,0
22066,0
49864,0
24088,0
23678,0
34328,0
32514,0
4917,0
27458,0
14161,1
45281,0
17858,0
28999,0
12827,0
46880,0
50175,1
30547,0
6064,0
50099,1
51255,0
26112,0
44570,0
38591,0
18296,0
36886,0
5331,0
36227,1
22568,0
52061,0
15313,0
11233,0
7310,0
53032,1
40059,0
19145,1
36690,0
22441,0
52043,1
785,0
25143,0
5667,1
35866,0
4440,0
2310,0
41615,0
49131,0
50992,0
45504,0
27424,0
1657,0
28170,0
20469,0
28658,0
51632,0
31528,0
4997,0
32689,0
29105,0
22162,0
32103,0
40561,0
41084,0
6295,0
3163,0
18819,1
35847,0
30626,0
16101,0
22506,0
19407,0
30915,0
7311,0
46831,0
11017,0
39858,0
11380,0
50849,0
3675,0
15177,0
6642,0
42746,0
12216,1
46947,0
13059,0
29831,1
51447,0
10593,0
15866,0
5435,0
37784,0
37176,0
51300,0
43947,0
42043,0
16330,0
53165,0
5655,0
1645,0
30709,0
14311,0
4252,0
2284,0
45519,0
25846,1
45127,0
24193,0
51773,0
25390,0
19403,0
34748,0
39773,0
7937,0
17499,0
15241,0
39884,0
23672,0
9240,0
37342,0
21707,0
40735,0
25062,0
24872,0
52176,0
22563,0
44713,0
31120,0
41768,0
49007,0
15673,0
40021,0
7470,0
192,0
19932,0
26667,0
10190,0
42775,0
42864,0
28337,0
26102,0
38677,0
16214,0
46309,0
16561,1
3285,0
23145,0
26578,0
41844,0
6482,0
30801,0
29277,0
14903,0
15788,0
51442,0
24745,0
23433,0
13781,0
14413,0
23167,0
18009,0
44516,0
16929,1
22649,0
15617,0
4830,0
47428,1
38188,0
28573,0
7476,1
49290,0
10442,0
20274,1
12491,0
40694,0
8714,0
10661,0
19952,1
34385,0
13932,0
53300,0
46988,0
48774,0
34784,0
47334,1
35502,0
44630,1
37794,0
46245,0
41320,0
35617,1
27589,0
17743,0
46949,0
7599,0
985,0
7788,0
23882,0
52532,0
48565,0
42698,0
38656,0
774,0
17033,0
14150,0
35334,1
30371,0
14797,1
49537,0
12178,0
18800,1
32422,0
24333,0
30256,0
53517,0
20826,0
15829,0
9080,0
23285,0
6143,0
7284,0
5525,0
13179,1
52998,0
31821,1
6312,0
52463,0
18497,1
9806,0
46400,1
31728,0
51662,0
28779,0
40698,0
6067,1
51543,0
28796,0
1427,0
34682,0
1494,0
47935,0
46561,0
18,0
33985,0
17109,1
48026,0
19628,0
4373,0
48314,1
44058,0
52928,0
27386,0
51449,1
328,0
52699,0
51220,0
32522,0
39440,0
51875,0
32947,0
53739,0
30726,1
51951,0
20420,1
43741,0
16582,0
35553,0
18971,0
48581,0
37586,0
677,1
40603,0
24568,0
19497,0
14252,0
29856,0
43688,0
2238,0
23273,0
13553,0
8938,0
23923,0
6290,0
18063,0
18680,0
24278,0
34567,0
24327,0
34701,0
12980,0
11352,0
23976,1
34386,0
6455,0
5621,0
14250,0
48362,0
48097,0
47444,0
15948,0
36000,0
18576,0
38350,0
36629,0
44726,0
27459,0
35876,1
35981,0
3654,1
10298,0
14125,0
46009,1
7808,0
29455,0
51056,0
14349,0
53046,0
26809,0
3578,0
10845,0
53834,0
39616,0
53391,0
41922,0
21486,0
49218,0
20981,0
4201,0
46717,0
52931,0
6030,1
42677,0
2411,0
48940,0
51223,0
21237,0
15483,0
17793,0
24809,0
7196,0
22468,0
49350,0
9133,0
42145,0
36250,0
3664,1
2368,1
20918,0
7391,0
52355,0
18445,0
3894,0
52886,0
33459,0
38263,1
44982,0
2772,0
1887,1
37290,0
8871,0
50916,0
30662,0
50122,0
16773,0
32159,1
11408,0
31296,0
38740,0
24440,0
1805,0
20241,0
38400,0
7618,0
38973,0
19245,0
44866,0
45566,1
41522,0
52291,0
947,0
14904,1
40973,0
2532,0
20972,0
50262,1
511,0
2174,0
6338,0
22447,0
2736,0
32498,0
10148,0
830,0
52717,0
42221,0
31631,0
25135,0
34267,1
21317,0
39041,1
38286,0
6235,0
53125,1
51680,0
43093,0
28817,0
45152,1
43729,0
18273,0
17576,0
50821,0
40761,0
24862,1
18118,0
51308,0
17029,0
33526,0
707,0
5241,1
50536,0
20479,1
52695,0
1362,0
35741,0
51653,0
7332,0
51296,1
31232,1
46065,0
20685,0
20625,0
44090,0
47765,0
1015,0
50502,1
22099,0
15589,0
50524,0
35791,0
29365,0
40076,1
37392,0
4218,0
7355,0
35103,0
49624,0
23539,0
36097,0
44407,0
14392,0
42964,0
34394,0
45044,1
9904,1
23219,0
30643,0
17806,0
29229,0
41302,0
24199,0
27654,0
15167,0
17524,0
17714,0
3962,0
18313,1
40898,1
3455,0
17577,0
25816,0
26219,0
48545,1
34253,1
34397,0
12014,0
45261,0
39478,0
1260,0
49140,0
30678,0
43218,0
45508,0
15805,0
13794,0
14775,0
25538,1
38240,0
13415,0
10400,0
40122,0
50163,0
29084,0
53819,0
49667,0
19491,0
7841,0
5360,0
1571,0
51812,0
22906,0
10044,0
27791,1
38720,0
4752,0
9641,0
42400,0
36183,0
24503,0
39537,0
53443,0
2925,1
1052,0
50238,0
39656,0
38641,0
53852,0
7325,0
41091,0
30732,0
20801,0
41484,0
17723,0
40028,0
26101,0
3307,1
38840,0
2802,0
12405,1
24754,1
53728,0
12133,0
28136,0
5480,0
2383,1
17710,0
14391,1
38393,1
35065,1
33044,0
49503,0
21333,0
34110,0
3465,0
53211,0
29539,0
53774,0
53423,1
24569,0
11804,0
23310,0
35758,0
11213,1
29134,0
6177,0
32869,0
25800,1
30487,0
15006,0
1347,0
15816,0
48919,0
24760,0
33029,0
11265,0
22451,0
46314,1
46984,1
35600,0
16278,0
12628,1
42606,1
8784,0
25971,0
9006,0
42032,0
6648,0
11801,0
27870,1
12527,0
11873,0
39739,0
22393,0
26426,0
51279,1
40329,1
5396,0
37733,0
20303,1
7783,0
53128,1
3319,0
8406,0
15141,0
45939,0
44331,0
40072,0
23548,0
8677,0
35505,0
10569,0
15636,0
13272,0
19258,0
35722,0
752,0
14036,0
28074,0
22901,0
36642,0
29425,0
4941,0
24682,1
40741,0
12539,0
1231,0
10583,0
28846,0
19867,0
31742,0
10323,0
32602,0
26464,0
30581,0
10704,0
39636,1
13169,0
13828,0
32348,0
5564,0
43202,0
34196,0
12634,0
10363,1
4789,0
45781,0
30304,0
14876,0
33756,0
32894,0
38859,1
27012,0
5341,0
45798,0
16661,0
41147,0
34692,0
52236,0
23456,0
12101,1
28560,0
5675,0
26842,0
38506,1
1485,0
43736,0
20097,1
22392,0
17671,0
6456,0
33837,0
33997,0
18501,0
26245,0
13860,0
46442,1
49765,1
8180,0
39580,0
46209,0
31334,0
31600,0
34183,0
52712,0
44101,0
46772,0
44138,0
9716,0
16875,0
13383,1
7464,0
1301,0
18952,0
46601,0
21621,0
4180,0
12726,0
30773,0
39144,0
32501,0
34604,0
12850,0
10684,0
39296,1
41543,0
28159,0
53158,0
4310,1
25747,0
17514,0
49927,0
23065,0
11446,0
41528,0
20540,0
40060,0
15588,0
959,0
10354,1
38271,0
5221,1
17920,0
44399,1
1573,0
44216,0
9812,0
28069,0
28710,0
45004,0
9373,0
9228,0
22235,0
50424,0
3888,0
39222,0
32042,0
41001,0
41616,0
42814,0
2071,0
15849,1
47710,0
9437,0
39926,1
633,0
39976,0
17326,0
8857,0
45459,0
51161,0
43580,0
21431,1
50604,1
7635,0
35357,0
6812,0
3605,0
30589,0
19736,0
27541,0
49577,0
3992,1
50230,0
611,1
42680,0
22341,0
28298,0
13672,0
7840,0
53040,0
16369,1
4567,0
40284,0
3716,0
39191,0
6002,0
1579,0
44364,0
4147,1
2120,0
50338,0
43098,0
23945,0
16346,0
18578,0
16137,0
3112,0
29904,0
10698,0
26391,0
20726,0
23450,1
31126,0
1066,0
26236,0
37860,0
6039,0
16889,0
28093,1
42031,0
19259,0
10333,0
52672,0
49903,0
12497,0
8815,0
43477,0
25032,0
32237,0
36845,0
26091,0
21884,0
14971,0
48322,1
32481,1
40214,0
16476,1
2142,0
15678,1
48125,0
9607,1
37562,1
19353,0
5510,0
1767,0
41779,1
32868,0
21003,1
21499,1
23747,0
769,0
2399,0
53799,0
23369,1
26211,0
5040,1
8523,0
39057,0
43276,0
24470,0
26246,1
7522,0
8973,0
8491,0
6395,0
6931,0
50919,0
11151,0
22272,0
30641,0
32261,1
31602,0
29723,0
20198,0
23160,0
53825,0
33283,1
49306,1
10378,0
19304,0
52566,0
42412,0
17331,0
27817,0
37174,0
35738,0
20291,0
47297,0
26140,0
3359,0
26298,0
30395,0
17996,0
31584,0
47251,0
30580,0
4441,0
37972,0
6155,0
42238,0
6117,0
29666,0
8812,1
19654,0
25698,0
20552,0
32349,0
6009,0
38763,0
27311,0
3532,0
14585,0
40676,1
2059,0
5073,0
46802,0
38486,0
49808,1
12131,0
50794,0
17231,0
47621,0
38735,0
17164,0
53001,0
17336,0
44527,0
52503,0
46900,0
22245,0
28249,0
41929,0
4796,0
2251,1
52174,0
6101,0
3,0
48999,0
7891,0
30842,0
243,0
33094,0
30238,0
12731,0
9814,0
53570,0
18664,0
30413,0
27398,0
9941,0
41617,0
30776,1
53516,0
50935,0
40321,0
5491,0
32303,0
29556,0
50143,0
17398,0
19901,0
52241,0
5983,0
43530,0
26568,0
2571,0
26445,0
42734,0
31354,0
2181,0
27987,0
34407,0
13565,0
48846,0
21310,0
27240,0
19542,0
10548,0
41111,0
16434,0
15545,0
40353,0
22129,0
43989,1
37675,0
19312,0
49205,0
30966,0
28804,0
19877,0
27966,0
18187,1
12083,0
44715,0
9533,0
52906,0
490,0
34727,0
48610,0
18629,0
43756,0
43425,0
12817,0
7042,0
20785,0
13491,0
645,0
51624,0
46965,0
27340,0
40886,0
2703,0
52789,0
39941,1
12068,0
29672,0
41625,0
47551,0
27348,0
18362,0
28662,0
28947,0
31717,0
19673,0
53328,0
29926,0
2725,0
28944,0
24562,0
14509,1
30864,0
23089,0
47466,0
25657,0
43106,0
51060,0
35389,0
25668,0
44736,0
26053,0
38550,0
53766,0
33728,0
49547,0
18518,0
45155,0
50270,0
41363,0
26841,0
37740,0
37038,0
38333,0
29494,0
47930,0
29427,0
1407,0
29490,0
31310,1
45146,0
12060,0
41010,1
49626,0
50089,0
28977,0
40849,0
31724,0
21686,1
39357,0
24715,0
9885,0
28484,0
43797,0
23258,0
37129,0
6488,0
18966,0
4840,0
6124,0
48356,0
45149,0
49323,0
21193,0
52772,0
24497,0
17355,0
39972,0
19672,0
29383,0
16738,1
20318,0
22860,1
48281,0
30166,0
39270,0
30495,0
9359,0
1920,0
30694,0
32720,0
37356,0
34783,0
8730,0
36557,0
6175,0
30693,0
13627,1
33779,0
28476,0
85,0
11586,0
34450,0
50030,0
22232,0
9061,1
25680,0
736,0
28561,0
16978,0
22384,1
7048,0
13548,0
5156,0
43499,1
39398,0
31980,0
30455,0
8585,1
35864,0
23710,0
9562,0
11610,1
43617,0
8338,0
10700,0
8383,0
31762,0
52175,0
16708,0
53228,0
23586,0
17259,0
52012,0
52207,0
24539,1
38478,0
36426,0
28810,0
12244,0
28049,0
40802,0
3269,0
35622,0
40646,0
24072,0
36320,0
16530,0
23221,0
4750,0
34561,0
17958,0
37991,0
30553,0
42638,0
15962,0
13895,0
30113,0
22878,0
25980,0
37557,1
46737,0
30184,0
26185,0
16515,0
2816,0
29139,0
12340,0
24167,0
15552,0
33461,0
16612,0
24561,0
27895,0
40969,0
44370,0
38084,0
31827,0
47731,0
31787,0
49278,0
31364,0
31881,0
18266,0
30329,0
39615,0
36197,1
3846,0
45922,1
47505,0
41729,0
34383,0
18947,0
14483,0
43168,0
26214,0
10133,1
18495,0
12950,0
31393,0
27772,0
27835,0
18223,0
40411,0
45815,0
32282,0
43478,0
40616,0
37624,1
6934,0
49375,1
42809,0
6772,1
39874,1
51236,0
32108,0
39811,0
17461,1
9210,0
39339,0
9894,0
17719,0
1092,0
4969,0
19116,1
51973,0
37882,0
28634,0
10087,1
2278,0
7072,0
3931,1
38082,0
14315,0
17983,0
1140,1
37763,0
41392,1
928,0
32494,0
1808,0
38679,0
52066,0
46467,0
15081,0
3720,0
32443,0
1608,0
42313,0
49040,1
45678,0
20637,0
26291,0
1953,0
39751,0
6474,0
10667,0
23613,0
38130,0
15682,0
3067,0
7345,0
27650,0
35327,0
287,0
36812,0
36441,1
25900,1
40707,0
33822,1
38183,0
9471,0
45122,0
45572,0
41769,0
11204,0
3153,0
7368,0
41675,0
37683,0
45228,0
31442,1
39321,0
20864,0
27306,0
16546,0
37952,0
23875,0
36069,0
17580,0
44760,0
43155,0
21626,0
22110,0
13201,0
48501,0
52667,0
47742,0
44932,0
3376,0
51999,0
45813,0
33665,0
35013,0
18540,0
18182,0
50996,0
38929,0
7118,0
37283,0
48463,0
15419,0
7496,0
19433,0
25518,0
40863,0
31806,0
36207,0
39295,0
12713,0
3792,0
46980,0
18415,0
44619,0
27239,0
40724,0
24091,1
7569,0
25678,0
31767,0
22343,0
19627,0
20591,0
23105,0
17526,1
17779,1
1724,0
34847,0
40859,1
25316,0
13724,1
51753,0
15619,0
52598,0
18559,0
7651,0
16989,0
7854,0
42328,0
21940,0
8739,0
29884,0
28175,0
30998,0
44896,0
53113,0
5800,0
21298,0
28513,1
40936,0
40875,0
32094,0
37554,0
25514,0
23071,0
25683,0
33418,0
40770,1
25804,0
26731,0
43519,0
46688,0
35303,0
25685,0
16032,0
45019,1
9950,0
45976,0
4670,0
32653,0
5575,0
30910,1
44446,1
52197,1
39482,0
53098,0
10135,0
24138,0
544,1
27493,0
2697,0
32183,0
10104,0
52971,0
46102,0
10989,1
34566,1
37864,0
11891,0
26979,0
52515,0
16024,0
52056,0
18454,0
33,0
47852,1
10688,0
27369,0
27688,1
33333,0
52011,0
41721,0
52618,0
42917,0
8808,0
24351,0
24915,0
49822,0
16554,0
13416,0
5682,0
31852,1
46877,0
39674,0
9827,0
26058,0
35189,0
46265,0
11753,0
44023,0
29122,0
52053,1
8801,0
4605,1
2803,0
1117,0
7363,0
13552,0
21796,0
13838,0
34643,0
51306,0
40106,0
7127,0
31419,0
41826,0
20290,0
27820,0
17637,0
45880,1
17363,0
39431,0
40171,0
36861,0
14755,0
9850,0
24275,0
43699,0
37504,0
52226,0
41806,1
19048,0
3217,0
36818,0
31044,0
667,1
45247,0
334,0
23926,0
16657,0
30126,0
22375,0
15403,0
421,0
40163,0
20360,0
27768,0
42045,0
43739,0
44190,0
23356,0
21366,1
51998,0
22398,0
10713,0
11465,0
1880,0
48271,0
4780,0
19820,0
40048,0
12508,0
11159,1
35097,0
14843,0
6494,0
51299,1
23293,0
27247,1
5481,0
5310,0
13080,0
47787,0
33369,0
30928,1
122,0
9984,0
31511,0
31807,1
21658,0
20929,0
16523,1
7357,0
50144,0
48150,0
1169,0
5832,0
41403,0
35056,1
16637,0
43553,0
35647,0
22021,0
52904,0
46048,0
30420,0
39967,0
51639,0
21042,0
5816,0
16229,0
7207,1
11910,0
43121,0
17014,0
39669,0
51518,0
40449,0
33378,0
32978,0
28315,1
33894,0
47536,0
14431,0
22790,1
21833,0
26691,0
29248,1
26301,0
38460,0
51779,0
20639,0
3233,0
13063,0
53744,0
20394,0
14516,0
13322,0
11647,1
14197,0
3825,0
36099,0
30026,0
25160,1
52368,1
18108,1
11064,0
27745,0
28377,0
14768,0
25259,0
44633,0
50759,0
29848,0
25226,0
2903,0
44835,0
25929,0
13972,0
32623,0
35030,0
1045,0
13720,0
50529,0
38087,0
28772,0
39606,0
12552,0
29793,1
32830,1
39641,0
45799,0
22200,0
20570,0
35274,0
33984,0
41313,0
18355,0
9644,0
1832,0
43837,0
3483,1
46347,0
47857,0
46968,0
20618,0
332,0
25055,0
4665,1
30820,0
18897,0
28434,0
36490,0
5756,0
25598,0
11457,0
52367,0
3981,0
24055,0
47265,0
21007,0
26530,0
45523,0
43310,0
39447,0
30748,0
24362,0
29579,0
31656,0
13864,0
7305,0
35454,0
9594,0
6918,0
7449,0
15378,1
35763,0
24466,0
49645,1
12810,0
8909,0
15327,0
48287,0
24866,0
4020,0
40344,1
53253,0
46637,1
41376,1
33699,0
43120,0
11952,0
28592,0
10888,0
8554,0
17908,0
48138,0
13904,0
26951,0
46411,0
23715,0
36057,0
42107,0
26988,0
7211,1
38167,0
53172,0
40872,0
53673,1
2398,0
8944,0
20246,0
8380,1
27860,0
13897,0
50583,0
606,0
12667,0
37231,0
33814,0
37922,0
10412,0
49198,0
853,0
26459,0
23643,0
28332,0
41161,0
47063,0
52673,0
41705,0
1351,0
5050,0
21035,0
25962,1
18328,1
45367,0
7885,0
40638,0
29724,0
17765,0
26789,0
5404,1
42865,0
24749,0
31223,1
29801,0
30831,1
44773,0
25768,0
49948,0
48394,0
33472,0
1497,0
6573,0
12295,0
23365,0
39430,0
14077,0
16540,0
18628,0
40613,0
33421,0
26829,0
48596,0
36568,1
16696,0
4420,1
33217,0
37711,0
16316,0
46966,0
10675,0
5309,0
49289,1
53181,0
3795,0
23745,0
44061,0
14356,0
8607,0
45156,0
25363,0
46922,0
47069,0
38993,0
22044,0
42700,1
49367,1
24765,0
31996,0
18579,0
33363,0
34881,0
35096,0
7577,0
14740,1
21061,0
32139,0
22010,0
38783,0
16005,0
49630,0
37989,0
2805,0
15179,0
32551,0
8462,0
5904,0
2916,0
41618,0
27378,0
6244,0
8643,0
41092,0
11240,0
38209,0
28889,0
30563,0
11545,1
44390,0
28281,0
24553,0
32609,0
42546,0
34976,0
45619,0
30936,0
12366,0
52910,0
27679,0
24125,0
2378,1
19157,0
8094,0
158,0
26240,1
9746,0
18918,0
22939,0
45986,0
5803,0
16210,0
22909,0
48261,0
29296,0
9526,0
6674,1
5620,0
10778,0
26119,0
29297,1
51712,0
38940,1
12059,1
34395,0
22598,0
25397,0
53804,1
46650,0
34839,0
15755,0
6862,0
25521,1
28225,0
14281,0
47727,0
12532,1
20905,0
41044,0
36910,0
47137,0
42560,0
45441,0
24010,0
25829,0
12569,0
18337,1
22600,0
51654,0
19862,0
29192,0
27128,0
49132,0
27705,0
2774,0
851,0
41373,1
11015,0
33583,0
9355,0
46971,0
4998,1
8174,0
9538,0
29621,1
48558,0
8162,0
35087,0
11738,0
3318,1
3437,0
37413,0
50086,0
44027,0
6356,0
14363,0
20583,1
22410,0
13412,1
53632,0
9849,0
827,0
17529,0
4497,0
22504,1
25796,0
22797,0
26263,0
26377,0
38379,0
23409,0
15289,0
20165,0
27931,0
7694,0
13855,1
1146,0
32172,0
2618,0
28832,0
26900,0
25153,0
18142,0
12138,0
33305,1
48306,1
47348,0
34009,0
42834,0
8436,0
42101,0
36454,0
8105,0
21863,0
5364,0
47636,0
4021,0
32293,1
10658,0
28407,1
29887,0
44010,0
20895,0
53725,1
47947,0
1908,0
41694,0
5118,0
5292,0
15200,0
13901,0
29792,0
8536,0
23174,0
49802,0
22107,0
40218,0
13825,0
34979,0
36731,1
18061,0
17395,0
6593,0
26510,0
8999,0
52401,0
53249,0
41474,0
44417,0
35659,0
14001,0
4003,0
7806,0
15367,0
32041,0
14419,0
27281,0
23990,0
8377,0
15351,0
45979,0
11219,0
35115,0
17899,0
16467,0
27506,0
44657,0
30071,0
31666,0
43122,0
8848,0
20406,0
7011,0
28011,0
1689,0
14822,0
14947,0
5032,0
12648,0
12666,0
16867,0
97,0
3508,0
50514,0
21721,0
35430,0
47487,0
44880,0
21462,0
18191,0
52756,0
39386,0
537,1
28442,0
44118,0
51461,0
6954,0
13748,0
36324,0
4323,0
18451,0
11250,0
6667,0
18621,1
26023,0
9519,1
49517,0
19552,0
46486,0
18150,0
37570,0
48536,0
14642,0
10172,0
37224,0
43620,0
50254,0
52227,1
47806,1
21072,0
548,0
19700,1
9917,0
17361,1
23750,0
8946,0
33030,0
40774,0
932,1
23685,0
12128,0
24926,0
22138,0
10153,0
31383,0
11041,0
23627,0
3069,0
22240,0
44930,0
14886,0
27319,0
6822,0
17651,0
51534,1
25268,0
48240,0
27373,0
12435,1
13906,0
25553,0
23879,0
20886,0
46241,0
34902,0
10951,0
5504,0
49279,0
17520,0
40371,0
27014,0
36706,0
20299,0
3424,0
2756,0
49897,1
2955,0
6893,0
14302,0
42728,0
17857,0
42114,0
53920,0
5420,1
38496,0
37197,0
13044,0
23262,1
42612,0
24306,0
22596,0
17572,0
10736,0
29267,0
15266,1
14844,0
11916,0
21615,0
40302,0
33710,0
14230,0
44088,0
11982,0
49901,0
13858,0
51588,0
33502,0
49746,0
47507,0
21527,0
39154,0
24834,0
1876,0
16717,0
51847,0
15025,0
52365,0
7,0
44953,0
29655,0
27890,0
11824,1
4305,0
4546,0
32965,0
18884,0
15523,0
48328,0
21952,0
16270,0
8671,0
40062,0
39916,0
50106,1
15902,0
35966,0
41120,0
28857,0
9148,0
4264,0
2819,0
38724,0
11117,0
27115,1
35657,1
34080,0
18896,1
6325,0
49102,0
29254,0
19374,0
49614,0
48551,0
39767,0
44249,0
12541,0
18536,0
24243,0
12164,1
37894,0
31590,0
19423,0
6803,0
41388,0
53275,0
15605,0
29275,0
30189,0
4973,0
15421,0
10582,0
33144,0
6485,0
48711,0
49230,0
25526,1
2172,0
25085,1
4508,0
28113,0
2138,0
18051,0
786,0
26361,0
46296,0
13541,1
38417,0
13544,0
34949,0
2962,0
37220,0
13813,0
41658,0
44594,0
43249,1
18364,0
14684,0
22967,0
36524,0
51444,0
8016,0
18237,1
43329,0
12147,0
12062,0
46177,0
12711,0
41460,0
18469,1
8251,0
21343,0
6019,0
10716,0
15675,0
19404,0
53603,0
11279,0
36719,0
16550,0
13270,0
408,0
1425,0
21227,0
25220,0
12242,0
23537,0
3590,0
1695,0
34424,0
11631,0
45183,0
5582,1
13742,0
37371,0
29026,0
37569,0
27871,0
4360,1
7582,0
16332,0
50603,0
21435,0
15393,0
1937,0
43669,1
51815,0
14388,0
14378,0
45569,0
47902,0
22998,0
45946,0
7975,1
22875,0
6632,0
40211,0
30051,0
7535,0
41134,0
31338,0
46288,0
952,0
5205,0
18212,1
3648,0
1130,0
9206,0
17365,0
30594,0
50884,0
50692,0
31747,0
38957,0
47890,0
34744,1
28257,0
40887,0
51767,0
7945,0
6942,0
5670,0
17462,0
26497,1
41709,1
32766,1
27610,0
11842,1
25799,1
32565,0
2060,0
20833,1
53359,0
2169,0
3632,0
36301,0
51183,0
30268,1
9035,0
14982,0
26973,0
20078,0
36475,1
43604,1
15506,0
24135,0
37831,0
22712,0
5485,0
37227,0
10231,1
13014,0
15735,0
31116,0
23046,0
2638,0
23149,0
45764,1
6319,0
13525,0
29292,0
42420,0
3863,0
19650,1
16971,1
43687,0
34746,0
38054,0
3241,0
43616,0
25330,0
30992,0
12576,1
38268,0
47118,0
4229,1
11275,1
133,0
53226,0
14561,0
36170,0
31641,1
28991,0
22210,0
35079,0
8967,0
31743,0
42623,0
50675,0
42331,0
41283,0
24550,0
33140,0
39432,0
18176,0
4058,0
7579,0
3533,0
2441,0
16877,0
25824,0
36654,0
45170,1
49587,0
19024,0
45176,0
25021,0
46188,0
13206,0
21421,1
32929,0
7906,0
35765,0
51591,0
26315,1
20285,0
5177,0
45769,0
25134,0
26397,1
30740,0
18666,0
20680,0
12651,0
37222,0
23749,0
47423,0
47039,0
34006,0
47434,0
23077,0
39747,0
47198,0
21004,0
41596,0
37690,0
18595,0
39163,0
52520,1
16238,0
5067,1
32287,0
51470,0
51199,0
12433,0
25792,0
8546,1
33785,0
9067,0
31510,0
46179,0
24833,0
13437,0
28231,0
533,0
41190,0
33968,1
8862,0
17675,0
27781,0
21691,0
44375,1
45705,0
23289,1
10479,0
16508,0
46796,0
21548,0
25347,0
34552,0
25504,0
19929,0
49761,0
48618,0
74,0
44092,0
7155,0
7021,0
17089,0
32988,0
20258,0
23661,0
20397,0
24181,0
4163,1
39856,0
483,0
10092,0
32276,0
13961,0
43088,0
48470,0
20710,0
43860,0
34101,0
34187,0
20952,0
38915,0
25389,0
38107,0
30533,0
32949,0
11934,0
1734,1
44233,0
10522,1
29144,1
10729,0
33171,0
8408,0
44040,0
16296,0
22518,0
35757,0
26559,0
51813,0
39559,0
43298,0
32246,0
22757,0
37454,0
4769,0
25031,0
48744,0
26311,0
20581,0
28549,0
1999,0
2824,0
14382,0
9630,0
36901,0
24078,1
34232,0
42498,0
1328,1
53012,0
45894,1
50220,0
24736,1
16025,0
8904,0
44204,0
8682,1
13145,1
8089,0
47991,0
49914,1
20151,0
44927,0
18270,0
41309,0
15047,1
45299,0
9464,0
31526,0
20237,0
9062,0
26122,0
40340,0
43630,0
19801,0
44976,0
43423,0
7753,0
10890,0
24565,0
43158,0
1444,0
18289,1
24039,0
44396,0
39646,0
12261,0
26787,0
18239,0
28990,0
45263,0
17230,0
49736,0
50651,0
12749,0
24491,0
6076,0
21491,0
31904,0
30516,0
36447,0
13454,1
45843,0
23614,0
33115,0
11974,1
14309,1
5365,0
16208,0
427,0
22624,0
36597,1
28103,0
50880,1
45214,0
6469,0
26448,0
36827,0
10590,0
30969,0
47352,0
52371,0
42059,0
4433,0
18988,0
50125,1
26065,0
19803,0
21089,0
52883,0
29501,0
41660,1
53890,1
53039,0
38655,0
20148,1
51718,0
34863,1
39792,0
18014,0
18095,0
25245,0
44363,0
14771,0
4648,0
34071,0
27526,0
2106,0
27846,0
12017,0
4477,0
44068,0
3733,0
14731,0
12330,0
20603,0
51390,0
20426,0
16389,0
24786,1
34290,0
28282,1
21998,1
8293,0
39020,1
9855,1
41160,0
3407,0
27154,0
34355,1
43242,0
35624,1
52767,0
14767,0
11084,0
15441,0
20557,0
284,0
36679,0
28872,0
14617,0
11770,0
43764,0
17477,0
34202,0
9145,0
11147,0
6095,0
26215,0
47755,0
51882,0
21638,0
11857,0
28374,0
22766,0
41859,0
20532,0
49755,1
36507,0
31463,0
30605,0
27447,0
33341,1
5350,0
24350,0
10096,1
12796,0
46743,1
46274,0
48293,0
42765,0
47271,0
31730,1
14889,0
37792,1
38687,0
27476,0
9482,0
33219,1
22604,0
35606,0
42121,1
12444,0
43191,0
37245,0
14389,0
6040,1
47831,0
33445,0
6208,1
24345,0
27852,0
48197,0
31099,0
27232,0
12572,0
53600,0
1046,0
26184,0
3087,0
20607,0
7758,1
17803,0
20468,0
28746,0
17387,0
15749,0
19500,0
43274,0
29540,0
16360,0
21221,0
44990,0
8170,0
24729,0
40726,0
22915,0
6998,0
31957,0
17739,0
19581,0
17079,0
17997,0
652,0
16641,1
24037,0
14980,0
27463,1
35066,0
8379,0
49636,1
48217,0
20739,0
51612,0
7510,0
8284,0
18612,0
25043,0
35437,0
43332,0
29217,0
26430,0
42132,0
9679,0
43435,0
28747,1
7251,1
22582,0
22139,0
30674,0
33047,1
50516,0
16131,0
9959,0
20611,1
43325,0
21417,0
21679,0
36042,0
24406,0
28690,0
13366,0
15511,0
37981,0
49193,0
33738,0
13938,0
30987,0
38779,0
22759,0
5649,0
16073,1
17297,0
13706,0
44934,0
1875,0
30598,0
10791,0
26310,0
23068,0
34089,0
45173,0
33338,0
43978,0
9999,0
14376,0
38961,0
36871,0
30514,0
47721,0
36483,0
33048,0
7687,0
31333,0
15412,0
44661,0
19128,1
26682,0
52332,0
18228,0
2901,1
12581,0
6447,0
2777,0
13192,0
3450,0
47366,0
13985,1
2660,0
12013,0
41732,1
17470,0
42469,1
15786,0
36380,0
15014,1
12051,0
34308,0
18802,1
17831,0
43784,0
27126,0
25771,0
18105,0
6168,0
53009,0
4166,1
36599,0
39453,0
16445,0
39283,0
36253,0
1985,0
43078,0
23886,0
22098,0
32474,0
46443,0
49275,0
18909,0
16052,0
14762,0
12626,0
12660,0
28642,0
15224,0
45109,0
50712,0
53116,0
35206,0
22219,0
46405,0
10499,0
45253,0
18709,0
1310,1
37594,0
7549,0
15896,0
4683,0
4445,1
16223,0
49634,0
50634,0
48505,0
18474,1
321,0
28708,0
36774,0
47882,0
33532,0
24066,0
20946,0
49558,0
49440,0
40794,0
42984,0
42704,1
23010,0
46072,0
19560,1
12275,0
2216,0
24851,0
260,0
2746,1
15348,1
21859,0
20000,0
3464,0
25970,0
15093,0
35732,0
17292,0
9759,1
4284,0
31096,0
46678,1
49050,0
52594,0
14518,0
24581,0
5730,0
45786,0
1155,0
24726,0
8535,0
20370,0
34329,0
5008,0
40943,0
32970,1
4195,0
39498,0
9713,0
23083,0
12728,0
2538,0
30525,0
42000,0
47119,0
21673,1
4381,0
3828,0
3340,0
24136,0
50336,0
6683,1
3812,1
7169,0
1181,1
27327,0
45352,0
20349,0
16781,0
14833,0
6999,0
32054,0
48563,0
46034,0
46676,0
2875,0
41780,1
48620,0
30934,0
1627,1
9647,0
41887,0
46867,0
49745,1
17822,0
8222,0
130,0
26946,0
22639,0
44673,0
42034,0
7041,0
23374,0
38356,0
48669,0
42195,0
7412,1
25572,0
6660,0
23952,0
4692,0
8057,1
50221,0
19707,0
10715,0
3372,0
8086,0
10768,0
39220,0
24911,0
52203,0
42969,0
39024,0
45280,0
41968,0
1135,0
46261,0
22536,0
16489,0
9687,0
46714,0
29162,0
754,0
17344,0
9751,0
10318,0
45216,0
1547,0
30918,0
37051,0
25742,0
32642,0
35472,1
18261,0
40884,0
41326,0
18921,0
14007,0
38963,0
11570,0
53578,0
41428,0
42851,0
34912,0
6248,1
24528,0
14370,0
16727,0
4038,0
11592,0
11890,0
15943,0
22970,0
31662,0
1324,0
35245,0
11167,0
18038,0
17226,0
29081,1
28032,0
37639,0
26788,0
48795,0
17069,1
30139,0
42660,0
25998,0
2094,0
366,0
35635,0
19262,0
8067,0
7542,1
11221,0
49885,0
19495,0
51344,0
42018,1
22514,0
15986,0
35335,0
13542,0
20545,1
36485,0
27096,0
30131,0
21640,0
44863,0
11340,0
8915,0
29119,0
867,0
40173,0
3036,0
4123,0
46538,0
48402,0
7902,0
4028,0
16441,0
48187,0
34962,0
20201,1
43591,0
15305,0
10248,0
39857,0
30267,0
8321,0
15563,0
53176,0
15407,1
23100,0
13959,1
49549,0
27220,0
42599,0
42402,0
18426,0
45767,0
39859,0
39175,0
53610,0
4179,1
11291,0
37192,1
8364,0
28140,0
20647,0
49133,1
24285,0
49147,0
32473,0
9304,0
50586,0
3781,0
2986,1
17329,0
50553,0
8150,0
26273,0
5416,0
23934,1
23920,0
45713,0
47522,0
50540,0
30544,1
32427,0
37634,0
45422,0
20102,0
23739,0
34125,0
47597,0
11775,0
10356,0
36815,0
51377,1
27545,1
25291,0
51301,0
1221,0
22394,0
32882,0
31793,1
16166,0
46939,0
43977,0
15582,0
5584,0
32989,0
26421,0
6633,1
39194,0
278,0
43716,0
30226,0
44200,0
45160,0
45418,0
47904,0
50135,0
49016,0
43780,1
48773,1
27188,1
17621,0
2686,0
42732,0
20186,0
39000,0
32346,0
46010,0
53598,0
44197,0
17078,0
20133,0
2122,0
25699,0
24210,0
11674,1
8071,0
16772,0
32621,0
17581,0
23274,0
47233,0
12896,0
14931,0
53105,0
33918,0
11143,0
11065,0
53488,0
22714,0
33573,0
52736,0
24934,0
47107,0
23321,0
29572,0
38570,1
50893,0
30849,0
44952,0
10391,0
2933,0
23563,0
48765,0
18548,0
46701,0
32735,0
46846,0
24016,0
15604,0
24082,0
29964,0
48021,0
39538,1
14922,1
26649,0
41983,0
49760,0
20282,0
19449,0
8633,1
4212,0
8165,0
39199,1
41843,0
38059,0
28149,0
3972,0
24107,0
37756,0
16188,0
1114,0
1178,0
23683,0
24239,0
5973,0
35446,0
53232,0
42633,0
30452,1
52021,0
5017,0
8847,0
34906,0
50371,0
36438,1
6813,0
42047,0
13165,0
48684,0
24251,0
35568,0
7419,0
11486,0
7661,0
10714,0
40683,0
29227,0
13008,0
39871,0
44269,0
23947,0
11949,0
16869,0
30312,0
9480,0
46941,0
41653,0
10278,0
49046,1
41006,0
35350,0
13402,0
1026,0
42529,1
37866,0
25304,1
53199,0
3696,0
38160,0
51050,1
31115,1
31022,0
48748,0
2040,0
40221,0
37656,0
10312,0
38433,0
19231,0
9616,1
17538,0
43070,1
15355,0
4463,0
50606,0
49196,0
2177,0
34201,0
16698,0
49559,0
4868,0
41179,0
37865,0
31501,0
48408,1
15958,0
33827,0
31601,0
47619,0
19622,0
15247,0
44308,0
43552,0
32358,0
36766,0
14582,0
8386,0
33903,0
47249,0
34256,0
42778,0
5599,1
32921,0
43503,1
6692,1
27696,1
4510,0
16486,0
31068,0
5919,0
46006,0
5098,1
36185,1
24824,0
8676,0
41251,0
21614,0
6798,0
22229,0
20170,0
29249,0
48426,1
53508,1
1835,0
491,0
32686,0
32130,0
13736,0
16911,0
17442,0
51842,0
48486,0
17170,0
14641,0
26629,0
44325,0
10039,0
2380,0
20136,1
35175,0
30453,0
29520,0
31128,0
51032,0
24887,0
46039,0
22792,0
2294,0
27245,0
53285,0
16164,0
30358,0
33841,0
2145,0
16700,0
19965,0
36269,1
16924,0
12984,0
38597,0
19768,0
53028,0
16377,0
40332,0
503,0
52915,0
25467,0
4138,0
53054,0
43248,0
7524,0
8830,0
31613,0
2720,0
10241,0
2646,1
18996,0
34159,0
43794,0
29461,0
24047,0
188,0
31785,0
11802,0
1705,0
27042,0
12274,0
17919,0
7899,0
20782,0
41589,0
48997,0
13826,0
51637,1
31403,0
21086,0
43886,0
28611,0
42719,0
48420,0
32049,0
28285,0
34086,0
27594,0
44110,0
1116,0
52777,0
7065,0
36182,0
42965,0
39929,1
35809,1
41018,0
26049,0
40609,1
29002,0
40288,0
2957,0
29312,0
21459,0
6579,0
13266,0
40133,0
22686,0
18592,0
14781,0
23977,1
22580,0
43708,0
27647,0
8097,1
50333,0
24449,0
50198,0
3502,0
22823,0
52963,0
40317,1
20656,0
32249,0
7721,0
47793,0
5694,1
25077,0
43141,0
40690,0
30015,0
16820,0
9821,0
10065,0
24482,1
6920,0
12600,0
37202,0
37184,0
37953,0
25045,0
47461,0
12418,0
6764,0
27276,0
35208,1
31920,0
28346,0
10629,0
613,0
53507,0
5312,0
45354,0
12082,0
8759,0
36140,0
49752,0
10263,0
14267,0
43072,0
19590,0
51039,0
48177,1
42548,0
18997,0
43005,0
44504,0
24235,0
18556,0
11855,0
29663,0
35157,0
42906,0
51625,0
32715,0
3256,0
48540,0
4140,0
27786,0
7162,0
44448,0
660,1
53485,0
44238,0
26045,0
43956,0
16491,0
31496,0
40,0
14936,0
35403,0
30090,1
26651,0
6386,0
21190,0
10061,0
2407,0
11431,0
15773,0
17496,0
27294,0
48685,0
44775,0
40661,0
7244,0
4483,0
42282,0
5257,0
29474,0
37230,0
4612,1
7729,1
47937,0
46575,1
24140,0
35545,0
6836,0
2262,0
29190,0
18378,0
31048,0
35689,0
49685,0
13237,1
23228,0
14301,0
36263,0
48443,0
6,0
20878,0
4314,0
863,0
14101,0
17555,0
21554,1
21906,0
45639,0
40265,1
44699,0
21188,0
11843,0
16487,0
49019,0
26107,0
29537,0
18757,1
41256,0
6436,0
28160,0
27749,0
49380,0
17446,0
35362,0
5577,0
15702,0
602,0
28391,0
41581,0
40994,0
44172,0
33631,0
3799,0
37517,1
40064,0
18467,0
30807,1
28910,0
6167,0
19308,1
5724,0
53874,0
16611,0
49347,1
26454,0
22478,1
43854,0
9025,0
42191,1
26609,1
44074,0
32600,0
48006,0
20743,0
14165,0
19791,0
51731,0
16011,0
10078,0
44515,0
750,0
45359,0
23185,0
37912,0
6830,0
11385,1
14776,0
25921,0
9466,0
18927,0
34986,0
40626,0
50155,0
2670,0
48009,0
13194,0
39734,0
13676,0
12434,0
53708,0
42231,1
26469,1
52919,0
21809,0
45599,0
27790,0
8782,0
31037,0
48136,0
26603,0
28722,1
53010,1
49968,0
43558,0
48205,0
11602,0
32655,0
51297,0
293,0
50449,0
50932,0
29662,0
22606,0
19893,0
15294,1
21110,0
35163,0
9481,0
15091,0
1332,0
1358,1
52836,0
43118,0
24636,0
53389,0
35483,0
29901,0
46562,1
34835,0
11432,0
6077,0
488,0
14464,0
50442,0
31828,1
32015,0
35963,0
43326,0
45536,0
9164,1
29702,0
16942,0
19908,0
48167,0
5121,1
6479,0
7447,0
37951,1
25483,0
6490,0
38906,0
45620,0
46325,0
13924,0
1486,0
6666,0
28164,0
47263,0
22516,0
20602,1
36322,0
11303,0
33929,0
37645,0
16410,0
43934,0
53810,0
23175,1
6966,0
2272,1
12223,0
31588,0
40614,0
14551,0
23366,0
40880,1
15388,0
48455,0
46051,0
16827,0
22198,0
26584,0
9717,1
42160,0
25849,0
6745,0
31430,0
33013,0
20321,0
5031,0
52247,0
43353,0
27211,0
11585,0
15469,0
7908,0
53490,0
16494,0
17158,1
4495,0
1073,1
1369,0
30524,0
39742,0
34832,1
38272,1
16841,0
15792,0
11838,0
33927,0
42827,0
6755,0
48399,0
42324,0
4838,0
39665,0
42,0
3782,0
29637,0
12836,0
33342,0
24530,0
43101,0
31966,0
16892,0
24815,0
24459,0
1214,0
42005,0
46289,0
51810,0
26844,0
17445,0
43480,0
32879,0
44749,0
21481,0
35209,0
24819,0
52937,0
47185,0
45379,0
8587,0
20947,0
8403,0
8268,0
1696,1
15701,1
30763,0
28738,0
45248,0
37155,1
53251,0
37724,0
49446,0
14174,0
5,0
25928,0
36161,0
4798,0
46468,0
25718,0
49633,0
25311,0
8220,1
7646,0
38881,0
16565,0
9565,0
37508,0
34958,0
28619,0
6700,0
10505,0
49616,1
35364,0
41713,0
39695,0
4344,0
28061,0
39330,0
19315,0
24508,0
26235,1
33174,1
17796,1
31776,0
39758,0
15227,1
27432,0
11584,0
36434,0
13529,0
23439,0
34049,0
52516,0
50940,0
53436,0
49999,0
2248,0
1867,0
2536,0
50777,0
34005,0
49714,0
5030,0
49543,0
46540,0
17602,0
49138,0
43709,0
31842,0
45079,1
40458,0
1322,0
10344,0
28310,1
1973,0
36798,0
21802,0
43358,0
5780,0
44107,1
43044,0
35484,1
47396,0
8488,0
21319,1
25615,0
27616,0
34683,0
11607,0
51434,0
41666,0
4762,0
42111,0
20779,0
26343,0
2530,0
15715,0
3348,0
46417,0
22239,0
49553,0
33498,0
43812,0
24757,1
51031,1
3106,1
20396,0
50678,0
12901,0
5160,0
11297,0
7124,1
39810,0
9113,0
44,0
6641,0
12115,0
4084,0
2564,0
7530,0
11358,0
32376,0
51120,1
20128,0
34539,0
47269,0
51167,0
28580,1
21470,0
5697,0
38941,0
5115,0
49094,0
8689,0
45240,0
45669,0
22853,0
1173,1
5302,0
49551,0
26684,1
14614,0
7525,0
8521,0
49661,0
9578,0
9138,0
1670,0
45873,0
43406,0
19218,0
13276,0
29821,1
1853,0
21805,1
51626,0
41003,0
7586,0
53055,0
27083,0
9288,0
10779,0
17214,0
22849,0
4587,0
45905,0
31319,0
29813,0
45250,0
9547,0
9985,0
2500,1
12516,0
46600,0
38876,0
12886,0
34777,0
20481,0
16767,0
35970,0
14830,0
42960,1
2998,0
47057,0
10968,0
27040,0
7098,1
29441,0
14222,0
17166,0
9576,0
21593,0
36037,1
18439,0
42024,0
17923,0
22028,0
43641,0
22214,0
27160,0
46573,0
29269,0
16771,0
33563,0
1708,1
9327,0
24105,1
45099,0
51659,0
29689,1
36797,0
53828,0
25233,0
36862,0
17560,0
23921,0
7877,0
19143,0
50851,0
1890,0
14831,0
3697,1
44538,0
51382,0
15515,0
32275,0
30588,0
15693,0
26194,0
25599,0
52029,0
21116,0
11646,0
3548,0
46604,0
4114,0
31028,0
45045,0
28505,0
10027,0
18347,0
49357,0
47797,0
30463,0
9345,0
28548,0
4109,0
23101,0
16353,1
35616,1
44791,0
14238,0
35449,0
45246,0
47106,0
18526,0
6144,0
20038,0
47467,0
22221,0
3380,0
25916,0
23368,1
37393,0
2899,0
2910,0
43910,0
22377,0
44823,0
47931,0
32636,1
22180,0
30132,0
237,0
31568,0
13117,0
38233,0
20044,0
12324,0
38576,0
689,0
34905,0
16711,0
46568,1
3103,0
1376,0
19238,0
22422,0
30550,0
7744,0
39134,0
50288,0
48253,0
21052,1
15720,0
37095,0
42259,0
36758,0
3252,0
38517,0
22599,0
30101,0
53868,0
9956,0
21204,0
47919,0
23440,0
11523,0
6197,0
18539,0
40373,0
12909,0
37524,0
34356,0
32744,0
43605,0
39006,0
7059,0
19111,0
10315,0
53308,1
27962,0
11590,0
50619,0
37587,0
41043,0
37642,1
53811,0
49973,0
26327,0
39721,0
5777,1
51324,0
25388,0
50292,0
14162,0
8450,0
11741,0
51532,0
35458,0
48602,0
33172,0
31458,0
51794,0
23756,0
45538,0
19397,0
48538,0
35299,1
36358,0
4200,0
48369,0
46661,0
38005,0
31893,0
5858,0
12383,0
19193,0
50003,0
29861,0
29392,0
36074,0
3265,0
51246,0
8680,0
20141,0
23186,0
26822,0
13683,0
31176,0
34485,1
24888,0
17135,0
29327,0
22003,0
52812,0
18987,0
24927,0
12979,0
29647,0
38651,1
10413,0
4428,0
4013,0
29700,0
10936,1
34619,0
7751,0
13018,0
46920,0
9448,0
25015,0
11652,0
49175,0
36230,0
39733,0
24696,0
69,0
9253,0
43532,1
15539,0
43979,0
12812,0
26909,0
16749,0
9205,0
9458,0
49571,0
43848,0
40097,0
35243,0
22993,0
27837,0
6654,0
28685,0
47842,0
10568,0
39326,0
14834,0
15324,1
35577,0
5369,0
48064,0
14385,0
28571,0
22250,0
6662,1
26063,0
17777,0
34501,0
5506,0
2364,0
53646,0
14624,1
46955,0
24986,0
9914,0
29807,0
49919,0
1498,0
5119,0
6222,0
51135,0
17533,0
2012,1
47922,0
11429,0
28731,0
40220,0
1587,0
547,0
22882,0
47212,1
4738,0
24408,1
18542,0
19094,1
43450,0
2386,0
23021,0
45817,0
3125,1
28406,0
22389,0
2250,0
24335,0
35996,1
22144,0
38081,0
44339,0
48421,0
15497,1
7685,0
43426,0
51333,1
26972,0
6483,0
30107,0
1048,0
14747,0
22889,0
44201,0
39197,0
20548,0
24558,0
11531,0
44808,0
5294,0
34177,1
18872,0
7030,1
19388,0
30208,0
51566,0
20727,0
38028,0
19824,0
38064,0
35361,0
28184,0
40114,0
7439,0
19544,0
29840,0
49782,0
27682,0
21709,0
51015,0
37789,0
49259,0
10898,0
39654,0
38347,0
33473,0
23939,0
396,0
31697,0
9364,0
8954,0
28180,0
10529,0
35733,1
28185,0
16536,0
18633,1
37432,0
7398,0
2952,0
27770,0
49921,0
40378,0
24312,0
18054,0
12022,0
45416,0
8874,0
1411,0
47453,1
5901,0
39935,0
23088,0
14135,0
1337,0
26247,0
47785,0
44191,0
40473,0
36497,0
1193,0
8861,0
22574,0
27095,0
16293,0
6529,1
16415,0
22859,0
38980,0
23318,1
11699,0
12140,0
8820,0
4493,0
3908,0
49136,0
6792,0
35433,0
4959,1
41083,0
11441,0
34815,0
49172,0
12415,0
33806,0
39153,0
15021,0
43232,0
5570,0
25365,0
14297,0
44149,0
14837,0
23844,0
52157,0
48227,0
21632,0
8986,1
46473,0
45118,0
39783,0
18901,0
31973,0
28588,1
6558,0
11210,0
33487,0
33236,0
53294,0
18180,0
3404,0
33572,0
20320,0
32440,0
49898,1
27903,0
9809,0
12365,0
7709,0
31892,0
41343,1
16114,1
10365,1
27105,0
38921,0
5487,0
23720,0
30146,0
44151,0
12056,0
25469,0
41967,0
28831,0
18905,0
52065,0
51955,0
15752,0
11560,0
14028,0
51440,0
12768,0
33106,0
28279,0
15722,0
25313,0
44741,0
46870,0
22522,0
42391,0
6811,0
37357,0
18568,0
7658,0
53192,1
49853,0
215,1
14216,0
10645,0
17565,1
5311,0
49073,0
31375,0
30613,0
25101,0
36753,0
40381,0
9236,0
53681,1
16591,0
28735,0
42899,0
42959,1
11029,0
50380,0
52126,0
23269,0
52139,0
10042,0
34283,0
913,0
25703,0
35205,0
52132,0
44719,0
47346,1
5473,0
3816,0
78,0
3520,1
44382,0
44019,0
27,0
51417,1
47873,0
37268,0
19837,0
42255,0
34291,0
43112,1
22391,1
33534,0
32525,0
2247,0
45077,0
51209,0
26666,0
8044,0
39133,0
46801,0
53718,0
18490,0
5142,0
19849,0
19070,0
34334,0
32445,0
10203,0
10840,0
1127,0
32871,0
10793,0
12036,0
4161,1
3023,1
25557,0
29407,1
9569,0
26477,0
43021,0
11438,0
23919,0
11623,0
22965,0
23200,0
39243,0
39824,1
25801,1
11814,0
31995,0
20807,0
3758,1
214,0
36382,0
38149,0
24018,0
9498,1
18203,0
9949,0
42595,0
17174,0
8252,0
44779,0
22832,0
21801,0
19090,0
10881,0
29077,1
28954,0
46614,0
26599,0
37663,0
41291,0
609,0
38536,0
38712,0
8132,0
28229,0
30601,0
21130,0
13563,0
10812,0
17221,0
33398,0
47634,0
16699,0
15186,0
37303,0
15894,1
49713,0
39092,0
44176,0
36487,0
31047,0
7629,0
3227,0
29708,0
15933,0
49049,0
30742,0
20608,1
34055,1
32859,0
4199,0
15256,0
40095,0
17838,0
38887,0
43683,0
8397,0
45779,0
45200,0
18960,0
53425,1
43317,0
46958,0
12064,0
46997,0
28084,1
27992,0
27824,1
25231,0
7213,0
42721,0
5556,0
4368,0
1693,0
6727,0
11374,0
48791,0
51289,0
50185,0
36169,1
12560,0
39870,0
36938,0
13144,0
48114,0
47644,0
44513,0
8281,0
2907,0
39204,0
4413,0
9871,0
45177,0
46231,0
3633,0
38683,0
25152,0
3157,0
27656,0
45304,0
47426,0
33317,0
828,0
34620,0
44654,0
47538,1
16932,0
7807,1
43449,0
19296,0
31060,0
13584,0
46203,0
6224,1
20756,0
2373,0
39627,0
53520,0
2024,0
39392,1
23189,0
35525,0
26753,0
9197,0
33712,0
30715,0
33466,0
28902,1
4245,0
29603,0
28919,0
22169,0
47431,0
10060,0
30752,0
47245,0
15277,0
40476,1
52179,0
48226,0
7458,0
30688,0
47034,0
6042,0
13031,0
47925,0
48732,0
36940,1
17546,0
50039,1
50093,0
5146,0
39882,0
2253,0
14858,0
48078,0
38146,0
38987,0
43814,0
3086,0
17594,0
24374,0
15690,0
10858,0
53855,0
53750,0
32626,1
42614,0
51650,0
28256,0
19956,0
47858,0
40267,0
41452,0
17305,0
21896,0
37090,0
31835,0
50318,0
7505,0
37254,0
29303,0
12955,0
16567,0
23505,0
4732,0
28127,0
15556,1
25550,0
8654,0
19539,0
53626,0
15090,0
11771,0
47074,0
12710,0
35154,0
45377,0
22296,0
29078,0
11319,0
23205,0
27901,0
47266,0
5569,1
50715,0
9588,0
28510,0
41571,0
52339,0
3854,0
45064,0
31341,1
29519,0
42148,0
52493,0
25318,0
32665,0
26500,1
12608,0
37928,0
6766,0
1098,0
19392,0
50570,0
53821,0
8279,0
29072,0
36223,0
168,0
10628,1
16580,0
18322,0
3769,0
3748,0
17400,0
5128,0
21286,0
13669,0
10314,0
1222,0
12697,0
13288,0
5111,0
50993,0
17283,0
16361,0
28048,0
15643,0
27455,0
46281,0
5058,0
4575,0
25577,0
17794,1
32643,1
19610,0
2293,0
52151,0
22007,0
46180,0
48221,0
7691,0
52345,0
30203,0
15402,0
31766,1
11368,0
17366,0
53796,0
19417,0
45078,1
25410,0
35918,0
586,1
30272,0
24258,0
14357,0
42187,1
47222,0
48964,0
21315,0
18786,0
901,0
5103,0
46696,0
11737,1
13662,0
48178,0
12008,0
26910,0
43497,0
18792,0
6706,0
33913,1
19706,0
17325,0
8870,1
32517,0
10297,0
50669,0
15035,0
20448,0
24639,0
9767,0
44321,0
32532,0
44026,0
42342,0
9357,0
14994,0
15704,0
40562,0
40789,0
44563,0
16816,0
9434,0
34114,0
46249,0
27393,0
37931,0
7893,0
43752,0
13915,0
5192,0
50420,0
38855,0
26249,0
11816,1
30437,1
22321,0
49902,0
7793,0
30245,0
6637,0
32033,0
18398,0
21610,0
12777,0
41278,0
48948,0
20673,0
28034,0
15357,0
22101,0
28669,1
13459,0
51586,0
12970,0
26744,0
52845,0
43632,1
6542,1
22545,0
15454,0
35803,0
10722,0
37087,0
28576,1
6698,1
17860,0
12315,0
11242,0
18441,0
39667,0
41209,0
36764,1
6796,0
53487,0
5921,0
102,0
45443,0
2412,0
26094,0
8887,1
46813,0
13790,0
51994,0
12884,0
18298,0
26251,0
27296,0
463,0
13966,0
53692,0
25650,1
6809,0
31242,1
6240,0
34568,0
2356,0
18173,0
25839,0
44903,0
49011,0
16448,0
4541,0
1772,1
13252,0
1804,0
6732,0
18715,0
1717,0
30806,0
31123,0
42807,0
45885,1
37749,0
51926,0
19679,0
45991,0
20616,0
372,0
20234,0
14877,0
19951,0
22243,0
26782,1
4470,0
2728,0
6276,0
3620,0
46932,1
39157,0
10126,0
52335,0
38846,0
31603,0
25494,0
14152,0
49008,0
33154,0
8264,0
20714,0
17503,0
1539,0
51139,0
359,0
18570,1
47572,0
44438,0
34209,0
20337,0
46255,0
52729,0
41782,0
15268,0
23499,0
20436,0
25647,0
37626,0
33518,0
31563,0
33696,0
21609,0
53016,0
26952,0
34319,0
31983,0
52092,1
11869,0
33786,0
50546,0
43575,0
12923,0
14458,0
30283,0
48665,1
31937,0
18875,0
12357,0
43204,0
36762,0
32121,0
41682,0
11881,0
7307,0
28550,0
37293,0
35673,0
37813,0
42051,0
6434,0
4845,0
6576,0
12657,0
25048,0
45987,0
38482,0
13593,0
53047,1
52019,0
42236,0
52210,0
46635,0
16326,0
43491,0
24268,0
27668,0
13511,0
12786,0
8201,0
7222,0
43351,0
52724,0
17466,0
386,0
53145,0
28622,0
47231,0
31962,0
7802,0
8892,0
30548,0
36481,0
50897,0
48967,0
53678,0
26791,0
21881,0
52258,0
48491,1
4481,0
52013,0
918,0
28956,0
1715,0
31034,1
24537,0
49288,0
14736,0
24720,0
6050,0
7727,0
11609,0
45043,0
39356,1
2066,0
27207,0
8972,0
8912,0
39122,0
13400,0
1568,0
21167,0
29089,0
1922,0
39806,0
83,1
31378,0
38974,0
22830,1
8520,0
42900,0
181,0
8865,0
25257,0
47325,0
20405,0
40622,0
5270,0
23580,0
23209,0
32530,0
45100,1
34858,0
34840,0
32201,0
53407,0
46154,0
34486,0
13230,0
48468,0
37414,0
36738,0
7581,1
19559,0
53447,0
4842,1
37655,0
48283,0
392,0
14268,0
2886,0
21508,0
1340,0
41727,0
25046,0
36517,0
42634,0
44994,0
14420,0
13217,0
20936,0
13329,0
6324,0
37658,0
4482,0
2160,0
47886,0
51807,0
29976,0
46571,0
50670,0
40953,0
39683,0
46828,0
33662,0
18169,0
6468,0
7733,0
31824,0
24619,0
38444,0
1904,0
17015,0
9457,0
40701,1
45888,0
25064,0
5639,0
34998,1
7736,0
43113,0
20940,1
3669,0
41650,0
11459,0
41994,0
49693,0
35916,0
12842,0
28280,0
12612,0
33660,0
11817,0
51244,0
24732,0
18331,0
51331,0
18079,0
5224,0
3926,0
43622,0
15709,0
11994,0
11546,1
19689,0
9857,0
3369,0
3371,0
31644,0
43891,0
51578,0
38174,0
37449,0
11754,0
27756,0
18777,0
28701,0
833,1
30617,0
12649,0
50939,0
27238,1
26485,0
11780,0
27910,0
53478,0
14950,0
34494,0
33579,0
51633,0
11120,0
8752,0
3759,0
52827,0
37073,1
1559,0
20550,1
6890,0
21223,0
26794,0
21543,0
10086,0
48924,0
48273,0
17645,1
14251,0
47389,0
38842,0
13914,0
29203,0
50055,0
17550,1
49804,0
46991,0
3803,0
7396,0
21546,0
17392,0
22014,0
17759,0
47953,0
33890,0
52748,0
11937,0
22289,0
22497,0
3431,0
41457,0
24591,0
52068,0
45497,0
19696,1
5419,0
10158,0
11351,0
53035,0
21925,0
36157,0
15811,0
34414,0
34615,0
6859,0
28509,1
7631,0
41263,0
23624,0
47480,0
36850,0
31506,0
3915,0
20759,0
1044,0
9038,1
34053,0
18097,0
51274,0
7479,0
37559,0
17162,1
5634,0
3635,0
15319,0
18730,0
51888,1
51179,1
14212,0
29440,1
2027,0
29696,1
44915,0
4335,0
10795,0
17097,0
52614,0
12134,0
5580,0
47225,0
52423,0
37324,0
28422,0
33653,0
51571,0
29691,0
9921,0
6384,0
45222,0
16917,1
47280,1
12067,0
25012,0
51861,1
42802,1
19931,0
53282,0
4624,0
44885,0
14670,0
11765,0
7976,0
38200,0
48222,0
11810,0
21247,0
14681,0
8983,1
10876,0
19709,0
38625,0
28915,0
53471,1
50459,1
20619,0
4550,0
30220,0
2612,0
18371,0
41813,0
33655,0
10088,0
18093,0
23095,0
38477,0
41014,0
38878,0
22508,0
22992,0
20869,0
33861,0
42149,1
28050,0
10929,1
51945,0
31862,0
28570,0
3521,0
1938,0
8307,1
50223,0
46295,0
1172,0
4988,0
38369,0
46142,0
51704,0
3804,0
52315,0
15820,0
13162,1
11127,0
5290,0
9085,0
35777,0
19367,0
32695,1
40019,0
2768,0
15377,0
42178,0
16347,0
20772,1
48323,0
9613,1
49888,0
45745,0
32429,0
9472,0
18531,0
51252,0
38208,0
1234,0
23163,0
33661,1
18301,0
8941,0
36349,0
43726,1
44311,0
35637,0
48860,0
48437,0
36449,0
22779,0
10223,0
16395,0
15219,0
53444,0
10564,1
46488,0
4108,0
48304,0
34837,0
45868,0
40075,0
34519,0
50532,0
17429,0
42471,0
47313,0
35726,0
306,0
13586,0
33506,0
40670,0
36260,0
14576,0
14757,0
48490,0
17698,0
45477,0
3124,0
13726,1
21606,0
5874,0
676,0
46794,0
48124,0
51732,0
15394,0
39360,0
4653,0
18277,0
6948,0
49572,1
5706,0
11277,1
34704,0
34493,0
19244,0
12071,1
41690,0
47044,0
24028,0
32625,0
888,0
21795,1
42163,0
47175,1
35829,0
43790,0
6846,0
31599,0
8306,0
16340,1
9400,0
47186,0
38353,0
52286,0
27397,0
42366,0
43184,0
37170,1
44960,0
5148,1
20238,0
29159,0
25897,0
37262,0
19435,0
44059,0
44891,0
12124,0
48478,0
36012,0
20124,0
5402,0
26879,0
21250,0
27221,0
358,0
2053,0
43209,1
15885,0
37841,1
29967,0
20021,0
2165,1
19621,0
51832,1
8435,0
51542,0
7856,0
36672,0
3693,0
33275,0
442,0
47156,0
20470,0
11091,0
2036,0
20638,0
18525,0
38534,0
35563,0
22603,0
35377,0
20740,0
34680,0
48385,0
2203,0
41211,0
6439,0
33770,0
43175,0
23265,0
2267,0
51890,0
42007,0
32277,0
40461,0
32511,0
36385,0
3291,0
52120,0
5439,0
31945,0
49033,1
3753,0
3563,0
32337,0
7988,1
36194,0
24552,0
30376,0
40567,0
50866,0
30291,0
4244,0
50736,0
27008,0
28430,0
21587,1
5548,0
30211,0
17376,0
45372,0
37708,0
2759,0
41785,0
49464,0
50309,0
41866,1
13451,0
12940,1
12506,0
32411,0
1928,0
12780,0
4414,0
27487,0
30199,0
30858,0
52755,0
28983,0
52540,0
50296,0
49741,0
48672,1
3014,0
35643,0
32728,0
44168,1
16945,0
4708,0
28712,0
46190,1
6937,0
5183,1
53817,0
27131,0
36741,0
35109,0
14593,0
431,1
47476,0
51603,0
15338,0
52522,0
10274,1
5354,1
22562,0
13497,1
44457,1
39458,0
25939,0
46972,0
5805,0
31134,0
21646,1
7138,0
50582,0
5236,0
47135,0
19492,0
25527,0
53773,0
20903,0
41607,0
36363,0
39413,1
2034,0
12374,0
11995,0
31432,0
12861,0
52268,0
41612,1
37379,0
34859,0
9278,0
35378,1
8055,0
12233,0
40669,0
3841,0
44874,0
38668,0
5276,0
14390,0
38913,0
46872,0
17691,1
41319,0
39973,0
29121,0
40275,0
26037,0
36081,0
29998,0
12308,0
36384,0
43357,0
40331,0
9106,0
5707,0
42162,1
30449,0
44567,0
48269,0
45622,0
13609,0
13829,0
1202,0
15765,0
34306,0
22381,0
10884,0
7333,0
52095,0
30417,0
53591,0
48896,0
27596,0
5179,1
35239,1
40338,1
52982,0
222,0
6510,0
52671,0
33623,0
4356,0
30298,0
14752,0
49647,0
38727,0
35603,0
39176,0
48887,0
51848,1
11012,0
10480,1
35668,0
44541,0
25695,0
3184,0
28630,0
4112,0
35053,1
36645,0
23007,1
23225,0
4729,0
18658,1
43429,0
26975,1
53523,0
50561,0
34344,0
9735,0
41438,1
4700,0
11823,1
4079,0
8183,0
43682,0
53061,0
47338,0
5382,0
6024,1
26594,0
49815,0
32827,0
14978,0
49067,0
24717,0
12776,0
28437,0
22628,0
18073,0
41144,1
29991,0
50847,0
10701,0
38699,0
30642,0
18375,0
18857,0
34632,0
19942,0
9325,1
26067,0
13849,0
15395,0
40819,1
49618,0
44456,0
8156,0
2573,0
43975,0
14575,0
25517,0
28162,0
9156,0
27851,1
7160,0
52110,0
11479,0
14255,0
3134,0
29295,0
49227,0
45712,0
6495,0
42886,0
18978,0
12695,0
12987,0
36124,0
21082,0
49641,0
3691,0
50127,0
25441,0
40279,0
51092,0
43875,1
6191,0
44606,0
27536,0
41539,0
53073,0
35073,0
20733,0
28590,0
24147,0
9442,0
640,0
15742,0
35488,0
20802,0
11379,1
30510,0
28287,0
6068,0
14220,0
19617,1
10010,0
10861,0
16345,0
50823,0
25608,0
3609,0
50615,0
47535,0
13990,0
13774,1
26156,0
40112,0
7514,0
13136,0
30978,0
1891,0
16725,0
51433,0
47037,0
32048,0
39056,0
13730,0
44389,0
35284,0
33279,0
18986,0
31374,0
30750,0
49149,0
4617,1
11192,0
40979,0
50231,0
39819,0
23950,0
27391,0
4137,0
8497,0
19635,0
35131,0
23104,0
17837,1
35112,1
4478,0
2217,0
21820,0
26127,0
38427,0
22561,0
50463,0
17783,1
17583,0
893,0
35193,0
49829,0
53367,0
27937,0
45251,1
49487,0
50156,0
22089,0
35443,1
4073,0
44672,0
42602,0
26472,0
37138,0
24637,0
8598,0
8702,0
42458,0
15729,0
18744,0
40148,0
44383,0
47130,0
45914,0
14761,0
19420,1
1619,0
5051,0
10134,0
23848,0
39946,0
3821,0
44571,0
2633,0
1633,0
1414,0
40587,0
13600,0
21931,0
15694,0
53225,0
49819,0
38251,0
12230,0
5385,1
22310,0
48448,0
6867,0
47506,0
27189,0
1602,0
36439,0
23575,0
480,0
33988,0
12044,0
48081,0
19978,0
32338,0
17557,0
51104,0
43623,0
10011,0
19170,0
48682,0
41118,0
15008,0
8592,0
1970,0
7055,0
38410,0
26138,0
34627,0
4256,0
3494,0
47286,1
33773,0
51495,0
15744,0
42511,0
51663,0
23909,0
13513,0
40883,0
8023,0
52255,0
41494,0
44559,1
33386,0
26712,0
38225,0
20264,0
27395,0
44287,0
24045,0
19813,0
44432,0
53845,0
18456,0
29729,0
33183,0
35434,0
53909,0
25992,0
30128,0
29156,0
4155,0
18465,0
29075,0
7915,0
37424,0
45384,1
5206,0
34217,0
9405,0
20048,0
40777,1
6938,0
11677,0
30342,0
3869,0
20319,0
45998,0
13645,0
28375,0
46466,0
31597,0
21371,0
29687,0
23709,0
13885,0
15848,0
3761,0
7237,0
38309,0
43166,0
16081,0
36912,1
49402,0
15084,0
45838,0
4121,0
1079,0
39180,0
46425,0
50130,0
30530,0
38341,0
18340,0
12490,0
25840,0
18287,0
16013,0
17409,0
13665,0
51634,0
37255,0
48031,0
34148,1
19306,0
9161,0
43921,0
32529,0
44536,0
42736,0
355,0
40156,0
41335,0
7507,0
39428,0
12385,0
45708,0
42166,0
1766,0
38041,0
45020,0
18679,0
38357,0
34735,0
17249,0
17439,0
25885,0
34624,0
49787,1
43380,0
8727,0
53000,0
10513,1
4097,0
35831,0
7619,0
33539,0
24218,0
17454,0
31031,0
27885,0
45344,0
45874,0
40800,0
48339,1
23957,0
7804,0
13537,0
21649,0
7081,0
24512,0
39382,0
12253,0
29790,0
1495,0
25380,0
43689,0
15024,0
15901,0
7317,0
8571,0
31380,0
12077,0
34812,0
33036,0
32731,0
34420,0
12644,0
14204,0
31484,0
21681,0
43802,0
26774,1
29315,0
15429,0
20433,0
49695,0
42384,0
51407,0
43925,0
10036,0
40308,0
46093,0
15065,0
5613,1
31032,1
5558,0
4081,0
24272,0
47142,0
28711,0
33084,0
28441,0
44945,0
43944,0
6075,1
41167,0
6349,1
19031,0
10750,0
4435,0
15961,0
31627,0
7090,0
28959,0
22592,0
43590,1
44647,1
9178,0
10342,0
17005,0
42256,0
27548,0
17341,1
24262,0
40750,0
47024,0
49545,0
16615,0
25629,0
30488,0
35861,1
17288,0
7724,0
19276,0
30271,0
47087,0
53049,0
47494,0
2376,1
26616,0
46662,0
5786,0
37188,0
52265,0
50854,1
31840,0
4178,0
32001,0
31940,1
5258,0
47145,0
10152,0
52958,0
33808,0
44086,0
21427,0
46738,0
32816,0
42970,0
7151,0
44587,0
1090,0
36926,0
4764,1
36303,0
34869,0
1475,0
52986,0
19734,1
4062,1
49300,0
24460,0
1684,1
27508,0
34875,0
32095,0
21161,0
24928,0
50170,0
6180,0
14840,0
23818,0
8200,0
24699,0
32601,1
10326,0
43673,0
36145,0
32035,0
28636,0
39299,0
40523,0
2158,0
2850,0
52973,0
51275,0
1141,0
23133,0
11847,0
24756,0
37512,1
48826,0
33632,0
31142,0
16539,1
33491,1
9043,0
22087,0
12952,0
38866,0
38851,0
49072,0
41872,0
17411,0
51788,0
43536,0
14933,0
3919,0
44461,0
26752,0
22454,1
3074,0
25172,0
11364,1
34967,0
53720,1
38538,0
38691,0
26575,0
22883,0
53230,0
33189,0
31571,0
52042,0
23461,0
28951,0
30967,0
43433,0
8780,0
19728,0
25161,0
21497,0
4295,0
10257,0
2584,0
2580,0
3872,1
48663,0
32622,1
47387,0
9612,0
12353,0
19957,1
2417,0
3612,0
16757,0
7791,1
11845,0
3673,0
53065,0
14799,0
35950,1
18276,0
16984,0
26438,0
48118,0
29845,0
52544,0
2134,0
49071,0
13898,0
32401,0
34083,0
524,0
17829,0
8345,0
50802,0
25851,0
14957,0
35885,0
21976,1
20214,0
20748,0
41902,0
52920,0
2112,0
16219,0
41292,0
4944,0
45554,0
45180,0
43521,0
19657,0
6708,0
17212,0
42743,1
40092,0
11162,0
26380,0
27499,0
42230,0
249,0
20361,0
238,0
1049,0
22622,0
48112,0
23619,0
35564,0
17408,0
27809,0
34105,0
30428,0
21344,0
24811,0
16931,0
27830,0
22070,0
18133,0
46778,0
49385,0
49721,0
37854,0
44724,0
7558,0
28114,0
35972,0
27795,0
50775,0
47789,0
50855,0
37544,0
13354,0
13974,0
18229,0
46962,0
46484,0
44276,0
21137,0
3366,0
40581,0
3840,0
29343,0
49095,0
21927,0
37551,0
40890,0
13977,0
6650,0
22737,0
49527,0
26585,1
4286,0
22336,0
220,0
27283,0
11601,0
2427,0
29375,0
19939,0
48326,0
6137,0
41108,0
41899,0
37755,0
23810,1
45292,0
20256,0
5884,0
48872,0
24030,0
9844,0
33595,1
45579,0
35889,1
10917,0
31152,0
47221,0
2471,0
11131,0
20520,0
1182,0
35320,0
12857,0
47391,0
51507,0
41249,0
15135,0
31154,1
23784,0
50758,0
16004,0
24628,0
18405,0
25157,0
45898,0
7402,1
8093,0
19538,0
3077,0
7488,0
39172,0
32296,0
3880,0
24245,0
43457,0
5387,0
39623,0
26935,0
173,0
10727,0
40442,0
35907,1
24302,0
33899,0
29005,0
27946,0
14415,0
29819,0
24472,0
26282,0
50923,0
37448,0
13022,0
38623,0
26665,0
35326,0
39088,0
15103,0
27525,0
49981,0
4872,0
52774,0
46244,0
20580,0
6873,0
44142,0
43011,0
37120,0
6357,0
25430,0
40361,0
7775,0
53653,0
50250,0
42340,0
5061,0
46679,0
9410,0
49174,0
37611,0
23372,1
49707,0
28415,0
51047,1
33943,0
15117,0
38715,0
29505,0
20250,1
30162,0
37501,0
48037,0
24483,0
45645,0
16230,0
29090,0
14122,0
13482,0
8582,0
30759,0
53104,0
29468,0
10770,0
32488,0
6623,0
13775,0
31199,0
16985,0
2800,0
1597,0
52170,0
13607,0
27021,0
36659,1
48361,1
29645,0
4213,0
224,0
43376,0
35714,0
24548,0
26206,0
45189,0
49704,0
53217,1
45583,0
40968,0
11314,0
33046,0
6554,0
36345,0
1213,0
8903,1
34800,0
49970,0
46277,0
47347,0
18950,0
38695,0
3944,0
6375,0
5566,0
47445,0
11822,0
12255,0
12061,0
40594,0
42545,1
51101,0
24015,0
17692,0
28769,1
22025,0
37532,0
1152,0
9134,0
2510,0
36548,0
9082,0
17044,0
11497,0
156,0
9710,0
40231,1
35517,0
42089,0
29174,0
26855,0
53939,0
43360,0
30498,0
44098,0
44112,0
20122,0
29867,0
13227,0
27802,0
39073,0
18244,0
48024,0
24914,0
47479,0
20796,0
52942,0
18962,0
45382,0
11920,0
50323,0
36836,1
52944,0
32952,0
41275,1
9825,1
14265,0
18351,0
28871,0
25760,0
20948,0
35720,0
19638,1
34951,0
25684,0
3864,0
1006,0
19203,0
6131,0
18902,0
28364,0
18361,0
21573,0
8754,0
2605,1
14879,0
37938,0
5493,0
35857,1
46869,0
18785,0
15074,0
42662,0
14355,0
46104,0
47709,0
42797,1
49869,0
22888,1
47546,0
3272,0
4968,0
27002,0
17240,0
23512,0
40788,0
42928,0
48726,0
35263,1
45038,0
47492,0
43364,0
42491,0
44011,0
8369,0
33780,0
24061,0
13554,0
20705,0
28131,0
51158,0
50291,0
19263,0
20568,0
21697,0
53386,0
47369,0
44687,0
42784,1
30284,0
32264,0
805,0
41367,0
12137,0
51419,0
21629,0
8729,0
9031,0
15818,0
38222,0
40675,0
2092,0
50642,0
48645,0
3170,1
49990,0
2162,0
19540,1
16730,0
37976,0
50213,0
46836,0
28243,0
5464,0
33567,0
39245,0
9756,0
48073,1
18949,0
22401,0
16403,0
44146,0
15265,0
46045,1
50655,0
10596,0
30398,0
31513,0
23773,0
48914,0
50252,0
7366,0
34973,0
25911,0
28789,0
5373,0
47768,0
14113,0
13528,0
3065,0
17168,0
3755,0
11327,0
24976,1
29652,0
48519,0
45307,0
44141,0
31474,0
3904,0
36272,0
30904,0
32270,1
16307,0
27861,1
2000,0
2950,0
29593,0
18541,0
38264,0
40537,0
27764,1
9344,0
24254,0
9817,0
46505,0
11939,0
10965,0
13127,0
9172,0
18078,0
26881,0
2039,0
10328,0
19355,0
25296,0
51477,0
31231,0
45496,1
24919,0
39575,0
22567,0
34294,0
3941,0
14366,0
20487,0
19688,0
9920,0
47228,0
51798,0
14139,0
52014,1
979,0
34714,0
30205,0
22637,0
17677,1
15542,1
3709,0
13649,0
34215,0
36575,0
16321,0
13791,0
27578,1
32997,1
44974,1
41391,0
13778,0
40801,0
30889,0
28719,1
33726,0
1233,0
26284,0
22872,0
27645,0
14023,1
1884,0
4746,0
770,0
23458,0
22408,0
17441,0
50689,0
17497,0
36740,0
35597,0
50477,0
53770,0
27056,0
34109,0
7472,0
10594,0
52147,0
17643,0
22056,0
27020,0
17624,1
27555,0
38765,0
51416,0
26103,0
2838,0
42645,0
15172,0
47041,1
18979,0
4491,1
38904,0
40548,1
4169,0
47072,0
48130,0
4092,0
52301,1
7031,0
40680,1
186,0
17138,0
18753,0
29001,0
21662,0
27884,0
7562,0
38316,0
43253,1
42983,0
18390,0
